Respondent_ID,IND01,IND02,IND03,IND04,IND05,IND06,IND07,IND08,IND09,IND10,IND11,IND12,IND13,IND14,IND15,IND16,IND17,IND18,IND19
IN_R001,100,75,0,100,100,100,100,100,0,0,0,100,50,100,100,100,100,75,0
IN_R002,100,50,0,0,100,100,75,100,0,0,0,0,25,100,100,100,0,75,100
IN_R003,100,50,0,75,100,100,100,100,0,0,0,100,25,100,100,100,25,75,100
IN_R004,25,0,0,50,100,0,100,100,0,0,0,75,25,25,0,100,100,0,100
IN_R005,75,25,0,50,100,100,100,100,0,0,0,50,25,25,0,100,75,0,0
IN_R006,75,0,0,50,100,100,50,100,0,100,100,100,50,25,100,100,75,100,100
IN_R007,75,75,0,50,100,0,25,100,0,0,0,75,0,25,100,100,25,75,0
IN_R009,100,25,0,100,100,0,100,100,0,0,100,100,25,25,100,0,100,100,100
IN_R010,100,100,0,100,100,100,0,100,0,0,100,100,25,100,100,100,0,100,100
IN_R011,75,75,0,100,100,100,25,100,100,0,0,75,25,100,0,0,25,75,100
IN_R012,75,75,0,75,100,100,0,100,0,0,0,75,25,100,100,100,25,75,0
IN_R013,75,100,0,75,100,100,25,0,0,0,100,75,25,100,100,100,25,100,100
IN_R014,75,25,0,75,100,100,25,0,100,100,100,75,50,100,0,100,0,75,100
IN_R015,75,75,0,100,100,100,100,0,100,100,100,100,50,100,100,100,100,100,0
IN_R016,100,100,0,100,100,100,100,100,100,100,100,100,50,100,100,100,0,100,0
IN_R017,50,50,0,75,100,100,100,100,100,100,100,50,50,25,0,0,75,25,100
IN_R018,100,0,100,50,100,100,100,100,100,100,100,100,50,50,0,100,0,0,100
IN_R019,75,100,0,75,100,100,100,100,0,0,0,75,50,100,0,0,25,75,100
IN_R020,100,100,0,75,100,100,0,100,0,0,0,75,25,100,100,100,0,75,0
IN_R022,100,75,0,75,100,100,25,100,100,100,100,75,100,100,100,100,0,100,0
IN_R023,100,100,0,75,100,100,0,0,0,0,0,75,0,100,100,100,0,25,100
IN_R024,100,50,0,75,100,100,50,0,0,100,100,75,25,25,0,100,25,75,100
IN_R025,100,50,100,75,100,100,100,100,100,100,0,75,25,100,100,100,75,50,100
IN_R026,100,75,0,75,100,100,100,0,0,100,100,75,25,100,100,100,25,75,0
IN_R027,100,75,0,75,100,100,100,100,100,0,0,75,25,100,100,100,25,50,100
IN_R028,100,75,0,50,100,100,100,100,100,100,100,75,50,100,100,0,0,25,100
IN_R029,75,50,0,50,100,100,50,0,0,100,0,75,50,50,0,100,25,75,0
IN_R030,75,50,0,75,100,100,50,100,100,0,0,75,50,100,100,0,25,50,0
IN_R031,75,75,0,75,100,100,50,100,100,0,0,75,25,100,0,100,25,50,100
IN_R032,100,100,0,100,100,100,0,100,0,100,100,75,50,100,100,100,0,100,100
IN_R033,50,50,0,75,100,100,25,0,100,100,100,75,50,100,100,100,50,75,0
IN_R034,75,25,0,50,100,100,50,100,0,0,100,75,25,100,0,0,25,25,100
IN_R035,0,100,0,50,100,100,50,0,0,100,100,75,25,25,0,0,75,100,100
IN_R036,100,100,0,100,100,100,100,100,100,0,100,75,25,50,0,100,100,100,100
IN_R037,100,0,0,75,100,100,100,100,0,100,100,75,0,100,100,0,100,0,100
IN_R038,100,0,0,0,100,100,100,0,0,100,100,75,25,25,0,100,25,0,100
IN_R039,75,75,100,75,100,100,25,100,100,100,100,75,25,100,100,100,25,75,100
IN_R040,100,100,0,75,100,100,75,100,100,100,100,50,50,100,100,100,100,75,100
IN_R041,75,50,0,50,75,100,50,100,0,0,0,50,50,100,100,100,25,75,100
IN_R043,100,100,0,100,100,100,75,100,100,100,0,100,75,100,100,100,75,100,100
IN_R044,25,25,0,75,100,100,50,100,0,0,0,75,25,50,100,100,75,100,100
IN_R045,75,50,100,100,100,100,75,100,100,100,100,100,50,100,100,100,50,50,100
IN_R046,100,75,0,50,100,100,0,100,0,0,0,50,25,50,100,100,25,50,100
IN_R047,100,100,0,100,100,100,100,100,100,100,100,100,25,100,100,100,100,100,100
IN_R048,75,75,0,75,75,100,50,100,0,100,0,75,25,50,0,0,0,75,0
IN_R049,75,25,0,75,100,100,100,100,100,100,100,75,25,50,100,100,25,25,100
IN_R050,75,50,0,100,100,100,25,100,0,100,100,100,75,100,100,100,25,50,100
IN_R052,100,100,0,100,75,100,50,100,0,0,0,75,25,100,100,100,25,100,0
IN_R053,100,100,0,100,100,100,100,0,0,100,0,100,50,0,100,100,25,75,100
IN_R054,75,75,0,75,75,100,100,100,0,100,100,25,50,0,100,100,25,25,100
IN_R056,75,0,100,75,75,100,100,100,100,100,0,75,25,100,100,100,25,25,100
IN_R057,75,50,0,75,75,100,50,100,0,100,0,75,50,100,100,100,25,75,100
IN_R058,100,25,0,75,75,100,75,100,100,100,100,25,50,0,100,100,25,50,100
IN_R059,25,0,0,75,100,100,75,0,0,100,100,100,75,100,0,0,25,25,100
IN_R060,75,50,0,50,50,100,0,0,0,0,0,75,25,100,0,0,75,25,100
IN_R061,100,75,0,75,100,100,75,100,0,0,0,75,50,0,0,100,100,25,0
IN_R062,100,100,0,75,100,100,25,0,0,100,0,100,25,100,100,100,100,100,0
IN_R063,75,75,0,75,75,100,50,0,0,100,0,75,0,50,0,0,75,75,0
IN_R064,100,0,0,50,100,100,75,100,100,100,0,75,25,100,100,100,25,0,100
IN_R065,50,50,0,75,75,100,25,100,0,0,0,75,50,100,100,100,25,50,0
IN_R066,25,100,0,100,100,100,25,100,0,0,0,25,25,100,100,100,25,75,0
IN_R067,100,100,0,75,100,100,25,0,0,0,100,100,25,100,100,100,25,100,0
IN_R068,75,75,0,75,100,100,75,100,100,0,0,100,25,100,100,100,75,25,100
IN_R069,100,0,0,50,100,100,0,100,100,0,0,100,0,25,100,100,100,0,100
IN_R070,75,100,0,100,100,100,75,0,0,0,0,25,25,100,100,100,75,100,100
IN_R071,100,50,100,75,100,100,100,0,0,100,100,100,0,25,100,100,100,25,100
IN_R073,100,75,0,75,100,100,100,100,100,100,100,75,25,25,100,100,100,75,100
IN_R074,100,25,0,25,75,100,100,100,0,100,100,75,50,25,100,100,100,75,100
IN_R076,100,50,100,100,100,100,100,100,100,100,100,100,25,25,100,100,100,50,100
IN_R077,100,100,0,100,100,100,100,100,100,0,100,100,50,25,100,100,0,100,0
IN_R078,100,100,0,100,100,100,100,100,0,0,100,75,25,50,0,0,0,25,100
IN_R079,75,50,0,75,100,100,50,0,0,100,0,50,25,25,0,100,0,75,0
IN_R080,100,75,0,100,100,100,25,0,0,0,0,100,50,100,100,100,0,100,100
IN_R081,100,25,0,75,75,100,100,100,0,100,100,100,50,100,100,100,0,50,100
IN_R082,50,75,0,75,75,100,25,0,100,100,100,75,50,100,0,0,25,75,100
IN_R083,100,25,0,75,25,100,100,100,100,0,100,25,25,50,0,0,100,75,0
IN_R084,100,100,0,100,100,100,100,100,0,100,100,100,75,100,100,100,100,100,0
IN_R085,50,0,0,75,75,100,50,100,100,0,0,50,100,25,0,0,100,25,100
IN_R086,100,50,0,75,75,100,100,0,100,0,0,25,50,25,0,100,25,75,100
IN_R087,100,100,0,75,100,100,75,100,0,0,0,100,25,25,100,100,100,25,100
IN_R088,0,0,0,0,100,100,0,0,0,0,0,25,25,25,100,100,0,0,100
IN_R089,50,50,0,50,50,100,50,100,0,0,0,50,50,25,0,100,50,50,0
IN_R090,75,75,0,50,100,100,75,0,0,0,0,75,0,25,100,100,25,100,100
IN_R091,75,50,0,75,100,100,50,100,100,0,100,75,75,100,100,100,25,75,100
IN_R092,75,25,0,75,25,100,25,100,0,0,100,25,50,0,0,100,25,25,100
IN_R093,75,50,0,75,75,100,50,100,100,0,100,75,100,100,100,100,25,100,100
IN_R094,75,25,0,75,75,100,50,100,0,0,0,25,25,50,0,100,25,25,0
IN_R095,50,50,0,50,50,100,50,0,0,100,0,50,25,100,100,0,50,50,0
IN_R096,100,75,100,50,100,100,100,100,100,100,100,100,50,100,100,100,50,100,100
IN_R097,100,75,0,50,75,100,25,0,100,0,0,75,50,100,100,100,50,75,0
IN_R098,75,50,0,50,100,100,25,100,100,100,0,75,50,100,100,100,50,50,100
IN_R099,75,50,0,50,100,100,75,100,100,100,100,75,75,100,100,100,50,100,100
IN_R100,100,25,0,50,100,100,25,100,100,100,100,100,25,100,100,0,50,0,100
IN_R101,100,0,0,50,100,100,100,100,0,0,0,100,25,100,100,100,50,75,0
IN_R102,100,0,0,50,100,100,100,0,0,100,0,100,25,100,100,100,50,100,0
IN_R103,100,100,0,100,100,100,50,100,0,0,100,100,75,100,0,100,50,75,100
IN_R104,100,25,0,50,25,100,75,100,0,100,100,75,75,100,100,100,50,25,100
IN_R105,75,50,100,75,100,100,75,100,100,100,100,100,25,100,100,100,50,100,100
IN_R106,100,50,0,100,100,100,100,100,100,100,100,100,100,100,100,100,100,25,100
IN_R107,100,0,0,100,75,100,75,100,100,100,100,100,50,100,0,100,100,75,100
IN_R108,100,75,100,75,100,100,100,100,100,100,100,100,25,100,100,100,75,100,100
IN_R109,75,50,0,75,75,100,50,0,0,100,100,50,25,25,100,100,25,75,0
IN_R110,50,25,0,50,50,100,50,100,100,0,100,25,25,50,100,100,25,25,0
IN_R111,100,75,0,75,75,100,75,100,0,0,100,75,25,50,0,0,100,25,100
IN_R112,50,0,100,0,25,100,100,100,100,100,100,50,50,50,100,100,0,25,100
IN_R114,100,50,0,75,50,100,50,0,0,100,100,50,25,25,0,100,25,75,100
IN_R115,100,25,0,75,75,100,75,100,0,100,100,75,50,50,100,100,0,0,100
IN_R116,100,100,0,100,100,100,100,100,0,0,0,100,25,100,100,100,100,100,0
IN_R117,100,0,0,75,100,100,100,100,0,100,100,75,75,100,100,100,25,75,0
IN_R118,100,100,0,100,100,100,75,100,100,100,100,100,100,100,100,100,0,100,100
IN_R119,75,50,0,75,100,100,75,100,0,100,0,100,25,100,100,100,25,25,0
IN_R121,75,100,0,100,0,100,0,0,0,0,0,100,25,50,100,100,75,100,100
IN_R122,50,75,0,75,75,100,25,0,0,0,0,75,25,100,100,100,25,75,100
IN_R123,100,100,0,100,100,100,100,100,100,0,0,100,50,100,100,100,100,75,100
IN_R124,100,75,0,100,100,100,0,100,100,100,100,100,75,0,100,100,100,0,100
IN_R125,100,0,0,75,100,100,100,100,0,100,0,75,50,100,100,100,100,50,100
IN_R126,100,100,0,100,100,100,100,100,100,100,100,100,25,100,100,100,100,100,100
IN_R127,100,0,0,0,0,100,0,0,0,0,100,75,0,0,100,100,100,75,0
IN_R128,50,100,0,100,100,100,75,0,0,100,0,100,0,100,100,100,100,100,0
IN_R129,100,50,0,100,100,100,100,100,100,100,0,75,50,100,100,100,100,100,0
IN_R130,75,75,0,75,75,100,25,100,100,100,100,75,50,100,100,100,100,75,100
IN_R131,100,100,0,100,100,100,100,100,100,100,100,100,50,100,100,100,100,75,100
IN_R132,50,75,0,75,50,100,25,0,0,100,0,50,25,0,0,100,100,75,0
IN_R133,100,25,0,25,50,0,25,100,0,100,0,50,25,100,100,100,75,50,100
IN_R134,75,75,0,75,100,100,75,100,0,0,0,75,75,100,100,100,50,50,0
IN_R135,75,75,0,75,100,100,75,100,0,0,0,75,75,100,100,100,50,50,0
IN_R136,75,50,0,50,75,100,50,100,0,100,100,75,25,100,100,100,25,25,100
IN_R137,100,75,0,50,75,100,25,100,0,0,0,75,75,25,100,100,50,75,0
IN_R138,0,75,0,75,100,100,100,100,0,0,100,100,25,100,100,100,100,100,0
IN_R139,25,0,0,100,100,100,100,0,0,0,100,100,25,100,100,100,100,0,0
IN_R140,50,75,0,100,75,100,75,0,0,100,0,100,25,100,100,100,0,75,100
IN_R141,100,75,0,100,75,100,100,100,0,100,0,100,50,100,100,100,100,75,100
IN_R142,75,50,0,75,50,100,25,100,0,0,0,50,25,0,100,100,50,50,0
IN_R143,75,50,0,50,100,100,50,100,0,100,100,50,0,50,100,0,25,25,100
IN_R144,75,100,0,100,50,100,50,0,0,100,0,75,25,100,100,100,25,75,0
IN_R145,50,100,0,50,75,100,25,100,0,0,0,100,25,100,100,100,50,75,0
IN_R146,50,0,0,75,100,100,50,100,100,100,100,75,50,100,100,100,100,75,100
IN_R147,100,0,0,75,100,100,100,100,100,100,100,100,50,100,100,100,25,25,100
IN_R148,100,100,100,75,75,100,100,100,100,100,100,75,50,100,100,100,75,75,100
IN_R149,50,25,0,75,75,100,100,100,0,0,0,50,0,50,100,100,25,25,100
IN_R150,100,100,0,100,100,100,0,0,100,0,0,100,25,100,100,100,0,100,0
IN_R151,100,75,0,50,75,100,50,100,100,0,100,100,50,100,100,100,25,100,0
IN_R152,100,25,100,75,100,100,75,100,100,100,100,100,100,100,100,100,75,25,100
IN_R153,75,100,0,75,75,100,75,100,0,0,0,75,25,100,100,0,25,75,0
IN_R154,100,50,0,75,100,100,75,100,0,0,0,25,25,50,100,100,0,0,100
IN_R155,75,25,0,75,50,100,100,0,100,0,100,25,50,50,100,0,25,0,0
IN_R156,100,0,100,100,100,100,50,100,100,100,100,100,25,100,100,100,100,0,100
IN_R157,100,100,0,100,100,100,25,100,100,100,0,100,25,100,100,100,100,75,0
IN_R158,100,25,0,25,75,100,25,100,0,100,100,75,25,100,100,100,25,75,100
IN_R159,75,25,0,100,100,100,75,100,0,100,100,75,25,100,100,100,25,25,100
IN_R160,100,25,0,25,100,100,75,100,0,100,100,75,25,0,0,0,75,25,100
IN_R161,100,75,0,100,100,100,0,100,100,100,100,100,75,0,100,100,100,0,100
IN_R162,100,25,0,100,100,100,75,100,100,0,0,100,25,100,100,100,75,75,0
IN_R163,100,75,0,100,100,100,100,100,100,100,100,100,100,100,100,100,75,75,0
IN_R164,75,25,0,75,25,100,100,100,0,0,100,100,50,100,100,0,100,75,0
IN_R165,100,75,0,75,100,100,50,100,0,0,0,75,25,100,100,100,0,75,100
IN_R166,100,25,0,75,75,100,75,100,0,0,100,75,50,25,100,100,75,25,0
IN_R167,100,75,0,100,100,100,25,100,100,0,100,100,25,100,100,100,0,75,0
IN_R168,100,50,0,75,100,100,100,100,100,0,100,25,50,0,0,100,0,100,0
IN_R169,100,100,100,100,100,100,0,100,100,100,100,100,75,100,100,100,0,100,100
IN_R170,100,50,0,50,100,100,100,100,0,100,100,75,75,100,100,100,50,0,100
IN_R171,100,50,0,100,100,100,25,100,0,0,0,100,25,100,100,100,25,50,0
IN_R172,100,50,0,100,100,100,50,0,0,0,0,100,50,100,0,100,25,75,100
IN_R173,75,75,0,75,75,100,25,100,0,0,0,75,25,100,100,100,25,75,0
IN_R174,75,50,0,75,75,100,50,100,0,0,0,100,25,100,100,100,25,50,100
IN_R175,75,75,0,75,75,100,25,100,100,100,100,75,25,50,100,100,25,75,100
IN_R176,50,75,0,75,75,100,25,0,0,100,100,75,25,100,100,100,25,75,0
IN_R177,100,100,0,75,100,100,100,100,100,100,0,100,25,50,100,100,100,100,0
IN_R178,100,25,0,75,100,100,100,100,0,100,0,100,50,100,100,100,50,25,100
IN_R179,100,100,0,50,100,100,75,100,0,0,0,75,50,100,100,100,25,100,0
IN_R180,100,75,0,100,100,100,75,100,100,0,100,50,25,100,100,100,100,25,0
IN_R181,100,75,0,75,100,100,75,0,0,0,0,100,25,100,100,100,0,50,100
IN_R182,100,25,0,75,75,100,50,100,100,100,100,75,50,100,100,100,25,50,100
IN_R183,75,25,0,75,25,100,75,100,100,0,0,75,25,100,100,100,75,75,100
IN_R184,100,75,100,100,100,100,75,100,100,100,100,100,25,100,100,100,100,75,100
IN_R185,100,0,0,100,75,100,75,100,100,0,0,75,25,100,100,100,75,25,100
IN_R186,100,75,0,100,100,100,75,100,100,100,100,100,25,100,100,100,100,75,100
IN_R187,100,100,100,75,100,100,25,100,0,100,100,100,50,100,100,100,0,75,0
IN_R188,75,0,0,75,75,100,25,0,100,100,100,100,25,50,100,100,25,25,100
IN_R189,100,50,100,100,0,100,100,100,100,100,100,0,75,100,100,100,0,100,100
IN_R190,100,25,0,25,75,100,75,100,100,100,100,50,0,0,100,100,100,50,100
IN_R191,75,25,0,75,75,100,75,0,0,0,100,75,0,0,100,100,25,75,0
IN_R192,100,0,0,75,0,100,100,100,0,100,100,100,25,50,0,100,0,0,100
IN_R193,100,100,0,100,100,100,100,100,100,100,100,75,25,25,100,100,25,0,100
IN_R194,100,100,0,100,100,100,100,0,0,0,0,100,25,100,100,100,75,100,100
IN_R195,100,50,0,50,100,100,100,100,100,100,100,100,50,100,0,0,100,0,100
IN_R196,100,50,0,50,100,100,50,100,100,100,0,100,75,100,100,100,75,25,100
IN_R197,100,100,0,100,100,100,100,100,100,100,100,100,50,100,0,0,75,100,100
IN_R198,100,50,0,50,75,100,50,100,0,0,0,100,25,50,100,100,100,75,100
IN_R199,100,75,100,100,100,100,100,100,100,0,100,100,50,100,100,100,100,100,100
IN_R200,100,50,0,50,75,100,50,100,0,100,100,100,0,0,0,0,25,0,0
IN_R201,100,100,0,100,100,100,75,100,100,100,0,100,50,100,0,100,75,25,0
IN_R202,100,75,0,100,100,100,25,0,0,0,100,100,50,100,100,100,25,50,0
IN_R203,100,100,0,25,100,100,75,100,0,100,100,25,25,50,100,100,25,75,0
IN_R204,100,100,0,100,50,100,50,100,100,100,100,75,75,100,100,100,25,0,100
IN_R205,100,100,100,100,100,100,50,100,100,100,100,100,25,100,100,100,100,75,100
IN_R206,100,100,100,100,75,100,100,100,100,100,100,100,75,100,100,100,100,75,100
IN_R207,100,25,0,100,100,100,50,100,0,0,100,75,25,25,100,100,0,0,100
IN_R208,75,75,0,75,75,100,0,0,100,0,0,75,50,50,100,100,0,75,0
IN_R209,75,100,0,50,75,100,100,100,100,0,0,75,25,100,0,0,0,0,100
IN_R210,100,50,0,75,75,100,75,100,100,100,0,100,25,100,100,100,25,100,100
IN_R211,75,100,0,75,50,100,100,0,0,0,100,100,0,0,100,100,100,50,100
IN_R212,100,25,0,75,100,100,100,0,100,100,0,100,25,100,100,100,0,100,100
IN_R213,75,50,100,100,100,100,100,0,100,100,100,100,0,50,100,100,100,25,100
IN_R214,100,50,0,100,100,100,75,100,0,100,0,100,75,100,100,100,100,75,100
IN_R215,25,75,0,100,100,100,75,0,0,100,0,50,25,100,100,100,75,50,100
IN_R216,75,100,100,100,100,100,100,100,100,100,100,100,75,100,100,100,100,100,100
IN_R217,100,75,100,100,100,100,100,100,0,100,100,100,50,100,100,100,100,100,0
IN_R218,100,100,0,100,100,100,25,100,0,100,0,100,50,50,100,100,75,75,0
IN_R219,100,100,0,100,100,100,50,0,0,0,100,25,25,100,100,100,0,0,0
IN_R220,100,25,100,100,100,100,100,100,100,100,100,100,50,100,100,100,100,75,100
IN_R221,100,100,100,100,100,100,100,100,100,100,100,100,75,100,100,100,100,100,100
IN_R222,50,50,0,50,50,100,50,0,0,100,100,50,0,25,0,0,50,50,100
IN_R223,50,50,0,75,100,100,25,100,0,100,0,75,25,100,0,100,100,75,0
IN_R224,100,100,0,100,100,100,75,100,100,100,100,100,75,100,100,100,75,100,100
IN_R225,100,25,0,75,100,100,100,100,0,100,0,100,50,100,100,100,50,25,100
IN_R226,100,75,0,75,75,0,50,100,0,0,0,75,25,50,0,100,0,100,0
IN_R227,100,100,0,75,100,100,25,100,100,100,0,75,50,100,100,100,0,100,0
IN_R228,100,0,0,75,100,100,75,100,100,100,0,100,50,100,100,100,0,0,100
IN_R229,100,25,0,100,100,100,100,100,100,100,100,100,25,100,100,100,100,75,100
IN_R230,100,75,100,100,100,100,75,100,100,100,100,100,50,100,100,100,100,75,0
IN_R231,50,50,0,50,25,0,0,0,0,0,100,25,25,100,0,100,75,25,0
IN_R232,100,100,0,100,100,100,100,100,100,100,100,100,75,100,100,100,100,100,100
IN_R233,100,50,100,75,75,0,75,100,100,100,100,75,75,100,100,100,100,50,100
IN_R234,100,25,0,75,100,100,100,100,100,100,0,75,0,100,100,100,75,25,0
IN_R235,75,25,0,25,75,100,25,100,0,100,0,25,50,100,0,100,25,75,0
IN_R236,75,75,0,75,75,100,100,100,0,0,0,75,50,100,100,100,50,75,0
IN_R237,100,50,0,100,100,100,25,100,0,100,0,100,50,100,100,100,100,75,100
IN_R238,100,75,100,75,100,100,100,100,100,100,100,100,25,100,100,100,100,75,100
IN_R239,75,25,0,50,50,100,50,0,0,0,0,25,0,50,0,0,25,0,100
IN_R240,25,75,0,100,100,100,50,0,0,100,0,75,25,100,100,100,75,75,0
IN_R241,100,25,0,75,100,100,75,100,100,100,100,100,25,100,100,100,25,25,100
IN_R242,75,100,0,50,50,100,50,100,0,100,100,50,25,50,100,100,25,100,0
IN_R243,75,25,0,75,50,100,25,0,0,100,100,75,25,50,0,100,75,25,0
IN_R244,100,75,100,100,100,100,100,100,100,100,100,100,25,50,100,100,100,75,100
IN_R245,100,100,100,0,50,100,50,100,0,0,100,0,25,100,0,100,0,25,100
IN_R246,100,100,0,75,100,100,75,100,0,100,100,75,25,100,100,100,75,100,100
IN_R247,100,75,100,100,100,100,50,100,100,100,0,100,25,100,0,100,50,100,0
IN_R248,100,100,100,100,100,100,100,100,100,0,100,75,25,100,100,100,100,100,100
IN_R249,100,100,0,50,100,100,0,0,0,100,0,50,25,25,100,100,0,50,0
IN_R250,100,25,100,100,100,100,100,100,100,100,100,100,25,100,100,100,100,75,100
IN_R251,75,75,0,75,75,100,25,0,100,0,0,75,25,100,100,100,25,75,0
IN_R252,100,100,100,100,100,100,100,100,100,100,100,100,25,100,100,100,100,100,100
IN_R253,0,0,0,75,100,100,25,0,0,0,0,0,25,25,100,0,75,0,100
IN_R254,100,100,0,75,100,100,100,100,0,0,0,100,25,100,100,100,75,0,0
IN_R255,100,0,0,25,100,100,75,100,100,100,100,100,25,0,100,100,100,25,100
IN_R256,75,25,0,50,75,100,50,100,0,0,0,75,25,0,100,100,25,25,100
IN_R257,75,75,0,50,75,100,25,0,0,0,100,75,25,0,100,0,50,75,100
IN_R258,100,100,0,100,0,100,100,100,0,0,0,100,25,50,100,0,100,50,0
IN_R259,100,100,0,100,100,100,0,0,100,100,100,100,25,100,100,100,0,100,100
IN_R261,100,100,0,100,100,100,0,100,0,0,0,100,25,100,100,0,75,100,0
IN_R262,100,100,0,100,100,100,0,100,0,0,0,100,25,100,0,0,75,100,0
IN_R263,50,0,0,50,50,100,25,100,0,0,0,25,25,50,0,0,0,25,0
IN_R264,75,25,0,75,75,100,75,100,0,0,0,75,25,100,0,100,25,25,0
IN_R265,75,75,0,75,75,100,25,100,0,0,0,75,25,50,100,100,25,75,0
IN_R266,75,75,0,75,75,100,25,100,0,0,0,50,25,100,100,100,25,75,0
IN_R267,75,75,0,75,50,100,25,0,0,0,100,75,25,100,0,100,50,50,0
IN_R268,100,25,0,75,100,100,25,100,0,100,0,75,25,100,100,100,0,25,0
IN_R269,100,50,0,25,100,100,75,100,0,100,0,100,25,100,100,100,75,50,0
IN_R270,100,0,100,75,100,100,100,100,100,100,100,100,25,100,100,100,75,25,100
IN_R271,100,75,0,75,100,100,50,0,0,0,100,50,25,50,0,100,50,50,100
IN_R272,100,75,0,100,100,100,25,100,100,100,100,100,25,100,0,100,25,100,0
IN_R273,100,25,100,25,100,100,100,100,100,100,100,100,25,100,100,100,25,0,100
IN_R274,50,50,0,100,100,100,100,100,100,100,0,100,25,100,0,100,100,100,100
IN_R275,25,0,0,75,100,100,100,0,0,100,100,75,25,100,100,100,100,25,100
IN_R276,50,50,0,75,50,100,50,0,100,0,100,50,25,25,0,0,50,75,100
IN_R277,100,0,0,75,50,100,100,0,0,100,100,100,25,0,100,100,75,0,100
IN_R278,75,75,0,75,100,100,50,100,0,0,0,75,25,100,100,100,50,50,0
IN_R279,75,0,0,75,100,100,50,100,0,100,100,100,25,50,100,100,75,100,100
IN_R280,100,100,0,100,100,100,100,100,100,0,100,100,25,50,100,100,100,0,100
IN_R281,100,100,0,100,100,100,0,0,100,0,0,100,25,100,0,100,0,100,100
IN_R282,100,75,0,100,50,100,100,100,100,100,0,50,25,100,100,100,100,100,100
IN_R283,100,100,0,100,100,100,0,0,0,100,100,100,25,100,100,100,0,100,100
IN_R284,100,100,100,100,50,100,100,100,100,0,100,75,25,100,100,100,0,100,0
IN_R285,100,75,0,100,100,100,75,100,0,0,0,100,25,100,100,100,75,100,0
IN_R287,100,75,0,75,100,100,50,100,100,100,100,75,25,100,100,100,75,75,0
IN_R288,100,75,0,100,100,100,100,100,100,100,100,100,25,100,100,100,100,75,100
IN_R289,100,100,0,100,100,100,0,0,0,100,0,100,25,100,0,100,0,100,0
IN_R290,50,50,0,50,50,100,50,100,100,0,0,50,25,100,100,100,50,50,0
IN_R291,100,75,0,100,100,100,50,0,0,0,100,100,25,100,100,100,50,100,100
IN_R293,100,75,0,100,75,100,50,100,0,0,100,75,25,100,100,100,75,0,0
IN_R294,75,75,0,100,50,100,50,100,0,100,100,100,25,100,100,100,25,75,100
IN_R295,100,100,0,100,100,100,50,0,0,0,0,100,25,0,0,0,0,0,100
IN_R296,100,100,0,100,100,100,50,0,100,100,0,100,25,100,100,100,75,100,0
IN_R297,50,50,0,50,75,100,75,0,100,100,0,75,25,50,0,0,25,25,0
IN_R298,100,50,0,75,75,100,75,0,100,100,0,100,25,100,100,100,75,25,0
IN_R299,100,100,0,100,75,100,0,0,100,100,0,75,25,100,100,100,0,100,0
IN_R301,75,50,0,75,75,100,25,100,0,0,100,50,25,100,100,100,0,100,0
IN_R302,25,75,0,75,75,100,0,0,100,0,0,0,25,100,100,100,50,25,100
IN_R303,100,75,0,75,50,100,75,100,100,100,100,100,25,100,100,100,100,50,100
IN_R304,75,75,0,100,100,0,0,100,0,0,100,100,25,25,100,100,0,100,100
IN_R305,50,100,0,100,100,100,50,100,0,100,100,100,25,100,100,100,75,25,0
IN_R306,50,25,0,50,75,100,50,0,0,100,0,75,25,100,100,100,25,25,0
IN_R307,75,75,0,75,75,100,50,0,0,100,0,75,25,100,0,100,25,75,0
IN_R308,100,0,0,50,75,100,75,100,0,100,100,100,25,0,100,100,25,0,100
IN_R309,75,75,0,75,75,100,25,100,0,0,0,75,25,0,100,100,25,75,0
IN_R310,25,100,0,100,100,100,50,100,0,100,0,100,25,50,100,100,0,100,100
IN_R311,100,50,0,75,100,100,75,100,0,100,100,100,25,100,100,100,25,100,100
IN_R312,50,50,0,50,50,0,50,0,0,0,0,50,25,100,0,100,50,50,100
IN_R313,75,0,0,25,75,100,50,0,0,100,0,75,25,50,0,100,100,0,100
IN_R314,75,75,0,100,100,100,75,100,0,0,0,75,25,100,100,100,25,100,0
IN_R315,100,0,0,75,100,100,50,100,0,0,0,100,25,50,0,100,75,25,100
IN_R316,100,100,0,100,100,100,100,100,0,0,0,100,25,100,100,100,100,0,0
IN_R317,100,0,0,75,50,100,50,100,0,100,0,25,25,50,0,100,100,0,100
IN_R318,50,100,0,100,50,100,25,100,0,0,0,100,25,100,0,0,50,75,0
IN_R319,75,0,0,100,100,100,100,100,0,100,0,75,25,0,0,100,25,50,100
IN_R320,75,100,0,100,100,100,75,0,0,0,100,75,25,100,100,100,50,25,0
IN_R321,75,75,0,50,75,100,50,100,0,0,0,50,25,100,100,100,25,75,0
IN_R322,50,25,0,75,75,100,50,100,0,0,0,75,25,50,100,100,75,25,0
IN_R323,100,0,0,75,50,100,50,100,0,0,0,25,25,50,0,100,100,0,0
IN_R324,25,75,0,75,75,100,75,100,0,0,0,75,25,100,100,100,25,75,0
IN_R325,100,50,0,75,50,100,75,100,0,0,0,100,25,50,100,100,0,25,0
IN_R326,100,100,0,100,100,100,0,100,0,0,0,100,25,100,100,100,0,100,0
IN_R327,75,50,0,100,100,100,50,100,0,0,0,100,25,100,100,100,25,50,0
IN_R328,100,100,0,100,100,0,0,100,0,0,0,100,25,100,100,100,0,100,0
IN_R329,50,25,0,75,100,0,50,100,0,0,0,25,25,50,0,0,100,0,0
IN_R330,100,25,0,50,100,100,100,100,0,0,0,100,25,100,100,100,100,100,0
IN_R331,100,75,0,75,75,100,50,100,0,0,0,75,25,25,100,100,25,75,0
IN_R332,100,100,0,100,75,100,0,100,0,0,0,50,25,100,0,100,0,75,0
IN_R333,100,100,0,50,100,100,100,100,0,0,0,100,25,100,100,100,0,50,0
IN_R334,100,75,0,100,100,100,100,100,0,0,0,100,25,100,100,100,75,100,0
IN_R335,100,75,0,100,50,100,25,100,0,0,0,25,25,50,0,100,0,75,0
IN_R336,75,25,0,50,25,100,75,100,0,0,0,50,25,100,0,0,50,100,0
IN_R337,100,0,0,25,25,100,100,100,0,0,0,25,0,25,0,100,50,0,0
IN_R338,75,75,0,100,100,100,0,100,0,0,0,100,100,100,100,100,0,100,0
IN_R339,75,75,0,50,75,0,25,100,0,0,0,75,0,25,0,0,50,75,0
IN_R340,75,75,0,75,100,100,75,100,0,0,0,100,25,100,100,100,100,25,0
IN_R341,100,75,0,75,100,100,75,100,0,0,0,75,0,0,100,100,25,25,0
IN_R342,100,75,0,100,100,100,0,100,0,0,0,100,50,100,100,100,0,100,0
IN_R343,50,75,0,75,75,100,50,100,0,0,0,75,25,100,100,100,25,25,0
IN_R344,25,75,0,75,75,100,0,100,0,0,0,75,50,100,0,100,50,25,0
IN_R345,100,75,0,75,100,100,75,0,0,0,100,100,50,100,100,100,0,25,100
IN_R346,75,75,0,100,75,100,25,100,0,0,0,75,75,100,100,100,25,100,0
IN_R347,100,100,0,100,100,100,25,0,0,0,0,75,0,50,0,100,50,75,100
IN_R348,100,50,100,75,100,100,75,100,100,100,100,100,50,100,100,100,75,75,100
IN_R349,75,25,0,75,100,100,75,100,0,100,100,25,25,50,100,100,75,0,0
IN_R350,75,75,0,75,75,100,25,100,100,0,0,75,25,50,0,100,25,75,100
IN_R351,100,100,0,75,75,100,0,0,0,0,100,75,25,100,100,100,25,75,0
IN_R352,100,100,0,100,100,100,25,0,0,0,100,75,25,50,100,100,0,75,0
IN_R353,75,75,0,75,75,100,25,0,0,100,0,75,25,100,100,100,25,75,0
IN_R354,100,0,0,100,100,100,100,100,100,100,100,100,50,100,0,100,25,100,100
IN_R355,100,25,0,75,100,100,100,100,0,0,0,100,50,25,0,100,75,100,0
IN_R356,75,25,0,75,75,100,75,100,0,0,0,100,0,100,0,100,100,100,100
IN_R357,50,50,0,50,50,100,50,0,0,0,100,50,25,25,0,100,50,100,0
IN_R358,50,50,0,75,25,100,75,0,0,100,0,50,25,25,100,100,50,100,0
IN_R359,50,50,100,100,100,100,100,100,100,100,100,100,50,100,100,100,25,100,100
IN_R360,50,50,100,100,100,100,0,100,0,0,0,100,50,100,100,100,0,100,0
IN_R361,50,50,100,100,100,100,0,100,0,0,0,100,50,100,100,100,0,100,0
IN_R362,50,50,0,50,100,100,25,0,0,100,0,75,25,50,0,100,25,100,100
IN_R363,50,50,100,75,100,100,75,100,100,100,100,100,25,50,0,0,100,100,100
IN_R364,50,50,100,100,100,100,25,100,0,0,0,100,25,100,100,100,100,100,100
IN_R365,50,100,0,100,100,100,0,0,0,100,0,100,50,0,0,100,0,100,100
IN_R366,50,100,0,50,50,100,100,0,0,100,100,100,0,25,0,0,0,50,0
IN_R367,50,100,0,100,100,100,0,100,0,100,100,100,50,100,0,100,25,100,0
IN_R368,50,50,0,75,100,100,75,0,0,100,100,75,0,100,100,100,75,50,100
IN_R369,50,100,0,0,100,100,50,100,0,0,0,50,25,100,0,0,25,25,0
IN_R371,50,0,0,100,100,100,75,100,0,100,100,75,25,100,0,100,25,75,100
IN_R372,50,0,0,75,100,100,50,100,100,0,100,75,50,100,100,100,75,25,100
IN_R373,50,0,0,100,75,100,25,0,0,100,0,75,25,50,100,100,0,75,0
IN_R374,50,25,100,75,100,100,75,0,0,0,100,75,100,100,0,100,75,0,0
IN_R375,50,100,0,100,100,100,50,0,0,0,100,100,25,100,100,100,100,100,100
IN_R376,50,75,0,75,75,100,25,0,0,100,100,75,25,100,100,100,25,75,0
IN_R377,50,25,0,25,100,100,100,100,0,0,0,25,50,100,100,100,100,25,0
IN_R378,50,75,0,75,100,100,75,100,100,100,100,50,75,100,100,100,75,75,100
IN_R379,50,100,0,50,100,100,0,100,0,0,0,100,50,100,100,100,25,100,100
IN_R380,50,100,0,100,100,100,0,100,100,0,100,100,75,100,100,100,25,100,0
IN_R381,50,100,100,100,100,100,25,100,100,100,100,100,50,100,100,100,75,75,100
IN_R382,50,75,0,75,75,100,75,100,0,0,0,25,25,0,0,100,25,25,0
IN_R383,50,50,0,75,25,100,50,0,0,100,0,75,0,50,0,0,25,25,0
IN_R384,100,75,0,100,100,100,75,100,0,100,100,50,25,50,100,100,0,25,0
IN_R385,100,75,0,75,100,100,25,100,0,100,0,100,50,100,100,100,0,100,0
IN_R386,100,75,100,75,100,100,25,100,0,100,100,75,75,100,100,100,25,100,100
IN_R387,75,75,0,75,75,100,75,100,0,0,0,75,25,100,100,100,25,75,100
IN_R388,50,0,0,100,100,100,100,100,100,100,100,75,50,100,100,100,75,75,100
IN_R389,100,25,0,75,75,100,75,100,0,0,100,75,25,100,100,100,0,25,100
IN_R390,100,75,0,100,75,100,100,100,100,0,0,75,25,25,100,100,100,75,100
IN_R391,50,50,0,50,50,100,50,0,0,100,0,50,25,100,100,100,50,50,0
IN_R392,100,75,0,75,50,100,0,100,0,0,0,75,75,100,100,100,100,75,0
IN_R393,75,25,0,50,25,100,25,100,0,100,0,25,50,50,0,100,25,25,0
IN_R394,75,75,0,100,75,100,25,0,0,0,100,75,50,100,100,100,0,75,100
IN_R395,100,50,0,75,100,100,50,100,0,0,0,0,25,100,100,100,0,100,0
IN_R396,50,50,0,75,50,100,50,0,0,0,100,50,25,100,100,100,25,50,0
IN_R397,100,75,0,100,100,100,50,100,0,100,100,75,50,50,100,100,25,100,0
IN_R398,75,75,0,50,75,100,75,0,0,100,0,75,25,100,0,0,25,75,100
IN_R399,75,100,0,75,100,100,100,100,100,0,0,25,50,100,100,100,100,100,100
IN_R400,75,50,0,75,75,100,25,100,100,100,100,75,75,100,100,100,25,75,0
IN_R401,100,100,0,100,100,100,75,0,0,100,100,100,25,100,100,100,75,100,0
IN_R402,100,75,0,75,75,100,75,100,0,100,100,25,25,50,100,100,25,50,100
IN_R403,100,50,0,75,100,100,0,0,100,0,0,75,25,100,100,100,50,100,0
IN_R404,75,25,0,75,75,100,25,0,0,0,100,75,0,0,100,0,25,25,100
IN_R405,50,25,0,75,50,100,50,0,0,100,100,50,0,0,0,0,0,75,0
IN_R406,25,25,0,50,100,100,50,100,0,0,0,0,50,100,0,0,100,0,100
IN_R407,75,75,0,75,75,100,25,0,0,0,100,75,50,100,100,0,25,100,100
IN_R408,75,50,0,25,50,100,50,100,100,0,0,50,25,0,100,0,25,75,0
IN_R409,75,25,0,75,100,100,100,100,100,100,0,75,75,100,100,0,75,75,100
IN_R410,75,100,0,100,100,100,100,100,0,0,0,50,50,100,0,0,100,100,0
IN_R411,75,100,0,75,100,100,75,100,0,0,0,75,25,100,100,0,100,75,100
IN_R412,75,75,100,100,0,100,100,100,100,100,100,100,75,100,100,0,100,100,100
IN_R413,75,50,0,75,50,100,50,0,0,100,0,75,25,100,0,100,50,75,0
IN_R414,75,75,0,75,75,100,50,100,0,0,0,75,50,100,100,100,100,75,0
IN_R416,100,100,0,100,100,100,0,0,0,0,0,100,25,0,0,100,0,100,100
IN_R417,75,0,0,75,75,100,75,100,0,0,0,75,25,0,0,0,0,25,0
IN_R418,75,50,0,100,75,100,25,100,0,0,0,75,25,100,0,100,0,25,100
IN_R419,50,50,0,50,50,0,50,0,0,0,0,50,25,0,0,0,50,50,100
IN_R420,100,75,0,75,100,100,100,100,100,100,100,100,75,100,100,100,100,100,100
IN_R421,75,75,0,75,75,100,25,100,0,100,100,75,75,100,100,100,25,75,0
IN_R422,100,25,100,25,100,100,75,100,100,100,100,75,25,100,0,100,75,50,100
IN_R423,100,100,0,75,100,100,100,0,100,0,100,75,50,100,100,100,100,100,0
IN_R424,100,50,0,50,50,100,50,0,0,100,0,50,25,100,100,100,50,50,0
IN_R425,100,100,0,100,100,100,25,100,100,0,0,100,100,100,100,100,25,100,0
IN_R426,100,50,0,100,50,100,50,100,100,0,0,50,50,100,100,100,0,50,100
IN_R427,100,50,0,75,100,0,100,100,100,100,0,75,75,100,100,100,100,75,0
IN_R428,100,100,0,100,75,100,75,100,0,100,100,75,25,100,0,100,0,75,100
IN_R429,100,100,0,100,100,100,75,0,0,100,0,100,25,100,100,100,75,100,100
IN_R430,100,25,100,100,100,100,0,0,0,0,0,50,25,50,0,100,0,100,0
IN_R431,25,75,0,100,75,100,100,100,0,100,0,75,25,100,100,100,100,100,0
IN_R432,75,25,0,75,100,100,25,100,0,100,0,100,50,100,0,100,25,75,0
IN_R433,100,100,0,100,100,100,100,100,100,100,100,100,25,100,100,100,100,100,100
IN_R434,75,75,0,75,75,100,75,0,0,0,100,75,25,25,100,100,100,0,100
IN_R435,100,75,0,75,100,100,75,0,0,100,100,100,25,100,100,100,75,100,100
IN_R436,100,50,0,75,75,100,50,100,0,0,100,75,50,100,100,0,75,100,100
IN_R437,100,75,0,100,100,100,75,100,100,100,0,100,50,100,100,100,75,75,100
IN_R438,100,100,0,100,100,0,25,100,0,0,100,75,50,100,100,100,25,75,100
IN_R440,100,50,0,75,100,100,75,0,0,100,100,100,25,0,100,100,75,25,100
IN_R441,75,75,0,75,75,100,100,100,100,100,100,25,25,100,0,100,0,0,100
IN_R442,100,75,0,75,75,0,25,100,0,0,100,75,50,50,100,100,25,100,0
IN_R443,75,0,0,75,100,100,100,100,100,0,0,75,25,100,0,100,100,0,100
IN_R444,75,75,100,100,75,0,50,100,0,0,0,50,50,100,100,100,25,75,100
IN_R445,100,75,0,75,100,100,0,100,0,100,100,100,25,100,100,0,25,50,0
IN_R446,75,100,0,75,100,100,0,100,0,0,100,100,25,100,100,0,25,100,0
IN_R449,100,50,0,100,100,100,50,100,100,0,0,75,25,100,100,100,100,75,0
IN_R450,50,50,0,100,50,100,50,100,100,100,100,50,50,50,100,100,25,50,100
IN_R451,100,100,0,100,100,100,100,100,0,100,100,100,50,100,100,100,75,75,100
IN_R452,100,100,0,100,100,100,25,0,100,0,0,75,25,100,100,100,0,100,0
IN_R453,25,100,0,100,100,100,25,100,0,0,0,100,25,100,100,100,75,25,0
IN_R454,75,50,0,75,75,100,75,0,0,0,100,75,0,50,100,100,25,75,0
IN_R455,100,50,0,50,100,100,100,100,100,100,100,75,25,100,100,100,100,50,100
IN_R456,100,100,0,100,100,100,100,100,0,100,100,100,25,100,100,100,100,100,100
IN_R457,100,50,100,100,100,100,100,0,0,0,100,100,25,100,100,100,75,50,100
IN_R458,75,75,0,100,100,100,75,100,0,100,100,100,25,100,100,100,0,75,100
IN_R459,100,50,100,100,100,0,75,100,100,100,100,75,25,100,100,100,75,25,100
IN_R460,100,75,100,75,100,100,100,100,100,100,100,100,50,100,100,100,75,75,100
IN_R461,100,75,100,75,75,100,100,100,100,100,100,75,25,100,100,100,100,25,100
IN_R462,100,100,0,100,75,100,0,100,100,100,100,75,50,100,100,100,25,75,100
IN_R463,100,75,100,100,100,100,100,100,100,100,100,100,50,100,100,100,75,100,100
IN_R464,100,100,0,75,100,100,100,100,0,0,0,75,25,100,100,100,25,75,0
IN_R465,100,100,0,100,100,100,75,100,0,100,100,100,75,100,100,100,100,0,100
IN_R466,100,100,0,50,75,100,75,0,0,100,100,50,25,50,100,100,0,25,100
IN_R468,100,75,0,100,100,100,100,100,100,100,100,75,25,100,100,100,100,75,100
IN_R469,100,75,0,75,75,0,25,0,0,0,0,75,0,25,0,100,0,50,100
IN_R470,25,100,0,100,100,100,75,100,0,100,0,100,25,100,100,100,75,100,100
IN_R472,100,100,0,50,100,100,25,0,0,100,0,100,25,50,100,100,0,75,0
IN_R473,75,50,0,50,100,100,75,0,0,100,0,25,25,25,100,100,75,25,0
IN_R474,100,50,0,75,100,100,75,0,100,0,100,100,50,100,0,100,0,100,100
IN_R475,25,100,0,100,100,100,75,100,0,100,0,100,25,100,100,100,75,100,100
IN_R476,100,100,0,75,100,100,75,100,100,0,100,25,50,100,0,100,75,25,0
IN_R477,75,0,100,100,100,100,100,100,100,100,100,100,50,100,100,100,100,100,100
IN_R478,75,75,0,50,75,100,25,100,0,0,0,75,25,100,100,100,25,75,0
IN_R480,100,100,100,100,25,100,25,100,100,0,0,100,50,100,100,100,75,100,0
IN_R481,100,100,0,100,100,100,50,0,100,0,0,100,25,100,100,100,0,100,0
IN_R482,100,100,0,75,100,100,25,100,0,100,100,100,50,100,100,100,25,75,100
IN_R483,100,100,0,75,50,100,50,0,0,100,0,100,25,100,100,100,75,50,0
IN_R484,100,100,0,75,100,100,50,100,0,0,0,75,75,100,100,100,25,100,100
IN_R485,100,100,0,75,100,100,50,100,0,0,0,100,25,100,100,100,100,75,0
IN_R486,50,100,0,75,75,100,50,100,0,100,0,100,50,100,100,100,50,75,0
IN_R487,75,100,0,100,75,100,100,0,0,100,0,100,50,100,100,100,100,75,100
IN_R488,100,100,0,75,100,100,100,0,0,100,100,75,0,0,100,100,100,100,0
IN_R489,100,100,0,50,75,0,0,0,0,0,0,50,25,0,0,100,75,0,100
IN_R490,100,100,0,75,50,100,75,100,0,0,0,50,75,50,100,100,50,25,0
IN_R491,100,100,0,100,25,100,100,0,0,0,100,75,25,25,0,100,100,75,0
IN_R492,100,25,0,75,100,100,50,100,100,100,0,75,25,100,100,100,75,25,100
IN_R493,75,75,0,75,75,100,75,0,0,0,100,75,25,100,0,0,75,75,0
IN_R494,50,75,0,100,100,100,100,0,100,100,100,100,50,100,100,100,100,25,100
IN_R495,100,100,0,100,100,100,75,100,100,100,0,50,50,50,100,100,0,75,100
IN_R496,75,100,100,100,100,0,25,100,100,100,100,100,75,100,100,100,25,100,100
IN_R497,0,0,0,75,75,100,100,100,100,100,100,50,50,100,100,100,100,0,100
IN_R498,75,25,0,25,25,100,0,0,0,100,100,75,0,25,0,0,100,0,100
IN_R499,75,25,0,75,100,100,75,100,100,100,100,75,25,100,100,100,0,25,100
IN_R500,75,25,100,75,75,100,75,100,100,100,100,75,25,0,100,100,25,25,100
IN_R502,75,0,0,75,75,100,25,100,0,0,100,75,25,100,100,100,0,0,100
IN_R503,75,0,100,75,75,0,25,100,100,100,100,75,75,100,100,100,25,75,100
IN_R504,100,0,0,75,75,100,100,0,100,100,0,100,50,100,100,100,100,75,100
IN_R505,100,0,0,75,100,100,25,0,0,0,0,75,25,100,100,100,25,75,100
IN_R506,75,0,0,100,100,100,50,0,0,100,100,100,25,0,100,100,50,75,100
IN_R507,50,0,0,100,100,100,100,100,0,100,100,75,50,100,100,100,75,25,100
IN_R508,100,0,0,100,100,100,50,0,100,0,0,25,50,50,0,0,75,100,0
IN_R509,75,0,0,50,75,100,50,100,0,0,0,25,25,100,100,100,25,25,100
IN_R510,100,0,0,75,75,100,25,0,0,0,100,75,25,50,100,100,0,100,0
IN_R511,100,0,0,100,100,100,50,0,0,0,0,75,0,0,100,100,75,50,100
IN_R512,100,0,0,75,100,100,25,100,100,100,100,75,25,0,100,100,100,75,100
IN_R513,100,0,0,100,75,100,75,100,100,0,100,75,25,0,100,100,25,75,100
IN_R514,75,75,0,75,75,0,25,100,100,100,100,75,50,100,100,100,25,75,100
IN_R515,100,75,0,75,100,100,25,100,0,100,0,75,50,100,0,100,25,50,0
IN_R516,100,50,0,25,100,100,100,100,0,100,100,100,50,100,100,100,100,25,100
IN_R517,100,50,0,100,25,100,75,100,100,100,0,100,75,100,100,100,75,75,100
IN_R518,100,100,0,50,100,100,25,0,0,100,0,100,75,100,100,100,75,25,0
IN_R519,100,100,0,100,100,100,50,0,0,100,100,100,25,100,100,100,0,100,0
IN_R520,50,100,0,75,75,100,75,100,0,0,100,50,50,100,0,0,25,75,0
IN_R523,75,100,0,100,100,100,75,100,0,100,100,100,50,100,100,100,75,75,100
IN_R524,100,100,0,75,100,0,75,100,100,0,100,100,50,100,0,0,75,75,100
IN_R525,75,100,0,75,75,0,25,0,0,0,100,50,50,50,100,100,0,75,0
IN_R526,100,25,0,100,100,100,50,100,0,0,0,75,50,100,0,100,75,100,0
IN_R527,75,50,0,75,75,0,75,100,100,0,0,100,25,100,100,100,0,25,100
IN_R528,100,0,0,100,0,100,100,0,0,0,100,100,50,100,100,100,100,100,100
IN_R529,100,0,0,100,100,100,75,100,100,100,100,100,75,100,100,100,100,100,100
IN_R530,75,75,0,75,75,100,25,0,0,100,0,75,25,100,100,100,25,100,0
IN_R531,75,25,0,100,75,100,0,100,0,0,0,100,25,50,100,100,100,100,0
IN_R533,100,100,0,100,100,100,75,0,0,100,100,100,25,100,100,100,0,100,0
IN_R534,100,50,0,75,100,100,100,100,0,0,0,100,50,100,100,100,100,100,100
IN_R535,100,50,0,100,100,100,75,100,0,0,100,100,75,100,100,100,25,100,100
IN_R536,100,0,0,100,0,100,100,100,100,0,0,100,25,100,100,0,0,100,0
IN_R537,100,75,100,100,50,100,50,100,100,100,100,50,50,100,100,100,100,100,100
IN_R538,100,25,0,50,100,100,75,100,0,100,0,100,25,100,100,100,50,75,0
IN_R539,75,25,0,75,75,0,25,0,0,0,100,50,50,50,100,100,0,75,0
IN_R540,75,0,0,75,100,100,50,0,0,100,100,75,50,100,100,100,25,75,0
IN_R541,75,25,0,25,100,100,100,0,0,0,0,25,25,50,100,100,75,25,100
IN_R542,75,0,0,25,75,100,25,0,0,0,100,0,0,25,0,0,25,0,0
IN_R543,100,75,0,50,100,0,25,100,100,100,100,75,50,100,100,100,25,100,100
IN_R544,50,25,0,50,50,100,50,100,0,0,0,75,50,100,100,0,25,100,0
IN_R546,100,25,0,75,100,100,75,100,0,0,100,25,50,50,100,100,25,0,0
IN_R547,100,50,0,100,100,100,100,100,100,100,100,75,50,100,100,100,100,50,100
IN_R548,100,50,0,100,75,100,25,0,100,100,0,100,25,100,100,100,0,75,100
IN_R549,100,50,0,100,75,100,25,0,100,100,0,100,25,100,100,100,0,75,100
IN_R550,75,50,0,50,100,100,75,100,100,0,0,75,50,100,0,0,75,50,100
IN_R551,75,75,0,75,75,100,25,0,0,0,0,75,25,100,100,100,25,100,100
IN_R552,100,25,0,75,100,0,75,100,0,100,100,75,25,100,0,100,0,25,100
IN_R553,100,25,100,100,100,100,75,0,0,100,0,100,0,25,0,100,100,25,100
IN_R554,100,75,100,75,100,100,100,100,100,100,100,75,75,100,100,100,25,75,100
IN_R555,100,75,0,75,100,100,100,100,100,100,100,100,50,100,100,100,75,75,100
IN_R556,100,25,0,50,100,100,75,100,0,100,0,100,25,100,100,100,50,75,0
IN_R557,100,100,100,100,100,0,75,100,100,100,100,100,100,100,100,100,75,100,100
IN_R558,100,100,0,25,100,100,25,100,0,0,100,75,50,25,0,100,25,50,100
IN_R559,75,50,0,75,75,100,75,100,100,100,100,50,50,100,100,100,75,25,100
IN_R560,75,50,0,75,100,100,75,100,0,0,100,25,50,100,100,100,100,25,100
IN_R561,100,0,0,100,100,100,100,0,0,100,0,100,0,50,100,100,100,25,100
IN_R562,100,50,0,50,75,0,25,100,0,0,0,75,25,0,100,100,25,100,0
IN_R563,75,50,0,75,100,0,50,100,0,0,0,100,25,100,0,100,0,50,0
IN_R564,0,75,0,75,0,100,25,100,100,0,0,50,25,50,100,100,0,50,0
IN_R565,75,50,100,75,75,0,50,100,0,0,0,50,75,100,0,100,25,25,100
IN_R566,100,100,0,75,75,100,50,100,0,0,0,75,50,100,100,100,0,100,100
IN_R567,100,100,0,75,100,100,0,100,100,0,0,100,25,100,100,100,0,100,0
IN_R568,75,100,0,100,100,100,100,100,100,0,0,100,50,100,0,100,75,0,0
IN_R569,75,25,0,75,100,100,50,100,0,0,100,100,50,100,0,100,75,50,100
IN_R570,100,100,0,100,100,100,50,100,0,0,100,100,50,100,100,100,100,100,100
IN_R571,50,100,0,100,50,100,100,100,100,100,100,50,50,100,0,0,0,100,100
IN_R572,75,25,0,75,75,100,75,100,0,0,0,25,50,100,100,100,75,25,100
IN_R573,75,100,0,50,50,100,50,0,0,0,100,75,25,25,100,100,0,100,0
IN_R574,100,75,0,100,100,0,0,100,0,100,0,75,50,100,100,100,75,100,0
IN_R576,100,0,0,50,75,100,100,100,0,100,0,75,25,100,100,100,75,100,100
IN_R577,100,50,0,50,100,100,50,100,100,100,100,50,25,50,0,0,25,100,100
IN_R578,50,50,0,75,75,100,50,0,0,0,0,50,0,0,0,100,50,50,100
IN_R579,100,50,0,50,100,100,100,0,0,100,100,100,25,100,100,100,25,75,100
IN_R580,75,100,0,100,0,100,75,100,0,0,100,75,25,100,100,100,0,100,100
IN_R581,75,50,0,75,50,100,25,100,0,0,0,50,25,0,0,100,50,50,0
IN_R582,75,100,0,100,25,100,75,0,0,0,100,100,25,100,100,100,75,75,0
IN_R583,100,50,0,75,100,100,75,100,100,100,100,75,50,50,100,100,50,100,0
IN_R585,75,25,0,25,75,100,100,0,0,100,100,25,50,0,100,100,75,50,100
IN_R586,100,75,0,75,100,100,50,0,0,100,100,75,0,25,100,100,75,50,100
IN_R587,75,25,0,75,75,100,75,0,0,100,100,75,75,50,100,100,25,25,100
IN_R588,100,75,0,50,50,100,25,100,100,0,0,75,75,100,100,100,25,75,100
IN_R589,100,75,0,100,25,100,100,100,100,100,100,25,50,100,0,100,0,50,100
IN_R590,75,25,0,75,75,100,75,0,0,100,100,75,75,50,100,100,25,25,100
IN_R591,75,0,0,75,75,0,25,100,100,0,0,0,25,0,100,100,75,25,0
IN_R592,50,100,0,100,100,100,100,100,0,100,0,100,25,100,100,100,25,100,100
IN_R593,50,75,0,50,50,100,50,100,100,100,100,50,50,100,100,100,50,50,100
IN_R594,100,100,0,100,100,0,0,100,0,0,0,100,50,100,100,100,0,75,0
IN_R595,75,75,100,75,75,100,25,100,100,100,100,75,75,100,100,100,25,75,100
IN_R596,100,50,0,100,75,100,50,100,100,100,100,100,75,100,100,100,25,75,100
IN_R597,100,75,0,100,100,100,75,100,100,0,0,100,50,100,100,100,0,75,0
IN_R598,50,0,0,50,75,0,25,100,0,100,100,75,25,50,100,100,100,25,100
IN_R599,25,25,0,25,25,0,50,100,100,0,100,25,50,100,0,100,100,75,0
IN_R600,100,50,0,100,100,100,100,100,100,100,100,75,25,100,0,100,25,25,0
IN_R601,100,50,0,75,100,100,75,100,0,0,100,75,25,50,100,100,75,25,100
IN_R602,75,25,0,75,75,0,0,100,100,0,0,50,25,100,0,0,75,25,0
IN_R603,100,75,0,75,100,100,25,100,100,100,0,50,75,100,100,100,75,25,100
IN_R604,100,25,100,75,100,100,100,100,100,100,100,100,50,100,100,100,75,25,100
IN_R605,75,100,0,100,25,100,75,0,0,0,100,100,25,100,100,100,75,75,0
IN_R606,100,75,0,75,25,100,75,100,0,0,100,100,75,100,100,100,75,25,100
IN_R607,75,75,100,75,75,100,25,0,0,100,100,75,0,50,0,0,25,75,100
IN_R609,100,100,0,100,100,100,0,100,100,0,100,100,25,100,100,100,0,100,100
IN_R610,75,100,0,75,75,0,50,100,0,100,0,75,25,100,100,100,25,50,0
IN_R611,75,25,0,75,100,100,75,100,100,0,0,25,50,0,100,100,25,25,0
IN_R612,75,75,0,75,75,100,0,0,0,0,0,75,25,100,100,100,0,25,100
IN_R613,50,25,0,100,75,100,50,0,100,100,100,75,50,100,0,100,75,25,100
IN_R614,50,25,0,50,50,100,75,100,100,0,0,25,50,50,100,100,50,25,0
IN_R615,100,50,0,75,100,100,50,0,0,0,0,75,0,0,0,100,25,75,100
