Respondent_ID,IND01,IND02,IND03,IND04,IND05,IND06,IND07,IND08,IND09,IND10
KZ_R001,0,100,62,0,100,100,100,100,100,100
KZ_R002,100,0,12,100,100,100,0,100,100,0
KZ_R003,0,0,0,0,100,100,0,100,100,100
KZ_R004,30,100,52,100,70,40,0,100,80,100
KZ_R005,70,100,55,100,70,80,0,100,100,100
KZ_R006,100,100,40,100,70,80,0,70,80,100
KZ_R007,0,0,0,0,100,0,0,100,100,100
KZ_R008,70,0,55,0,100,0,0,100,80,100
KZ_R009,100,100,37,60,100,40,0,100,80,100
KZ_R010,100,100,37,60,100,40,0,100,80,100
KZ_R011,70,100,37,100,70,40,0,70,80,100
KZ_R012,100,100,0,0,30,80,0,70,80,100
KZ_R013,0,100,45,100,100,0,100,70,80,0
KZ_R014,0,0,18,0,100,0,0,70,80,100
KZ_R015,0,0,18,100,70,40,0,70,80,100
KZ_R016,100,100,45,100,100,80,0,70,80,100
KZ_R017,70,0,0,100,100,0,0,100,20,100
KZ_R018,0,0,0,100,100,100,0,100,80,100
KZ_R019,0,100,27,100,100,100,0,100,80,0
KZ_R020,0,100,0,100,70,100,0,100,80,0
KZ_R021,70,100,15,100,100,80,0,70,80,0
KZ_R022,70,100,43,100,100,40,0,100,20,100
KZ_R023,100,100,72,100,100,100,100,100,100,0
KZ_R024,0,100,45,100,100,80,0,100,80,100
KZ_R025,30,0,22,100,70,80,0,70,20,100
KZ_R026,30,100,32,100,100,40,0,100,80,100
KZ_R027,30,100,50,100,30,40,0,70,80,100
KZ_R028,70,100,30,100,100,40,0,100,80,0
KZ_R029,30,100,0,100,70,40,0,30,80,0
KZ_R030,0,100,33,100,30,40,0,100,80,100
KZ_R031,30,100,45,100,70,0,0,100,20,0
KZ_R032,70,100,37,100,30,80,0,70,100,0
KZ_R033,30,100,27,100,100,0,0,30,80,100
KZ_R034,0,100,27,60,100,80,0,70,80,100
KZ_R035,70,100,30,100,70,100,0,100,80,100
KZ_R036,70,100,30,100,70,100,0,100,80,100
KZ_R037,100,100,55,60,30,100,0,0,80,0
KZ_R038,70,100,45,100,100,80,0,70,20,100
KZ_R039,0,100,0,100,100,80,0,100,20,0
KZ_R040,100,100,55,100,100,80,0,100,100,100
KZ_R041,30,100,27,100,70,0,0,100,100,100
KZ_R042,30,100,62,60,100,100,100,0,100,100
KZ_R043,0,100,62,100,30,40,0,70,80,100
KZ_R044,70,100,15,60,30,80,0,100,80,100
KZ_R045,100,100,37,60,100,40,0,100,80,100
KZ_R046,100,100,55,100,100,100,100,100,80,100
KZ_R047,30,100,55,100,100,0,0,30,0,0
KZ_R048,0,100,62,100,100,40,0,70,0,0
KZ_R049,0,100,55,60,100,0,0,100,80,100
KZ_R050,100,100,45,100,100,80,100,100,80,100
KZ_R051,30,100,62,100,70,100,0,70,80,100
KZ_R052,0,100,45,60,30,40,0,70,100,100
KZ_R053,70,100,62,60,70,80,100,70,100,100
KZ_R054,30,100,31,100,100,80,0,100,80,100
KZ_R055,0,100,52,100,70,80,0,70,80,100
KZ_R056,100,100,37,100,100,100,100,100,80,100
KZ_R057,0,100,12,0,0,40,0,100,80,100
KZ_R058,70,100,62,60,100,0,0,70,80,0
KZ_R059,70,100,12,100,100,100,0,70,80,100
KZ_R060,0,100,62,100,100,100,100,100,80,100
KZ_R061,0,100,62,100,100,80,0,30,80,100
KZ_R062,30,100,15,60,70,0,0,70,20,0
KZ_R063,70,100,45,100,30,80,100,70,80,100
KZ_R064,30,100,45,60,100,0,100,70,80,100
KZ_R065,70,100,43,100,100,80,0,70,80,100
KZ_R066,70,100,37,100,100,100,0,70,80,100
KZ_R067,0,100,55,100,100,80,0,100,100,0
KZ_R068,0,100,62,100,70,40,0,30,80,100
KZ_R069,100,100,55,100,100,100,0,100,0,100
KZ_R070,0,100,27,60,70,0,0,100,80,0
KZ_R071,70,100,62,100,100,80,0,70,80,0
KZ_R072,30,100,15,60,100,0,0,70,80,100
KZ_R073,100,100,27,100,100,0,0,100,80,100
KZ_R074,0,100,52,100,100,40,100,70,20,0
KZ_R075,30,100,18,100,100,100,0,100,80,0
KZ_R076,100,100,7,0,0,0,0,30,0,100
KZ_R077,70,100,43,0,100,100,0,100,80,0
KZ_R078,30,100,0,100,30,80,0,30,80,100
KZ_R079,30,100,45,100,100,40,0,100,80,0
KZ_R080,30,100,55,100,100,80,0,100,80,100
KZ_R081,30,100,15,0,30,100,0,30,80,100
KZ_R082,0,100,45,100,70,40,100,100,80,100
KZ_R083,70,100,62,60,100,100,100,100,80,100
KZ_R084,0,100,0,100,70,0,0,100,80,0
KZ_R085,30,100,45,60,70,40,0,70,100,100
KZ_R086,70,100,15,0,100,40,0,70,100,0
KZ_R087,70,100,37,100,100,0,0,100,80,100
KZ_R088,70,100,45,100,70,0,0,100,80,100
KZ_R089,0,100,45,100,100,80,100,70,20,100
KZ_R090,0,100,27,100,70,0,0,100,80,100
KZ_R091,0,100,27,60,100,100,0,100,80,100
KZ_R092,0,100,33,100,70,0,100,70,100,100
KZ_R093,70,100,18,60,100,40,0,70,80,100
KZ_R094,30,100,33,60,70,0,0,100,20,100
KZ_R095,30,100,33,100,100,80,0,70,80,0
KZ_R096,30,0,34,100,100,100,0,30,100,0
KZ_R097,70,100,15,100,30,80,0,70,80,0
KZ_R098,30,100,52,100,70,80,0,70,80,100
KZ_R099,70,100,45,100,100,0,0,100,20,100
KZ_R100,0,100,35,60,70,0,100,30,80,100
KZ_R101,70,100,15,100,70,80,0,70,100,100
KZ_R102,30,100,45,60,70,0,100,100,80,100
KZ_R103,30,100,30,100,70,80,0,30,80,0
KZ_R104,100,100,62,60,30,80,0,70,80,100
KZ_R105,30,100,15,100,100,40,0,70,80,0
KZ_R106,70,0,27,100,100,80,0,100,80,0
KZ_R107,30,100,12,100,70,80,100,70,80,0
KZ_R108,100,100,43,60,100,80,100,100,80,100
KZ_R109,30,100,43,100,70,100,0,30,80,100
KZ_R110,0,100,15,100,100,0,0,100,20,0
KZ_R111,70,100,45,100,100,100,100,70,80,100
KZ_R112,30,100,7,100,0,0,100,70,100,0
KZ_R113,0,0,27,100,100,0,0,70,20,0
KZ_R114,100,0,0,100,100,100,0,100,100,100
KZ_R115,0,0,55,60,100,100,0,30,100,100
KZ_R116,30,100,55,100,70,40,0,100,80,100
KZ_R117,70,100,55,100,70,0,0,70,80,0
KZ_R118,100,0,45,100,70,0,100,70,80,100
KZ_R119,30,100,15,60,30,40,0,30,80,100
KZ_R120,100,100,62,60,100,100,0,30,80,0
KZ_R121,30,100,27,100,70,100,0,100,80,100
KZ_R122,30,100,0,100,70,40,100,100,20,0
KZ_R123,30,0,45,100,100,80,0,100,80,100
KZ_R124,70,100,27,0,30,0,100,100,20,100
KZ_R125,70,100,15,60,100,40,0,70,80,100
KZ_R126,70,100,37,100,100,40,0,100,80,0
KZ_R127,100,100,27,100,70,80,100,100,80,100
KZ_R128,0,100,15,0,0,0,0,0,0,100
KZ_R129,70,100,27,60,70,100,100,100,100,0
KZ_R130,30,100,28,0,100,0,100,30,80,100
KZ_R132,100,100,25,60,100,40,0,70,80,0
KZ_R133,70,100,0,60,30,40,0,100,80,0
KZ_R134,70,100,45,100,100,100,0,70,80,100
KZ_R135,30,100,45,0,70,0,0,70,100,100
KZ_R136,0,0,27,100,100,100,0,100,80,0
KZ_R137,100,100,45,100,100,40,100,70,20,0
KZ_R138,100,100,45,100,70,100,100,100,80,100
KZ_R139,30,100,12,0,70,100,0,30,80,100
KZ_R140,30,100,62,100,100,40,100,0,80,100
KZ_R141,30,100,0,60,70,40,0,100,20,0
KZ_R142,70,100,62,100,70,40,0,70,80,0
KZ_R143,70,100,30,100,100,40,0,70,80,100
KZ_R144,30,100,22,60,70,40,0,30,80,0
KZ_R145,100,100,7,100,70,40,0,100,20,0
KZ_R146,0,100,62,100,100,80,0,100,80,0
KZ_R147,70,100,27,100,100,100,0,100,80,100
KZ_R148,0,0,15,60,100,40,0,70,0,0
KZ_R149,30,0,15,0,100,40,100,70,80,0
KZ_R150,30,0,15,0,100,40,100,70,80,0
KZ_R151,30,100,62,100,100,0,100,100,80,100
KZ_R152,30,100,55,100,100,40,0,100,80,100
KZ_R153,70,100,0,100,100,40,0,100,20,100
KZ_R154,0,100,25,100,70,0,0,70,80,100
KZ_R155,70,100,18,100,100,100,100,100,100,0
KZ_R156,70,100,55,60,100,0,0,70,80,0
KZ_R157,70,0,55,100,70,100,0,100,80,100
KZ_R158,100,100,12,100,100,100,0,100,100,0
KZ_R159,100,100,55,100,100,80,0,100,20,100
KZ_R160,30,100,62,100,70,80,0,70,20,100
KZ_R161,0,100,55,60,70,40,0,70,80,100
KZ_R162,100,100,27,100,100,100,0,100,80,100
KZ_R163,0,100,45,60,100,0,0,100,20,100
KZ_R164,100,100,15,0,100,40,0,100,80,0
KZ_R165,0,100,45,60,100,0,0,70,20,100
KZ_R166,30,100,29,100,70,0,0,70,80,0
KZ_R167,30,100,0,60,30,0,0,30,0,100
KZ_R168,30,100,62,100,100,80,0,70,80,0
KZ_R169,30,0,15,100,30,80,0,70,80,0
KZ_R170,30,100,12,100,100,80,0,100,80,0
KZ_R171,0,100,27,60,100,0,0,70,20,0
KZ_R172,30,100,45,100,70,40,0,70,80,0
KZ_R173,70,100,33,60,70,100,100,100,20,0
KZ_R174,100,100,27,100,100,0,0,100,80,100
KZ_R175,100,100,62,0,100,100,100,100,80,100
KZ_R176,100,100,27,100,100,100,0,100,100,100
KZ_R177,100,100,55,100,100,100,100,100,20,100
