Respondent_ID,IND01,IND02,IND03,IND04,IND05,IND06,IND07,IND08,IND09,IND10,IND11,IND12,IND13,IND14
ID_R001,50,50,50,50,75,50,50,75,50,25,25,50,50,50
ID_R002,100,100,100,100,100,75,100,75,50,100,100,100,100,100
ID_R003,50,75,75,75,50,25,75,50,75,75,100,75,75,75
ID_R004,100,100,100,100,100,100,100,100,100,100,100,100,100,100
ID_R005,75,75,75,50,75,75,50,50,75,50,50,75,75,50
ID_R006,50,100,100,100,75,50,100,50,100,100,100,50,100,100
ID_R007,50,75,50,50,75,75,50,75,50,50,75,75,75,50
ID_R008,50,50,100,75,100,100,100,25,50,100,75,25,100,75
ID_R009,75,75,50,75,25,75,100,25,25,50,100,50,100,100
ID_R010,100,0,100,100,50,0,100,75,100,100,100,75,100,100
ID_R011,50,50,50,50,75,50,50,50,50,50,50,50,50,50
ID_R012,100,50,75,75,100,25,75,50,0,75,75,50,100,100
ID_R013,50,50,50,50,50,50,50,50,50,50,50,50,50,50
ID_R014,100,75,100,50,75,75,50,50,50,75,50,50,75,75
ID_R015,25,100,75,75,75,75,50,50,50,25,75,25,50,75
ID_R016,75,100,75,50,75,75,50,50,25,50,50,50,75,75
ID_R017,50,50,50,50,50,50,50,50,50,50,75,50,50,50
ID_R018,0,75,100,50,50,50,50,75,25,100,75,25,75,50
ID_R019,100,50,75,75,75,50,50,75,75,75,75,100,100,50
ID_R020,50,50,50,50,50,50,50,50,50,50,50,50,50,50
ID_R021,75,75,75,75,75,75,75,75,75,75,75,75,75,75
ID_R022,75,75,75,75,100,75,75,100,75,75,100,75,75,75
ID_R023,50,0,100,100,50,100,100,50,0,100,100,25,100,100
ID_R024,50,50,50,50,50,50,50,50,50,50,50,50,50,50
ID_R025,75,75,75,100,75,100,100,50,75,75,75,75,100,75
ID_R026,75,75,75,75,75,75,75,75,75,75,100,75,75,75
ID_R027,50,50,50,50,50,50,50,50,50,50,50,75,50,50
ID_R028,75,75,50,75,75,25,50,50,50,25,75,50,50,50
ID_R029,25,50,25,75,75,50,50,75,75,50,50,75,75,50
ID_R030,75,50,75,75,100,75,75,75,75,75,75,75,100,100
ID_R031,25,25,50,25,25,25,25,25,50,50,25,25,75,25
ID_R032,100,75,100,100,50,50,75,75,100,100,100,100,100,75
ID_R033,75,50,75,100,75,50,75,50,50,75,75,75,50,75
ID_R034,75,100,75,100,75,75,100,50,75,75,100,100,100,100
ID_R035,25,50,100,75,100,50,50,50,100,75,75,75,75,50
ID_R036,100,100,100,75,75,75,100,75,50,75,100,100,75,100
ID_R037,75,50,100,50,100,75,75,50,75,75,50,50,100,50
ID_R038,50,100,75,50,0,50,25,50,0,0,75,25,100,75
ID_R039,25,25,100,50,100,25,25,50,75,75,75,50,100,50
ID_R040,100,75,100,75,75,100,75,50,50,75,75,75,100,100
ID_R041,100,100,100,50,100,100,100,75,75,100,100,75,100,100
ID_R042,75,75,75,75,100,75,75,75,75,75,75,75,75,75
ID_R043,50,50,50,75,75,75,50,75,50,75,50,75,75,75
ID_R044,50,50,50,50,50,50,50,50,50,50,50,50,50,50
ID_R045,50,50,50,50,50,75,50,50,50,75,50,75,50,50
ID_R046,75,75,50,50,50,75,50,50,50,50,50,50,50,50
ID_R047,50,50,50,50,50,50,50,75,50,50,50,50,50,50
ID_R048,50,50,50,50,50,50,50,50,50,50,50,50,50,50
ID_R049,50,50,50,100,50,50,100,50,50,100,50,50,50,50
ID_R050,50,50,50,50,75,75,75,75,75,75,50,75,50,50
ID_R051,75,75,75,75,75,75,75,25,50,75,50,0,75,75
ID_R052,50,50,50,50,50,50,50,50,50,50,50,50,50,50
ID_R053,50,50,50,75,50,50,100,50,50,75,100,50,50,75
ID_R054,50,50,50,50,50,50,50,50,50,75,50,50,50,50
ID_R055,75,50,50,50,50,75,50,25,75,75,50,25,25,75
ID_R056,75,50,50,50,75,75,50,50,50,50,50,75,50,50
ID_R057,50,50,25,75,50,25,50,50,25,75,50,50,25,25
ID_R058,50,50,50,50,50,50,50,50,50,50,100,50,50,50
ID_R059,50,50,75,100,0,50,50,0,50,50,50,50,75,50
ID_R060,75,75,100,100,75,25,100,50,100,25,100,50,100,100
ID_R061,100,25,75,25,75,50,75,75,25,75,75,50,100,75
ID_R062,50,50,75,75,25,75,75,75,50,25,75,25,75,75
ID_R063,50,50,50,50,50,50,50,50,50,50,50,50,50,50
ID_R064,50,50,75,50,75,50,50,75,50,75,75,75,50,50
ID_R065,50,50,50,50,50,50,50,50,50,50,50,50,50,50
ID_R066,50,50,50,50,50,50,50,50,50,50,50,75,50,50
ID_R067,50,50,50,50,50,50,50,50,50,50,50,50,50,50
ID_R068,75,75,100,25,100,100,50,50,25,75,100,25,100,50
ID_R069,75,75,75,75,75,75,75,75,75,75,75,75,75,75
ID_R070,50,75,75,75,75,75,75,25,75,75,75,75,75,75
ID_R071,100,100,75,100,25,50,50,25,50,25,100,100,100,25
ID_R072,50,75,75,75,50,50,75,50,75,25,75,75,100,75
ID_R073,50,50,50,75,50,50,75,25,50,75,75,50,50,75
ID_R074,75,0,50,50,50,75,50,50,50,50,75,50,50,50
ID_R075,25,75,25,50,0,25,75,50,75,25,50,25,100,50
ID_R076,75,75,50,50,50,75,75,50,75,50,50,50,50,50
ID_R077,100,100,100,75,100,75,75,25,50,75,100,100,100,100
ID_R078,50,50,50,50,50,50,50,50,50,50,50,50,50,50
ID_R079,75,75,75,75,75,75,75,75,75,75,75,75,75,75
ID_R080,50,50,75,75,75,25,75,50,75,100,100,50,100,75
ID_R081,50,50,50,50,50,50,50,50,50,50,50,50,50,50
ID_R082,50,50,100,50,50,50,100,50,50,75,75,50,50,100
ID_R083,75,50,100,75,50,100,75,75,50,75,100,75,50,75
ID_R084,75,100,100,100,75,75,75,25,25,50,100,50,100,75
ID_R085,75,50,100,50,100,50,100,100,100,50,50,75,75,50
ID_R086,75,75,75,75,75,75,75,75,75,75,75,75,75,75
ID_R087,50,50,50,75,50,50,50,50,50,25,50,50,50,50
ID_R088,50,25,50,50,75,50,50,50,50,50,50,25,50,50
ID_R089,50,50,100,100,100,100,100,75,100,25,100,75,100,75
ID_R090,50,50,75,25,50,25,50,50,50,50,50,75,25,25
ID_R091,75,75,100,75,100,75,75,50,50,75,75,75,75,75
ID_R092,50,50,100,75,75,75,50,50,50,50,75,75,100,25
ID_R093,75,75,75,75,25,75,75,25,25,100,25,75,50,50
ID_R094,75,75,100,100,75,75,100,50,50,50,75,75,100,75
ID_R095,50,0,75,50,50,50,50,50,50,50,50,50,100,50
ID_R096,75,100,75,75,75,100,75,25,75,100,100,75,75,75
ID_R097,0,0,100,100,100,0,100,0,25,100,100,25,100,100
ID_R098,50,50,50,50,50,75,50,25,75,25,50,50,50,25
ID_R099,75,75,50,50,75,100,50,50,50,75,75,100,100,100
ID_R100,100,100,100,100,100,100,100,100,100,100,100,100,100,100
ID_R101,50,50,50,50,50,50,50,50,50,50,50,50,50,50
ID_R102,75,75,75,75,75,75,75,75,75,75,75,75,75,75
ID_R103,50,100,50,75,75,75,50,100,100,75,75,75,75,75
ID_R104,50,50,50,50,50,50,75,50,50,50,75,50,50,75
ID_R105,100,100,100,100,100,100,100,100,100,100,50,100,100,75
ID_R106,100,100,100,100,100,100,100,75,100,100,100,75,100,100
ID_R107,100,100,75,50,50,100,50,100,50,100,50,25,50,75
ID_R108,75,75,50,75,50,50,50,75,50,75,50,50,50,50
ID_R109,50,50,50,50,50,50,50,50,50,50,50,50,50,50
ID_R110,50,50,50,100,50,50,100,50,50,75,100,50,50,100
ID_R111,25,100,100,25,50,50,100,25,0,100,75,50,100,100
ID_R112,75,50,100,50,75,75,75,75,75,100,75,75,100,75
ID_R113,75,75,50,75,50,50,75,50,50,75,75,25,50,50
ID_R114,50,50,100,50,100,100,75,75,50,50,50,50,100,50
ID_R115,75,50,50,100,25,25,50,25,50,75,50,75,50,50
ID_R116,50,50,50,50,100,50,50,25,50,75,50,50,50,50
ID_R117,75,75,75,75,75,100,75,25,75,75,100,75,75,75
ID_R118,75,50,50,50,50,50,50,75,50,50,50,75,50,50
ID_R119,50,50,50,75,25,25,50,25,75,75,50,50,50,75
ID_R120,100,100,100,75,50,100,75,75,100,75,75,100,100,75
ID_R121,50,25,50,50,50,75,75,50,25,75,50,75,75,25
ID_R122,100,100,100,100,100,100,100,100,100,100,100,100,100,100
ID_R123,50,50,50,50,50,50,50,50,50,50,50,50,50,50
ID_R124,75,25,50,100,50,25,100,25,75,75,50,25,100,75
ID_R125,50,50,50,100,50,50,100,50,50,100,100,50,50,100
ID_R126,75,75,75,75,75,75,75,75,75,75,75,75,75,75
ID_R127,50,75,75,75,75,75,75,75,75,75,75,75,100,75
ID_R128,25,25,25,50,25,25,50,25,50,50,50,25,50,50
ID_R129,50,50,50,50,50,25,50,50,50,50,50,50,50,25
ID_R130,50,50,50,50,50,50,50,50,50,50,50,50,50,50
ID_R131,50,50,50,25,25,50,50,0,50,25,25,25,50,50
ID_R132,75,50,75,75,50,25,75,50,25,75,75,50,75,50
ID_R133,100,100,100,100,100,100,100,75,100,100,100,100,100,100
ID_R134,50,50,75,50,50,50,50,25,50,50,50,50,100,50
ID_R135,0,25,100,75,75,25,25,50,25,50,75,75,75,75
ID_R136,50,50,50,50,25,25,50,50,75,50,75,25,25,50
ID_R137,50,75,100,75,50,75,75,50,75,75,50,75,75,50
ID_R138,100,100,100,75,100,50,50,75,100,75,50,100,100,25
ID_R139,50,50,75,50,50,75,50,50,50,50,50,50,50,50
ID_R140,50,25,75,75,25,25,75,50,75,50,75,50,100,75
ID_R141,50,50,50,75,50,50,50,50,50,50,50,75,50,50
ID_R142,75,75,75,75,50,50,50,75,50,50,50,50,75,50
ID_R143,25,75,75,75,25,25,50,50,50,50,75,25,50,75
ID_R144,75,75,75,75,75,75,75,50,75,75,75,75,75,75
ID_R145,50,25,75,25,25,25,25,25,25,25,75,0,75,75
ID_R146,50,50,50,50,50,50,50,50,50,25,50,50,50,50
ID_R147,50,50,100,75,100,100,75,75,100,75,100,75,75,100
ID_R148,50,50,75,75,0,0,25,25,50,25,50,50,75,50
ID_R149,50,50,50,50,50,50,50,50,50,50,50,50,50,50
ID_R150,75,50,50,50,50,50,25,75,50,75,75,50,50,50
ID_R151,50,50,50,50,50,50,50,50,50,50,50,50,50,50
ID_R152,50,50,50,50,50,50,50,50,50,50,50,50,50,50
ID_R153,50,50,50,50,50,50,50,50,50,50,50,50,50,50
ID_R154,75,75,75,75,100,75,75,75,75,75,75,75,50,75
ID_R155,50,75,50,50,25,75,75,75,50,100,50,50,75,50
ID_R156,100,100,100,100,100,100,100,50,100,100,100,100,100,100
ID_R157,75,75,75,50,75,100,100,100,75,50,0,75,75,100
ID_R158,75,75,75,75,75,75,50,50,50,75,100,75,75,75
ID_R159,50,50,50,50,50,50,50,50,50,25,50,50,50,50
ID_R160,50,100,75,50,100,50,50,75,50,50,75,50,100,75
ID_R161,100,100,100,25,100,50,100,100,75,100,100,100,100,100
ID_R162,25,75,75,25,25,0,75,50,25,0,100,25,25,25
ID_R163,25,75,25,75,25,25,75,25,25,0,75,25,75,75
ID_R164,100,100,100,100,100,100,100,100,75,100,100,100,75,100
ID_R165,25,50,75,75,0,100,75,50,50,25,75,0,75,25
ID_R166,50,50,50,50,50,50,50,50,50,50,50,50,50,50
ID_R167,75,75,50,75,50,25,25,50,50,50,75,75,25,50
ID_R168,50,50,75,75,75,75,75,75,50,75,75,75,50,50
ID_R169,50,50,75,50,50,75,50,75,25,50,75,50,75,75
ID_R170,50,75,75,50,50,25,50,75,50,75,50,75,100,50
ID_R171,100,50,50,50,50,50,50,50,50,50,50,50,50,50
ID_R172,25,75,75,0,100,75,100,100,75,75,100,25,75,100
ID_R173,50,50,100,50,75,50,50,75,100,50,50,50,75,50
ID_R174,75,50,25,50,25,50,50,25,50,75,100,75,50,100
ID_R175,25,50,50,50,75,25,25,75,25,50,75,75,50,25
ID_R176,25,75,25,50,25,75,25,75,75,100,75,75,25,75
ID_R177,50,75,50,50,75,50,75,50,75,50,100,75,50,50
ID_R178,50,100,100,50,25,25,100,100,50,100,100,75,50,0
ID_R179,50,75,50,75,100,25,75,75,50,50,50,50,50,75
ID_R180,75,50,100,100,75,50,75,100,75,50,100,50,75,100
ID_R181,75,75,75,50,100,100,100,50,75,100,75,75,75,100
ID_R182,50,25,25,50,50,50,50,50,25,75,50,50,25,25
ID_R183,75,75,75,75,50,100,75,75,75,100,75,75,75,75
ID_R184,75,50,100,100,75,25,100,75,75,100,100,75,100,75
ID_R185,75,75,75,100,75,75,100,75,75,100,75,75,75,75
ID_R186,75,75,75,75,75,75,75,75,75,75,75,75,75,75
ID_R187,50,50,50,75,75,50,50,50,50,25,75,50,50,50
ID_R188,75,100,75,75,75,50,75,50,50,50,75,100,50,50
ID_R189,75,75,75,50,100,75,75,75,75,50,50,50,100,75
ID_R190,50,75,75,75,75,50,75,50,50,25,75,75,100,50
ID_R191,50,50,0,75,50,0,75,25,50,100,50,50,25,75
ID_R192,75,75,50,75,50,25,50,0,25,75,75,75,100,100
ID_R193,50,50,50,50,50,50,50,50,50,50,100,25,50,100
ID_R194,50,50,50,50,50,50,50,50,50,50,50,50,50,50
ID_R195,75,75,50,0,75,75,100,75,75,75,50,75,75,50
ID_R196,50,50,100,75,75,75,75,50,75,75,75,75,100,100
ID_R197,50,75,75,50,75,75,50,50,75,50,50,50,50,50
ID_R198,75,50,100,75,50,50,25,25,50,50,100,50,50,50
ID_R199,100,25,100,100,100,0,100,100,25,75,0,50,100,50
ID_R200,75,75,75,100,50,75,75,50,75,50,75,75,75,100
ID_R201,100,100,100,75,75,50,100,75,50,75,100,50,75,100
ID_R202,50,25,75,50,75,50,25,25,50,100,75,25,25,75
ID_R203,50,50,100,50,100,50,75,75,50,75,75,50,100,100
ID_R204,50,50,50,75,100,50,75,50,75,75,25,75,75,100
ID_R205,50,50,75,50,75,75,50,50,50,50,50,50,50,50
ID_R206,25,50,50,50,100,0,75,50,50,75,75,75,100,50
ID_R207,75,100,100,50,100,75,75,75,25,50,100,50,100,100
ID_R208,75,50,50,75,25,50,50,50,50,50,75,75,25,75
ID_R209,75,75,75,75,75,50,75,75,75,75,75,75,75,75
ID_R210,75,75,100,100,50,50,75,50,75,25,75,75,100,75
ID_R211,50,50,50,50,50,50,50,50,50,50,50,50,50,50
ID_R212,75,100,75,75,100,75,75,75,75,100,25,75,75,75
ID_R213,75,75,100,100,50,100,50,25,0,50,100,75,25,25
ID_R214,100,75,100,100,100,75,75,75,75,75,100,75,100,50
ID_R215,50,25,75,75,0,75,75,50,75,75,50,50,0,75
ID_R216,75,100,75,100,100,50,75,50,50,100,100,50,75,50
ID_R217,100,100,25,50,100,50,100,100,75,100,100,100,75,100
ID_R218,75,75,75,75,75,50,100,75,75,75,100,75,75,100
ID_R219,100,100,100,100,100,100,100,50,100,100,100,100,100,100
ID_R220,50,25,50,75,50,25,50,50,50,50,25,50,75,100
ID_R221,50,50,50,50,50,50,50,50,50,50,50,50,50,50
ID_R222,50,50,50,50,50,50,50,50,50,50,50,50,50,50
ID_R223,50,50,50,100,50,50,100,50,50,100,100,50,50,100
ID_R224,50,50,50,50,50,50,50,50,50,50,50,50,50,50
ID_R225,50,50,50,75,100,75,75,75,75,100,100,50,100,100
ID_R226,75,75,100,100,75,75,75,75,75,75,50,75,100,100
ID_R227,50,50,50,75,50,50,75,50,50,75,75,50,50,75
ID_R228,50,50,100,100,100,25,0,100,25,75,100,50,75,50
ID_R229,50,75,75,75,75,50,100,75,75,75,100,50,100,100
ID_R230,75,100,100,50,100,50,100,75,25,100,50,100,100,100
ID_R231,100,100,100,100,75,75,100,75,75,75,100,100,100,100
ID_R232,50,25,75,75,50,75,75,50,50,50,75,50,100,75
ID_R233,75,75,100,75,75,100,50,75,75,100,100,75,100,100
ID_R234,0,25,75,25,75,50,0,50,75,50,75,50,75,75
ID_R235,50,50,75,75,50,75,50,50,75,100,50,75,100,50
ID_R236,0,50,50,50,75,25,25,0,25,0,75,0,100,100
ID_R237,25,25,25,50,50,25,75,25,0,75,75,75,25,100
ID_R238,100,75,100,100,100,100,100,50,75,100,100,100,75,100
ID_R239,50,75,100,75,75,50,50,50,75,50,75,50,50,75
ID_R240,75,75,75,75,75,75,50,50,75,50,50,75,75,50
ID_R241,50,50,50,50,50,50,50,50,50,50,50,50,50,50
ID_R242,50,75,25,25,100,100,0,50,25,50,100,100,100,100
ID_R243,50,50,100,0,100,100,0,25,50,50,100,100,100,100
ID_R244,50,25,75,75,75,75,75,50,50,25,25,75,75,50
ID_R245,75,75,75,75,75,50,75,75,75,75,75,75,50,75
ID_R246,50,50,50,50,50,50,50,50,50,50,75,50,50,50
ID_R247,50,50,25,50,50,50,50,25,50,50,50,0,75,50
ID_R248,50,50,50,50,50,50,50,50,50,50,50,50,50,50
ID_R249,50,50,50,50,50,50,50,50,50,50,50,50,50,50
ID_R250,50,50,50,50,50,50,50,50,50,50,50,50,50,50
ID_R251,50,50,50,50,50,50,50,50,50,50,50,50,50,50
ID_R252,75,50,50,75,75,75,75,75,50,50,75,50,75,75
ID_R253,25,50,50,50,25,25,75,25,50,25,25,50,75,50
ID_R254,25,50,0,0,0,0,0,25,0,0,25,0,50,0
ID_R255,25,25,25,100,25,25,50,50,0,50,100,25,25,25
ID_R256,50,50,50,75,75,50,75,25,50,75,75,75,50,75
ID_R257,50,50,50,75,50,50,75,50,50,75,75,50,50,75
ID_R258,50,50,50,50,50,50,50,50,50,50,50,50,50,50
ID_R259,50,75,75,75,25,75,75,25,50,75,75,50,25,75
ID_R260,50,50,75,100,25,50,100,25,75,100,100,25,75,100
ID_R261,75,50,100,100,50,100,75,50,50,25,75,50,75,75
ID_R262,75,25,50,100,75,75,100,25,100,100,100,50,75,100
ID_R263,50,50,50,50,50,50,50,50,50,50,50,50,50,50
ID_R264,75,50,100,50,100,100,75,75,50,100,75,75,100,100
ID_R265,75,50,75,75,50,100,100,75,75,75,50,100,100,75
ID_R266,100,75,75,50,50,25,75,25,100,25,50,100,100,100
ID_R267,25,0,100,50,75,75,50,75,50,75,100,75,75,100
ID_R268,75,50,75,100,75,25,75,75,75,100,50,75,100,75
ID_R269,100,100,100,100,100,100,100,100,100,100,100,100,100,100
ID_R270,50,50,100,75,50,25,75,50,50,75,100,25,100,50
ID_R271,100,100,100,100,100,25,100,75,100,100,100,100,100,100
ID_R272,50,50,100,25,50,75,100,75,75,75,100,75,100,100
ID_R273,0,0,50,0,0,0,0,0,0,50,0,0,0,75
ID_R274,75,75,0,75,100,75,75,100,75,75,100,75,75,75
ID_R275,0,0,50,100,50,50,100,50,50,100,50,25,0,50
ID_R276,100,75,75,75,75,100,50,50,75,50,75,75,50,50
ID_R277,50,50,50,50,50,50,50,50,50,50,50,50,50,50
ID_R278,50,75,75,100,50,50,100,75,75,100,100,50,75,50
ID_R279,50,75,50,50,25,75,50,25,50,25,50,50,50,50
ID_R280,50,50,50,50,75,75,50,25,50,75,50,75,50,50
ID_R281,75,100,100,75,100,100,100,50,75,100,75,100,75,75
ID_R282,50,50,75,50,75,50,75,50,50,50,75,75,100,75
ID_R283,50,75,75,50,75,75,50,75,50,75,50,50,50,75
ID_R284,100,100,75,75,75,75,100,100,50,100,75,75,100,75
ID_R285,25,0,100,100,100,50,25,50,100,25,100,25,100,100
ID_R286,100,100,100,100,100,100,100,75,100,100,100,100,100,100
ID_R287,75,75,75,50,50,75,50,100,50,75,100,50,50,50
ID_R288,50,75,75,75,100,75,75,50,50,25,50,50,50,50
ID_R289,50,25,25,100,75,50,75,50,75,75,100,75,100,50
ID_R290,50,100,100,100,75,25,50,50,50,50,100,100,100,25
ID_R291,50,50,50,75,75,75,75,50,75,50,50,75,75,50
ID_R292,75,25,100,100,75,50,75,75,75,75,100,100,100,50
ID_R293,75,100,100,100,75,50,100,50,50,50,0,25,100,75
ID_R294,50,75,75,75,75,50,50,75,50,75,75,75,100,75
ID_R295,25,100,75,75,75,75,75,50,75,75,75,50,75,50
ID_R296,50,50,100,75,75,50,75,25,25,75,100,100,50,25
ID_R297,50,75,75,50,75,50,100,50,25,100,75,100,75,100
ID_R298,50,50,50,50,50,100,50,75,50,50,50,25,50,50
ID_R299,100,100,100,100,0,100,0,0,0,0,100,0,100,0
ID_R300,75,50,100,75,75,75,75,25,75,75,100,50,100,75
ID_R301,25,50,50,50,25,100,50,25,50,100,50,0,50,50
ID_R302,50,50,50,100,50,50,50,50,50,100,100,50,50,50
ID_R303,75,75,75,75,50,75,75,50,75,75,75,50,75,75
ID_R304,75,75,75,75,75,75,75,75,75,75,100,75,75,75
ID_R305,50,50,50,50,50,50,50,50,50,50,50,50,50,50
ID_R306,25,75,50,75,75,75,50,50,75,50,75,25,75,50
ID_R307,50,100,75,50,100,100,75,50,50,100,100,50,100,100
ID_R308,50,100,25,100,25,100,100,100,100,75,100,75,25,100
ID_R309,100,75,75,75,50,75,50,50,75,75,75,50,75,75
ID_R310,75,75,75,75,75,75,75,75,75,75,100,75,75,75
ID_R311,50,50,50,75,50,50,75,50,50,75,75,50,50,75
ID_R312,75,100,75,100,100,50,100,75,100,50,100,75,100,75
ID_R313,100,100,100,100,100,75,100,100,100,100,100,100,100,100
ID_R314,75,75,75,75,75,75,75,75,75,50,50,100,75,75
ID_R315,25,100,75,75,50,100,75,75,50,75,100,25,75,75
ID_R316,75,75,25,50,75,50,50,50,50,25,50,100,50,50
ID_R317,75,100,100,100,100,100,100,50,50,50,50,100,100,100
ID_R318,75,50,25,25,50,50,0,100,75,100,100,25,100,0
ID_R319,100,50,75,75,100,100,75,100,75,75,75,100,100,50
ID_R320,75,0,100,75,75,50,100,25,75,25,50,50,75,75
ID_R321,50,50,50,25,0,50,50,25,25,0,0,0,100,50
ID_R322,50,50,75,75,50,75,75,75,50,50,75,50,100,75
ID_R323,50,50,50,50,50,50,50,50,50,50,50,50,50,50
ID_R324,75,50,100,100,100,75,50,75,50,75,100,0,75,75
ID_R325,75,100,50,75,50,50,50,75,50,50,100,75,50,100
ID_R326,50,50,50,50,50,50,0,50,50,25,75,50,50,25
ID_R327,75,75,75,75,75,75,75,50,75,50,75,50,100,50
ID_R328,75,50,75,75,75,50,75,75,75,75,75,75,100,75
ID_R329,75,75,50,25,50,0,100,50,50,50,75,50,100,100
ID_R330,25,50,100,75,75,25,50,50,50,75,50,50,50,50
ID_R331,75,75,75,75,50,50,75,75,50,75,75,75,75,75
ID_R332,25,75,75,75,25,25,50,50,25,50,50,50,50,50
ID_R333,25,50,75,50,75,100,25,25,25,50,25,25,75,25
ID_R334,100,75,100,50,75,50,75,75,25,50,75,75,100,75
ID_R335,25,75,75,75,100,50,25,25,50,25,50,50,50,50
ID_R336,100,100,50,100,100,100,100,100,100,100,100,100,100,100
ID_R337,75,75,75,50,25,0,75,25,25,25,75,50,100,100
ID_R338,50,50,50,50,50,50,50,50,50,50,50,50,50,50
ID_R339,75,75,75,100,100,75,100,50,50,100,75,75,75,100
ID_R340,75,75,75,75,75,75,75,75,75,75,75,75,75,75
ID_R341,50,50,50,50,50,50,50,50,50,50,50,50,50,0
ID_R342,25,50,75,75,25,75,75,75,50,75,75,75,100,75
ID_R343,100,100,100,100,50,100,100,25,100,100,100,75,100,75
ID_R344,50,100,100,100,100,75,0,50,50,0,100,25,100,100
ID_R345,75,75,75,75,75,75,75,75,75,75,75,75,75,75
ID_R346,50,50,100,25,100,50,50,50,25,25,75,50,100,75
ID_R347,100,100,100,100,100,100,100,100,100,100,100,100,100,100
ID_R348,75,75,75,75,25,75,75,75,75,50,75,75,75,75
ID_R349,50,50,50,50,50,50,50,50,50,50,50,50,50,50
ID_R350,25,25,25,100,25,25,100,25,25,100,100,25,25,100
ID_R351,75,100,75,50,75,75,50,50,50,75,75,75,100,75
ID_R352,50,50,50,50,50,50,50,50,50,50,50,50,50,50
ID_R353,50,50,50,75,50,50,75,50,50,75,75,50,50,75
ID_R354,50,25,75,100,25,75,100,50,75,100,100,50,50,100
ID_R355,75,75,75,75,50,25,50,50,25,50,75,75,100,75
ID_R356,25,25,25,25,25,25,50,25,25,25,25,25,25,25
ID_R357,100,100,50,100,50,25,50,50,50,25,100,0,100,100
ID_R358,50,25,50,50,50,50,50,50,50,25,50,50,50,50
ID_R359,25,75,50,50,50,50,75,25,75,50,25,75,75,50
ID_R360,50,75,100,100,100,100,75,50,100,100,100,50,100,100
ID_R361,75,100,100,100,100,100,100,100,0,100,100,100,100,100
ID_R362,50,50,50,50,50,50,50,50,50,50,50,50,50,50
ID_R363,50,25,100,50,50,75,75,50,75,50,75,75,75,25
ID_R364,25,25,50,50,25,50,50,50,25,50,50,25,25,25
ID_R365,75,75,75,75,75,75,75,75,75,75,75,75,75,75
ID_R366,75,50,100,50,100,75,50,75,75,75,100,100,100,100
ID_R367,100,100,75,100,50,50,100,75,50,100,100,50,75,100
ID_R368,75,75,75,75,75,75,75,75,75,75,75,75,75,75
ID_R369,75,75,75,100,100,75,100,100,75,100,100,100,100,100
ID_R370,100,100,100,100,100,100,100,100,100,100,100,100,100,100
ID_R371,100,100,100,100,100,100,100,100,100,100,100,100,100,100
ID_R372,50,75,75,100,25,75,75,25,100,100,75,75,0,25
ID_R373,100,75,100,100,75,75,100,100,75,100,100,100,100,100
ID_R374,75,50,50,50,75,100,75,75,50,75,75,50,50,50
ID_R375,100,75,100,100,100,75,100,100,100,100,100,100,100,100
ID_R376,100,100,100,100,100,100,100,100,100,100,100,100,100,100
ID_R377,75,75,75,75,75,75,75,75,75,75,75,75,75,75
ID_R378,100,100,100,100,100,100,100,100,100,100,100,100,100,100
ID_R379,75,75,75,75,75,75,75,75,75,75,75,75,75,75
ID_R380,50,50,50,50,50,50,50,50,50,25,50,50,50,50
ID_R381,75,75,75,75,75,75,75,75,75,75,75,75,75,75
ID_R382,75,75,75,100,75,100,75,75,75,100,100,100,100,100
ID_R383,75,75,75,50,75,75,50,75,75,50,50,75,75,50
ID_R384,75,75,75,75,75,75,75,75,75,75,75,75,75,75
ID_R385,75,75,75,100,75,75,100,75,75,100,75,75,75,100
ID_R386,50,50,25,100,75,50,50,100,25,100,75,50,50,75
ID_R387,75,75,75,75,75,75,75,75,75,75,75,75,75,75
ID_R388,75,75,75,75,100,75,75,100,100,75,100,75,100,75
ID_R389,100,75,75,75,75,75,75,100,75,75,75,75,75,75
ID_R390,100,100,100,100,100,100,100,100,100,100,100,100,100,100
ID_R391,75,75,75,75,75,100,75,50,75,75,75,75,75,75
ID_R392,75,75,75,75,75,75,75,75,75,75,100,75,75,75
ID_R393,50,50,50,50,50,50,50,50,50,50,50,50,50,50
ID_R394,75,75,75,75,75,50,75,75,75,100,75,100,75,75
ID_R395,75,100,75,100,100,100,100,100,75,100,100,75,100,75
ID_R396,75,75,75,75,75,75,75,75,75,75,75,75,75,75
ID_R397,100,100,100,100,100,100,100,100,100,100,100,100,100,100
ID_R398,50,50,50,75,75,75,75,75,50,50,50,75,50,75
ID_R399,75,100,100,100,75,75,75,100,75,75,100,100,100,100
ID_R400,100,100,100,100,100,100,100,100,100,100,100,100,100,100
ID_R401,75,75,100,100,75,75,100,100,75,100,100,100,75,100
ID_R402,75,75,100,50,50,50,75,50,75,50,50,50,100,50
ID_R403,50,25,0,50,50,25,25,50,0,25,25,50,25,25
ID_R404,50,25,75,75,75,75,50,50,50,100,100,50,100,75
ID_R405,50,50,50,50,50,75,75,75,50,50,50,50,75,50
ID_R406,75,100,75,100,100,100,75,75,75,100,100,75,100,100
ID_R407,75,75,75,75,75,75,100,50,75,75,75,75,75,100
ID_R408,75,75,75,75,75,75,75,75,75,75,75,75,75,75
ID_R409,25,0,50,50,50,25,75,50,50,100,75,25,25,100
ID_R410,75,75,75,75,75,75,75,75,75,75,75,75,75,75
ID_R411,100,100,100,100,100,100,100,100,100,100,100,100,100,100
ID_R412,50,75,75,100,50,75,100,50,75,100,100,50,75,100
ID_R413,75,75,75,75,75,75,75,75,75,75,75,75,75,75
ID_R414,75,75,75,100,75,100,100,75,75,75,100,75,100,100
ID_R415,100,75,100,100,100,100,75,100,100,100,75,75,100,100
ID_R416,100,75,100,100,100,75,75,75,75,100,100,75,100,100
ID_R417,75,75,75,75,75,75,75,75,75,75,75,75,75,75
ID_R418,75,75,75,75,50,75,75,75,75,75,75,75,75,75
ID_R419,100,100,100,100,100,100,100,75,100,100,100,75,100,100
ID_R420,100,100,100,100,100,100,100,75,100,100,100,100,100,100
ID_R421,100,100,100,100,100,100,100,100,100,100,100,100,100,100
ID_R422,100,100,100,100,100,100,100,100,100,100,75,100,100,100
ID_R423,75,75,75,75,75,75,75,100,75,75,75,75,75,75
ID_R424,75,75,75,75,75,75,75,75,75,75,75,75,75,75
ID_R425,75,75,100,75,75,50,50,75,75,100,100,75,100,75
ID_R426,50,0,25,100,25,25,100,50,50,100,100,25,50,75
ID_R427,75,75,75,75,75,75,75,75,75,75,75,75,75,75
ID_R428,75,75,75,75,100,75,75,75,75,50,75,75,75,75
ID_R429,25,25,25,50,25,25,50,50,25,50,50,25,25,50
ID_R430,100,100,100,100,100,100,100,100,100,100,100,100,100,100
ID_R431,75,75,75,100,100,75,100,100,75,100,100,75,75,75
ID_R432,100,100,100,100,100,100,100,100,100,100,100,100,100,100
ID_R433,75,100,75,75,100,75,75,75,75,100,75,75,75,75
ID_R434,75,75,75,75,50,50,50,75,75,75,75,75,75,75
ID_R435,50,50,50,100,75,75,100,50,75,100,100,50,50,100
ID_R436,50,50,50,50,25,75,50,75,50,50,50,50,50,50
ID_R437,25,0,75,75,25,25,25,75,75,75,75,75,75,25
ID_R438,25,25,50,25,25,25,25,25,25,100,25,25,25,25
ID_R439,100,100,100,100,100,100,100,100,100,100,100,100,100,100
ID_R440,50,75,100,75,100,75,50,100,75,75,100,75,50,50
ID_R441,100,100,100,100,100,100,100,100,100,100,100,100,100,100
ID_R442,75,25,25,50,50,25,25,50,25,25,25,50,50,25
ID_R443,100,75,100,100,100,100,100,100,100,100,100,100,100,100
ID_R444,75,75,75,75,75,75,75,75,75,50,75,75,75,50
ID_R445,75,75,75,100,100,75,100,100,100,100,100,75,100,75
ID_R446,100,100,100,100,100,100,100,100,100,100,100,100,100,100
ID_R447,100,100,100,100,100,100,100,100,100,100,100,100,100,100
ID_R448,100,100,100,100,100,100,100,100,100,100,100,100,100,100
ID_R449,50,50,50,75,75,75,75,75,75,75,75,50,75,50
ID_R450,75,75,75,75,75,75,75,75,75,75,75,75,75,75
ID_R451,100,100,100,100,100,100,100,100,100,100,100,100,100,100
