Response_ID,Included_in_CVI,Valid_items,Invalid_items,Invalid_values,Exclusion_reason
Expert_1,No,3,40,"IND1) Проверка и настройка параметров конфиденциальности
Q1) Насколько регулярно вы проверяете и изменяете параметры безопасности и конфиденциальности своих аккаунтов в социальных сетях после появления обновлений?
Никогда — 0
Редко — 25
Иногда — 50
Часто — 75
Всегда — 100  : 50 | IND2) Управление разрешениями сторонних приложений
Q2) Насколько регулярно вы проверяете и управляете разрешениями сторонних приложений, подключённых к вашим аккаунтам в социальных сетях?
Никогда — 0
Редко — 25
Иногда — 50
Часто — 75
Всегда — 100  : 50 | IND3) Контроль распространения персональной информации
Q3) Насколько последовательно вы соблюдаете собственные правила относительно того, какую информацию можно и какую нельзя публиковать в социальных сетях?
Никогда — 0
Редко — 25
Иногда — 50
Часто — 75
Всегда — 100  : 75 | IND4) Применение строгих параметров конфиденциальности
Q4) Насколько регулярно вы проверяете и устанавливаете наиболее строгие параметры конфиденциальности, например ограничиваете круг пользователей, которые могут видеть ваши публикации?
Никогда — 0
Редко — 25
Иногда — 50
Часто — 75
Всегда — 100  : 50 | IND1) Контроль параметров конфиденциальности
Q1) Уделяете ли вы должное внимание параметрам конфиденциальности своих аккаунтов в социальных сетях?
Никогда — 0
Редко — 25
Иногда — 50
Часто — 75
Всегда — 100  : 75 | IND2) Чтение условий использования
Q2) Насколько часто вы внимательно читаете условия использования перед началом работы с сайтом?
Никогда — 0
Редко — 25
Иногда — 50
Часто — 75
Всегда — 100  : 75 | IND3) Использование шифрования
Q3) Используете ли вы средства шифрования на своих цифровых устройствах?
Нет — 0
Да — 100: 100 | IND4) Безопасное принятие запросов в друзья
Q4) Как вы обычно принимаете запросы в друзья в социальных сетях? Выберите наиболее подходящий вариант.
Принимаю всех подряд — 0
Принимаю выборочно: просматриваю профиль, общие интересы и другую информацию — 60
Принимаю только тех, кого знаю лично — 100
Никого не принимаю или мой профиль закрыт для добавления в друзья — 100  : 100 | IND5) Безопасный обмен личными материалами
Q5) Как часто вы отправляете своё личное изображение — фотографию лица — незнакомым людям при общении в интернете?
Часто, без особых ограничений — 0
Иногда, если чувствую доверие — 30
Редко, только при необходимости — 70
Никогда — 100  : 70 | IND6) Безопасное использование электронной почты
Q6) Как часто вы используете основной адрес электронной почты для неофициальных целей, например для подписок, регистрации на сайтах или общения с новыми людьми?
Часто, использую основной адрес для всех целей — 0
Иногда, использую его для некоторых неофициальных целей — 40
Редко, предпочитаю отдельный адрес для неофициальных целей — 80
Никогда, использую основной адрес только для официальных целей — 100  : 40 | IND5) Проверка безопасности соединения
Q5) Насколько регулярно вы проверяете наличие защищённого соединения или значка замка в адресной строке браузера при использовании социальных сетей?
Никогда — 0
Редко — 25
Иногда — 50
Часто — 75
Всегда — 100  : 50 | IND6) Избегание небезопасных интернет-сетей
Q6) Насколько внимательно вы выбираете интернет-сеть и избегаете незащищённых общедоступных беспроводных сетей при использовании социальных сетей?
Никогда — 0
Редко — 25
Иногда — 50
Часто — 75
Всегда — 100  : 50 |  IND7) Проверка безопасности подключаемых приложений
Q7) Насколько тщательно вы проверяете безопасность других приложений, например сетевых игр, перед их подключением к аккаунту социальной сети?
Никогда — 0
Редко — 25
Иногда — 50
Часто — 75
Всегда — 100  : 75 | IND4) Проверка подлинности сайта
Q4) Проверяете ли вы подлинность и надёжность сайта перед его посещением?
Никогда — 0
Редко — 25
Иногда — 50
Часто — 75
Всегда — 100: 75 | IND5) Безопасный переход по ссылкам
Q5) Насколько осторожно вы переходите по ссылкам в электронных письмах или публикациях социальных сетей?
Никогда не проявляю осторожность — 0
Редко проявляю осторожность — 25
Иногда проявляю осторожность — 50
Часто проявляю осторожность — 75
Всегда проявляю осторожность — 100: 75 | IND6) Отказ от использования общедоступных беспроводных сетей
Q6) Используете ли вы в повседневной деятельности общедоступные беспроводные сети, например в кафе?
Да — 0
Нет — 100
: 0 | IND7) Недоверие к безопасности общедоступных беспроводных сетей
Q7) Чувствуете ли вы себя в безопасности при использовании общедоступной беспроводной сети?
Всегда — 0
Часто — 25
Иногда — 50
Редко — 75
Никогда — 100: 50 | IND7) Использование виртуальной частной сети как средства защиты
Q7) Используете ли вы виртуальную частную сеть для защиты при работе в интернете?
Нет — 0
Да — 100  : 0 | IND8) Избегание неизвестных ссылок
Q8) Как часто вы переходите по неизвестным ссылкам из рассылок или сообщений?
Часто, не придаю этому большого значения — 0
Иногда, если мне интересно содержание — 30
Редко, только если ссылка вызывает доверие — 70
Никогда, всегда проверяю источник — 100  : 30 | IND8) Обновление уязвимых приложений
Q8) Насколько активно вы отслеживаете информацию об уязвимостях используемых приложений социальных сетей и своевременно устанавливаете обновления?
Никогда — 0
Редко — 25
Иногда — 50
Часто — 75
Всегда — 100  : 50 | IND9) Получение актуальной информации о киберугрозах
Q9) Насколько активно вы ищете информацию или обучающие материалы для повышения осведомлённости о новых киберугрозах в социальных сетях?
Никогда — 0
Редко — 25
Иногда — 50
Часто — 75
Всегда — 100  : 50 | IND10) Использование защиты от вредоносных программ
Q10) Насколько тщательно вы следите за тем, чтобы на личных устройствах, используемых для доступа к социальным сетям, была установлена защита от вредоносных программ?
Совсем не слежу — 0
Редко слежу — 25
Иногда слежу — 50
Часто слежу — 75
Всегда тщательно слежу — 100  : 50 | IND11) Применение базовых мер безопасности устройства
Q11) Насколько регулярно вы применяете основные меры безопасности на личных устройствах, используемых для доступа к социальным сетям, например блокировку экрана и отказ от снятия системных ограничений?
Никогда — 0
Редко — 25
Иногда — 50
Часто — 75
Всегда — 100  : 75 | IND8) Использование антивирусной защиты
Q8) Используете ли вы антивирусную защиту на своих цифровых устройствах?
Нет — 0
Да — 100: 100 | IND9) Использование межсетевого экрана
Q9) Используете ли вы межсетевой экран на своих цифровых устройствах?
Нет — 0
Да — 100
: 0 | IND10) Использование средства обновления программного обеспечения
Q10) Используете ли вы средство автоматического или ручного обновления программного обеспечения на своих цифровых устройствах?
Нет — 0
Да — 100: 100 | IND11) Использование резервного копирования
Q11) Выполняете ли вы резервное копирование данных со своих цифровых устройств?
Нет — 0
Да — 100: 100 | IND12) Регулярная установка обновлений
Q12) Насколько регулярно вы устанавливаете обновления программного обеспечения?
Никогда — 0
Редко — 25
Иногда — 50
Часто — 75
Всегда — 100: 50 | IND13) Наличие антивирусной защиты на устройствах
Q13) На скольких ваших цифровых устройствах установлена защита от интернет-угроз, например антивирус?
Ни на одном устройстве — 0
На одном устройстве — 25
На двух устройствах — 50
На трёх устройствах — 75
На четырёх устройствах — 100: 25 | IND14) Своевременное обновление антивирусной защиты
Q14) Обновляется ли антивирусная защита на ваших устройствах с учётом новых угроз и вредоносных программ?
Нет — 0
Не знаю — 25
Нет, но думаю, что она обновляется автоматически — 50
Да, обновляю вручную — 100
Да, думаю, что она обновляется автоматически — 100: 50 | IND15) Получение информации о киберпреступности из источников вне интернета
Q15) Получаете ли вы актуальную информацию о киберпреступности из источников вне интернета?
Не получаю такую информацию — 0
Использую хотя бы один источник вне интернета — 100: 0 | IND9) Создание безопасных паролей
Q9) Как вы обычно создаёте пароли?
Повторно использую старые пароли или простые комбинации, например 123456 — 0
Придумываю самостоятельно на основе имени, фамилии и даты рождения — 20
Придумываю самостоятельно, но не использую личную информацию — 80
Использую генератор паролей — 100  : 80 | IND10) Использование сложных паролей
Q10) Используете ли вы сложные пароли для защиты своих аккаунтов?
Нет — 0
Да — 100  : 100 | IND12) Контроль активности аккаунта
Q12) Насколько регулярно вы проверяете активность своих аккаунтов в социальных сетях, включая историю входов и подключённые приложения, для выявления подозрительных действий?
Никогда — 0
Редко — 25
Иногда — 50
Часто — 75
Всегда — 100  : 50 | IND13) Обеспечение конфиденциальности пароля
Q13) Насколько последовательно вы соблюдаете строгие правила контроля доступа, например никому не сообщаете свои пароли?
Никогда — 0
Редко — 25
Иногда — 50
Часто — 75
Всегда — 100  : 75 | IND14) Настройка восстановления аккаунта
Q14) Насколько полно вы настроили способы восстановления аккаунта, например резервную электронную почту или номер телефона, чтобы вернуть доступ в случае взлома?
Совсем не настроил — 0
Настроил в минимальной степени — 25
Настроил частично — 50
Настроил почти полностью — 75
Настроил полностью — 100  : 50 | IND16) Получение информации о киберпреступности из интернет-источников
Q16) Получаете ли вы актуальную информацию о киберпреступности из интернет-источников?
Не получаю такую информацию — 0
Использую хотя бы один интернет-источник — 100: 0 | IND17) Исключение персональной информации из паролей
Q17) Используете ли вы персональную информацию, например фамилию или дату рождения, при создании паролей?
Всегда — 0
Часто — 25
Иногда — 50
Редко — 75
Никогда — 100: 75 | IND18) Изменение паролей важных аккаунтов
Q18) Насколько регулярно вы меняете пароли важных аккаунтов, например аккаунта интернет-банка?
Никогда — 0
Редко — 25
Иногда — 50
Часто — 75
Всегда — 100: 50 | IND19) Использование аутентификации или ПИН-кода
Q19) Используете ли вы пароль, ПИН-код или другой способ аутентификации для защиты цифровых устройств?
Нет — 0
Да — 100: 100","Excluded: at least one item contains an invalid, empty, ambiguous, or non-1-4 response."
Expert_2,Yes,43,0,,Included: all 43 items contain valid expert ratings from 1 to 4.
Expert_3,No,10,33,"IND1) Проверка политики конфиденциальности
Q1) Вы читаете политику конфиденциальности перед регистрацией в социальной сети?
Никогда-0    
Редко-30
Иногда-70    
Всегда-100: Иногда  | IND3) Ограничение доступа к персональным данным
Q3) Какие данные вы скрываете от посторонних в своём профиле? Можно выбрать несколько вариантов.
Ничего не скрываю — 0
Список друзей — 7
Дату рождения — 10
Электронную почту — 12
Номер телефона — 15
Геолокацию — 18
Историю — 5
Публикации — 5
Статус «В сети» в WhatsApp и Telegram для пользователей, отсутствующих в моих контактах — 3
Фотографию профиля — 10
Секретные данные — 15  : Ничего не скрываю | IND3) Контроль распространения персональной информации
Q3) Насколько последовательно вы соблюдаете собственные правила относительно того, какую информацию можно и какую нельзя публиковать в социальных сетях?
Никогда — 0
Редко — 25
Иногда — 50
Часто — 75
Всегда — 100  : Всегда  | IND4) Безопасное принятие запросов в друзья
Q4) Как вы обычно принимаете запросы в друзья в социальных сетях? Выберите наиболее подходящий вариант.
Принимаю всех подряд — 0
Принимаю выборочно: просматриваю профиль, общие интересы и другую информацию — 60
Принимаю только тех, кого знаю лично — 100
Никого не принимаю или мой профиль закрыт для добавления в друзья — 100  : Выборочно | IND5) Безопасный обмен личными материалами
Q5) Как часто вы отправляете своё личное изображение — фотографию лица — незнакомым людям при общении в интернете?
Часто, без особых ограничений — 0
Иногда, если чувствую доверие — 30
Редко, только при необходимости — 70
Никогда — 100  : Не отправляю  | IND6) Безопасное использование электронной почты
Q6) Как часто вы используете основной адрес электронной почты для неофициальных целей, например для подписок, регистрации на сайтах или общения с новыми людьми?
Часто, использую основной адрес для всех целей — 0
Иногда, использую его для некоторых неофициальных целей — 40
Редко, предпочитаю отдельный адрес для неофициальных целей — 80
Никогда, использую основной адрес только для официальных целей — 100  : 100 | IND5) Проверка безопасности соединения
Q5) Насколько регулярно вы проверяете наличие защищённого соединения или значка замка в адресной строке браузера при использовании социальных сетей?
Никогда — 0
Редко — 25
Иногда — 50
Часто — 75
Всегда — 100  : Иногда  | IND6) Избегание небезопасных интернет-сетей
Q6) Насколько внимательно вы выбираете интернет-сеть и избегаете незащищённых общедоступных беспроводных сетей при использовании социальных сетей?
Никогда — 0
Редко — 25
Иногда — 50
Часто — 75
Всегда — 100  : Часто |  IND7) Проверка безопасности подключаемых приложений
Q7) Насколько тщательно вы проверяете безопасность других приложений, например сетевых игр, перед их подключением к аккаунту социальной сети?
Никогда — 0
Редко — 25
Иногда — 50
Часто — 75
Всегда — 100  : Редко | IND4) Проверка подлинности сайта
Q4) Проверяете ли вы подлинность и надёжность сайта перед его посещением?
Никогда — 0
Редко — 25
Иногда — 50
Часто — 75
Всегда — 100: Иногда  | IND6) Отказ от использования общедоступных беспроводных сетей
Q6) Используете ли вы в повседневной деятельности общедоступные беспроводные сети, например в кафе?
Да — 0
Нет — 100
: Нет | IND7) Недоверие к безопасности общедоступных беспроводных сетей
Q7) Чувствуете ли вы себя в безопасности при использовании общедоступной беспроводной сети?
Всегда — 0
Часто — 25
Иногда — 50
Редко — 75
Никогда — 100: Редко  | IND7) Использование виртуальной частной сети как средства защиты
Q7) Используете ли вы виртуальную частную сеть для защиты при работе в интернете?
Нет — 0
Да — 100  : Нет | IND8) Избегание неизвестных ссылок
Q8) Как часто вы переходите по неизвестным ссылкам из рассылок или сообщений?
Часто, не придаю этому большого значения — 0
Иногда, если мне интересно содержание — 30
Редко, только если ссылка вызывает доверие — 70
Никогда, всегда проверяю источник — 100  : 70 | IND8) Обновление уязвимых приложений
Q8) Насколько активно вы отслеживаете информацию об уязвимостях используемых приложений социальных сетей и своевременно устанавливаете обновления?
Никогда — 0
Редко — 25
Иногда — 50
Часто — 75
Всегда — 100  : Часто  | IND9) Получение актуальной информации о киберугрозах
Q9) Насколько активно вы ищете информацию или обучающие материалы для повышения осведомлённости о новых киберугрозах в социальных сетях?
Никогда — 0
Редко — 25
Иногда — 50
Часто — 75
Всегда — 100  : 75 | IND10) Использование защиты от вредоносных программ
Q10) Насколько тщательно вы следите за тем, чтобы на личных устройствах, используемых для доступа к социальным сетям, была установлена защита от вредоносных программ?
Совсем не слежу — 0
Редко слежу — 25
Иногда слежу — 50
Часто слежу — 75
Всегда тщательно слежу — 100  : 75 | IND11) Применение базовых мер безопасности устройства
Q11) Насколько регулярно вы применяете основные меры безопасности на личных устройствах, используемых для доступа к социальным сетям, например блокировку экрана и отказ от снятия системных ограничений?
Никогда — 0
Редко — 25
Иногда — 50
Часто — 75
Всегда — 100  : 75 | IND8) Использование антивирусной защиты
Q8) Используете ли вы антивирусную защиту на своих цифровых устройствах?
Нет — 0
Да — 100: Да | IND9) Использование межсетевого экрана
Q9) Используете ли вы межсетевой экран на своих цифровых устройствах?
Нет — 0
Да — 100
: Нет | IND10) Использование средства обновления программного обеспечения
Q10) Используете ли вы средство автоматического или ручного обновления программного обеспечения на своих цифровых устройствах?
Нет — 0
Да — 100: Да | IND11) Использование резервного копирования
Q11) Выполняете ли вы резервное копирование данных со своих цифровых устройств?
Нет — 0
Да — 100: Нет | IND12) Регулярная установка обновлений
Q12) Насколько регулярно вы устанавливаете обновления программного обеспечения?
Никогда — 0
Редко — 25
Иногда — 50
Часто — 75
Всегда — 100: Иногда  | IND13) Наличие антивирусной защиты на устройствах
Q13) На скольких ваших цифровых устройствах установлена защита от интернет-угроз, например антивирус?
Ни на одном устройстве — 0
На одном устройстве — 25
На двух устройствах — 50
На трёх устройствах — 75
На четырёх устройствах — 100: 25 | IND14) Своевременное обновление антивирусной защиты
Q14) Обновляется ли антивирусная защита на ваших устройствах с учётом новых угроз и вредоносных программ?
Нет — 0
Не знаю — 25
Нет, но думаю, что она обновляется автоматически — 50
Да, обновляю вручную — 100
Да, думаю, что она обновляется автоматически — 100: 100 | IND9) Создание безопасных паролей
Q9) Как вы обычно создаёте пароли?
Повторно использую старые пароли или простые комбинации, например 123456 — 0
Придумываю самостоятельно на основе имени, фамилии и даты рождения — 20
Придумываю самостоятельно, но не использую личную информацию — 80
Использую генератор паролей — 100  : 20 | IND10) Использование сложных паролей
Q10) Используете ли вы сложные пароли для защиты своих аккаунтов?
Нет — 0
Да — 100  : Нет | IND12) Контроль активности аккаунта
Q12) Насколько регулярно вы проверяете активность своих аккаунтов в социальных сетях, включая историю входов и подключённые приложения, для выявления подозрительных действий?
Никогда — 0
Редко — 25
Иногда — 50
Часто — 75
Всегда — 100  : Иногда  | IND14) Настройка восстановления аккаунта
Q14) Насколько полно вы настроили способы восстановления аккаунта, например резервную электронную почту или номер телефона, чтобы вернуть доступ в случае взлома?
Совсем не настроил — 0
Настроил в минимальной степени — 25
Настроил частично — 50
Настроил почти полностью — 75
Настроил полностью — 100  : 25 | IND16) Получение информации о киберпреступности из интернет-источников
Q16) Получаете ли вы актуальную информацию о киберпреступности из интернет-источников?
Не получаю такую информацию — 0
Использую хотя бы один интернет-источник — 100: 100 | IND17) Исключение персональной информации из паролей
Q17) Используете ли вы персональную информацию, например фамилию или дату рождения, при создании паролей?
Всегда — 0
Часто — 25
Иногда — 50
Редко — 75
Никогда — 100: 0 | IND18) Изменение паролей важных аккаунтов
Q18) Насколько регулярно вы меняете пароли важных аккаунтов, например аккаунта интернет-банка?
Никогда — 0
Редко — 25
Иногда — 50
Часто — 75
Всегда — 100: Редко  | IND19) Использование аутентификации или ПИН-кода
Q19) Используете ли вы пароль, ПИН-код или другой способ аутентификации для защиты цифровых устройств?
Нет — 0
Да — 100: Нет","Excluded: at least one item contains an invalid, empty, ambiguous, or non-1-4 response."
Expert_4,No,0,43,"IND1) Проверка политики конфиденциальности
Q1) Вы читаете политику конфиденциальности перед регистрацией в социальной сети?
Никогда-0    
Редко-30
Иногда-70    
Всегда-100: 70 | IND2) Проверка политики конфиденциальности
Q2) Вы когда-либо настраивали параметры конфиденциальности в своих аккаунтах социальных сетей? 
Нет -0 
Да- 100 : 100 | IND3) Ограничение доступа к персональным данным
Q3) Какие данные вы скрываете от посторонних в своём профиле? Можно выбрать несколько вариантов.
Ничего не скрываю — 0
Список друзей — 7
Дату рождения — 10
Электронную почту — 12
Номер телефона — 15
Геолокацию — 18
Историю — 5
Публикации — 5
Статус «В сети» в WhatsApp и Telegram для пользователей, отсутствующих в моих контактах — 3
Фотографию профиля — 10
Секретные данные — 15  : 15, 12, 18 | IND1) Проверка и настройка параметров конфиденциальности
Q1) Насколько регулярно вы проверяете и изменяете параметры безопасности и конфиденциальности своих аккаунтов в социальных сетях после появления обновлений?
Никогда — 0
Редко — 25
Иногда — 50
Часто — 75
Всегда — 100  : 50 | IND2) Управление разрешениями сторонних приложений
Q2) Насколько регулярно вы проверяете и управляете разрешениями сторонних приложений, подключённых к вашим аккаунтам в социальных сетях?
Никогда — 0
Редко — 25
Иногда — 50
Часто — 75
Всегда — 100  : 100 | IND3) Контроль распространения персональной информации
Q3) Насколько последовательно вы соблюдаете собственные правила относительно того, какую информацию можно и какую нельзя публиковать в социальных сетях?
Никогда — 0
Редко — 25
Иногда — 50
Часто — 75
Всегда — 100  : 100 | IND4) Применение строгих параметров конфиденциальности
Q4) Насколько регулярно вы проверяете и устанавливаете наиболее строгие параметры конфиденциальности, например ограничиваете круг пользователей, которые могут видеть ваши публикации?
Никогда — 0
Редко — 25
Иногда — 50
Часто — 75
Всегда — 100  : 50 | IND1) Контроль параметров конфиденциальности
Q1) Уделяете ли вы должное внимание параметрам конфиденциальности своих аккаунтов в социальных сетях?
Никогда — 0
Редко — 25
Иногда — 50
Часто — 75
Всегда — 100  : 75 | IND2) Чтение условий использования
Q2) Насколько часто вы внимательно читаете условия использования перед началом работы с сайтом?
Никогда — 0
Редко — 25
Иногда — 50
Часто — 75
Всегда — 100  : 75 | IND3) Использование шифрования
Q3) Используете ли вы средства шифрования на своих цифровых устройствах?
Нет — 0
Да — 100: 0 | IND4) Безопасное принятие запросов в друзья
Q4) Как вы обычно принимаете запросы в друзья в социальных сетях? Выберите наиболее подходящий вариант.
Принимаю всех подряд — 0
Принимаю выборочно: просматриваю профиль, общие интересы и другую информацию — 60
Принимаю только тех, кого знаю лично — 100
Никого не принимаю или мой профиль закрыт для добавления в друзья — 100  : 100 | IND5) Безопасный обмен личными материалами
Q5) Как часто вы отправляете своё личное изображение — фотографию лица — незнакомым людям при общении в интернете?
Часто, без особых ограничений — 0
Иногда, если чувствую доверие — 30
Редко, только при необходимости — 70
Никогда — 100  : 0 | IND6) Безопасное использование электронной почты
Q6) Как часто вы используете основной адрес электронной почты для неофициальных целей, например для подписок, регистрации на сайтах или общения с новыми людьми?
Часто, использую основной адрес для всех целей — 0
Иногда, использую его для некоторых неофициальных целей — 40
Редко, предпочитаю отдельный адрес для неофициальных целей — 80
Никогда, использую основной адрес только для официальных целей — 100  : 0 | IND5) Проверка безопасности соединения
Q5) Насколько регулярно вы проверяете наличие защищённого соединения или значка замка в адресной строке браузера при использовании социальных сетей?
Никогда — 0
Редко — 25
Иногда — 50
Часто — 75
Всегда — 100  : 75 | IND6) Избегание небезопасных интернет-сетей
Q6) Насколько внимательно вы выбираете интернет-сеть и избегаете незащищённых общедоступных беспроводных сетей при использовании социальных сетей?
Никогда — 0
Редко — 25
Иногда — 50
Часто — 75
Всегда — 100  : 75 |  IND7) Проверка безопасности подключаемых приложений
Q7) Насколько тщательно вы проверяете безопасность других приложений, например сетевых игр, перед их подключением к аккаунту социальной сети?
Никогда — 0
Редко — 25
Иногда — 50
Часто — 75
Всегда — 100  : 75 | IND4) Проверка подлинности сайта
Q4) Проверяете ли вы подлинность и надёжность сайта перед его посещением?
Никогда — 0
Редко — 25
Иногда — 50
Часто — 75
Всегда — 100: 100 | IND5) Безопасный переход по ссылкам
Q5) Насколько осторожно вы переходите по ссылкам в электронных письмах или публикациях социальных сетей?
Никогда не проявляю осторожность — 0
Редко проявляю осторожность — 25
Иногда проявляю осторожность — 50
Часто проявляю осторожность — 75
Всегда проявляю осторожность — 100: 75 | IND6) Отказ от использования общедоступных беспроводных сетей
Q6) Используете ли вы в повседневной деятельности общедоступные беспроводные сети, например в кафе?
Да — 0
Нет — 100
: 100 | IND7) Недоверие к безопасности общедоступных беспроводных сетей
Q7) Чувствуете ли вы себя в безопасности при использовании общедоступной беспроводной сети?
Всегда — 0
Часто — 25
Иногда — 50
Редко — 75
Никогда — 100: 50 | IND7) Использование виртуальной частной сети как средства защиты
Q7) Используете ли вы виртуальную частную сеть для защиты при работе в интернете?
Нет — 0
Да — 100  : 0 | IND8) Избегание неизвестных ссылок
Q8) Как часто вы переходите по неизвестным ссылкам из рассылок или сообщений?
Часто, не придаю этому большого значения — 0
Иногда, если мне интересно содержание — 30
Редко, только если ссылка вызывает доверие — 70
Никогда, всегда проверяю источник — 100  : 100 | IND8) Обновление уязвимых приложений
Q8) Насколько активно вы отслеживаете информацию об уязвимостях используемых приложений социальных сетей и своевременно устанавливаете обновления?
Никогда — 0
Редко — 25
Иногда — 50
Часто — 75
Всегда — 100  : 50 | IND9) Получение актуальной информации о киберугрозах
Q9) Насколько активно вы ищете информацию или обучающие материалы для повышения осведомлённости о новых киберугрозах в социальных сетях?
Никогда — 0
Редко — 25
Иногда — 50
Часто — 75
Всегда — 100  : 25 | IND10) Использование защиты от вредоносных программ
Q10) Насколько тщательно вы следите за тем, чтобы на личных устройствах, используемых для доступа к социальным сетям, была установлена защита от вредоносных программ?
Совсем не слежу — 0
Редко слежу — 25
Иногда слежу — 50
Часто слежу — 75
Всегда тщательно слежу — 100  : 50 | IND11) Применение базовых мер безопасности устройства
Q11) Насколько регулярно вы применяете основные меры безопасности на личных устройствах, используемых для доступа к социальным сетям, например блокировку экрана и отказ от снятия системных ограничений?
Никогда — 0
Редко — 25
Иногда — 50
Часто — 75
Всегда — 100  : 50 | IND8) Использование антивирусной защиты
Q8) Используете ли вы антивирусную защиту на своих цифровых устройствах?
Нет — 0
Да — 100: 100 | IND9) Использование межсетевого экрана
Q9) Используете ли вы межсетевой экран на своих цифровых устройствах?
Нет — 0
Да — 100
: 0 | IND10) Использование средства обновления программного обеспечения
Q10) Используете ли вы средство автоматического или ручного обновления программного обеспечения на своих цифровых устройствах?
Нет — 0
Да — 100: 100 | IND11) Использование резервного копирования
Q11) Выполняете ли вы резервное копирование данных со своих цифровых устройств?
Нет — 0
Да — 100: 0 | IND12) Регулярная установка обновлений
Q12) Насколько регулярно вы устанавливаете обновления программного обеспечения?
Никогда — 0
Редко — 25
Иногда — 50
Часто — 75
Всегда — 100: 75 | IND13) Наличие антивирусной защиты на устройствах
Q13) На скольких ваших цифровых устройствах установлена защита от интернет-угроз, например антивирус?
Ни на одном устройстве — 0
На одном устройстве — 25
На двух устройствах — 50
На трёх устройствах — 75
На четырёх устройствах — 100: 50 | IND14) Своевременное обновление антивирусной защиты
Q14) Обновляется ли антивирусная защита на ваших устройствах с учётом новых угроз и вредоносных программ?
Нет — 0
Не знаю — 25
Нет, но думаю, что она обновляется автоматически — 50
Да, обновляю вручную — 100
Да, думаю, что она обновляется автоматически — 100: 50 | IND15) Получение информации о киберпреступности из источников вне интернета
Q15) Получаете ли вы актуальную информацию о киберпреступности из источников вне интернета?
Не получаю такую информацию — 0
Использую хотя бы один источник вне интернета — 100: 100 | IND9) Создание безопасных паролей
Q9) Как вы обычно создаёте пароли?
Повторно использую старые пароли или простые комбинации, например 123456 — 0
Придумываю самостоятельно на основе имени, фамилии и даты рождения — 20
Придумываю самостоятельно, но не использую личную информацию — 80
Использую генератор паролей — 100  : 80 | IND10) Использование сложных паролей
Q10) Используете ли вы сложные пароли для защиты своих аккаунтов?
Нет — 0
Да — 100  : 100 | IND12) Контроль активности аккаунта
Q12) Насколько регулярно вы проверяете активность своих аккаунтов в социальных сетях, включая историю входов и подключённые приложения, для выявления подозрительных действий?
Никогда — 0
Редко — 25
Иногда — 50
Часто — 75
Всегда — 100  : 75 | IND13) Обеспечение конфиденциальности пароля
Q13) Насколько последовательно вы соблюдаете строгие правила контроля доступа, например никому не сообщаете свои пароли?
Никогда — 0
Редко — 25
Иногда — 50
Часто — 75
Всегда — 100  : 100 | IND14) Настройка восстановления аккаунта
Q14) Насколько полно вы настроили способы восстановления аккаунта, например резервную электронную почту или номер телефона, чтобы вернуть доступ в случае взлома?
Совсем не настроил — 0
Настроил в минимальной степени — 25
Настроил частично — 50
Настроил почти полностью — 75
Настроил полностью — 100  : 100 | IND16) Получение информации о киберпреступности из интернет-источников
Q16) Получаете ли вы актуальную информацию о киберпреступности из интернет-источников?
Не получаю такую информацию — 0
Использую хотя бы один интернет-источник — 100: 0 | IND17) Исключение персональной информации из паролей
Q17) Используете ли вы персональную информацию, например фамилию или дату рождения, при создании паролей?
Всегда — 0
Часто — 25
Иногда — 50
Редко — 75
Никогда — 100: 100 | IND18) Изменение паролей важных аккаунтов
Q18) Насколько регулярно вы меняете пароли важных аккаунтов, например аккаунта интернет-банка?
Никогда — 0
Редко — 25
Иногда — 50
Часто — 75
Всегда — 100: 25 | IND19) Использование аутентификации или ПИН-кода
Q19) Используете ли вы пароль, ПИН-код или другой способ аутентификации для защиты цифровых устройств?
Нет — 0
Да — 100: 100","Excluded: at least one item contains an invalid, empty, ambiguous, or non-1-4 response."
Expert_5,Yes,43,0,,Included: all 43 items contain valid expert ratings from 1 to 4.
Expert_6,Yes,43,0,,Included: all 43 items contain valid expert ratings from 1 to 4.
Expert_7,Yes,43,0,,Included: all 43 items contain valid expert ratings from 1 to 4.
