Item,Dimension,Indicator,Question,Expert_2,Expert_5,Expert_6,Expert_7,N_experts,Agreement_3_or_4,Ratings_3_Item,Ratings_4_Item,D_i,I_CVI,Pc,Modified_Kappa,Additional_Review_Required,Decision
1,,IND1,Q1,4,4,4,4,4,4,0,4,0,1.0,0.0625,1.0,No,Retain
2,,IND2,Q2,4,3,4,4,4,4,1,3,1,1.0,0.0625,1.0,No,Retain
3,,IND3,Q3,3,3,4,4,4,4,2,2,2,1.0,0.0625,1.0,Yes,Review wording and re-evaluate
4,,IND1,Q1,3,4,4,4,4,4,1,3,1,1.0,0.0625,1.0,No,Retain
5,,IND2,Q2,4,4,4,4,4,4,0,4,0,1.0,0.0625,1.0,No,Retain
6,,IND3,Q3,3,3,4,4,4,4,2,2,2,1.0,0.0625,1.0,Yes,Review wording and re-evaluate
7,,IND4,Q4,4,3,4,4,4,4,1,3,1,1.0,0.0625,1.0,No,Retain
8,,IND1,Q1,4,4,4,4,4,4,0,4,0,1.0,0.0625,1.0,No,Retain
9,,IND2,Q2,4,4,4,4,4,4,0,4,0,1.0,0.0625,1.0,No,Retain
10,,IND3,Q3,3,4,4,4,4,4,1,3,1,1.0,0.0625,1.0,No,Retain
11,,IND4,Q4,4,4,4,4,4,4,0,4,0,1.0,0.0625,1.0,No,Retain
12,,IND5,Q5,3,4,4,4,4,4,1,3,1,1.0,0.0625,1.0,No,Retain
13,,IND6,Q6,4,4,4,4,4,4,0,4,0,1.0,0.0625,1.0,No,Retain
14,,IND5,Q5,3,3,4,4,4,4,2,2,2,1.0,0.0625,1.0,Yes,Review wording and re-evaluate
15,,IND6,Q6,4,4,4,4,4,4,0,4,0,1.0,0.0625,1.0,No,Retain
16,,IND7,Q7,4,3,4,4,4,4,1,3,1,1.0,0.0625,1.0,No,Retain
17,,IND4,Q4,4,4,4,4,4,4,0,4,0,1.0,0.0625,1.0,No,Retain
18,,IND5,Q5,4,4,4,4,4,4,0,4,0,1.0,0.0625,1.0,No,Retain
19,,IND6,Q6,4,4,4,4,4,4,0,4,0,1.0,0.0625,1.0,No,Retain
20,,IND7,Q7,4,4,4,4,4,4,0,4,0,1.0,0.0625,1.0,No,Retain
21,,IND7,Q7,4,4,4,4,4,4,0,4,0,1.0,0.0625,1.0,No,Retain
22,,IND8,Q8,4,4,4,4,4,4,0,4,0,1.0,0.0625,1.0,No,Retain
23,,IND8,Q8,4,3,4,4,4,4,1,3,1,1.0,0.0625,1.0,No,Retain
24,,IND9,Q9,4,3,4,4,4,4,1,3,1,1.0,0.0625,1.0,No,Retain
25,,IND10,Q10,4,4,4,4,4,4,0,4,0,1.0,0.0625,1.0,No,Retain
26,,IND11,Q11,4,3,4,4,4,4,1,3,1,1.0,0.0625,1.0,No,Retain
27,,IND8,Q8,4,4,4,4,4,4,0,4,0,1.0,0.0625,1.0,No,Retain
28,,IND9,Q9,4,4,4,4,4,4,0,4,0,1.0,0.0625,1.0,No,Retain
29,,IND10,Q10,4,4,4,4,4,4,0,4,0,1.0,0.0625,1.0,No,Retain
30,,IND11,Q11,4,4,4,4,4,4,0,4,0,1.0,0.0625,1.0,No,Retain
31,,IND12,Q12,4,4,4,4,4,4,0,4,0,1.0,0.0625,1.0,No,Retain
32,,IND13,Q13,4,3,4,4,4,4,1,3,1,1.0,0.0625,1.0,No,Retain
33,,IND14,Q14,4,3,4,4,4,4,1,3,1,1.0,0.0625,1.0,No,Retain
34,,IND15,Q15,4,4,4,4,4,4,0,4,0,1.0,0.0625,1.0,No,Retain
35,,IND9,Q9,4,4,4,4,4,4,0,4,0,1.0,0.0625,1.0,No,Retain
36,,IND10,Q10,4,4,4,4,4,4,0,4,0,1.0,0.0625,1.0,No,Retain
37,,IND12,Q12,4,3,4,4,4,4,1,3,1,1.0,0.0625,1.0,No,Retain
38,,IND13,Q13,3,4,4,4,4,4,1,3,1,1.0,0.0625,1.0,No,Retain
39,,IND14,Q14,4,4,4,4,4,4,0,4,0,1.0,0.0625,1.0,No,Retain
40,,IND16,Q16,4,3,4,4,4,4,1,3,1,1.0,0.0625,1.0,No,Retain
41,,IND17,Q17,4,4,4,4,4,4,0,4,0,1.0,0.0625,1.0,No,Retain
42,,IND18,Q18,4,4,4,4,4,4,0,4,0,1.0,0.0625,1.0,No,Retain
43,,IND19,Q19,4,4,4,4,4,4,0,4,0,1.0,0.0625,1.0,No,Retain
