Respondent_ID,D1,D2,D3,D4,BDSF_equal,BDSF_indicator
KZ_R001,54.000000,66.666667,100.000000,100.000000,80.166667,76.200000
KZ_R002,37.333333,100.000000,50.000000,50.000000,59.333333,61.200000
KZ_R003,0.000000,66.666667,50.000000,100.000000,54.166667,50.000000
KZ_R004,60.666667,70.000000,50.000000,90.000000,67.666667,67.200000
KZ_R005,75.000000,83.333333,50.000000,100.000000,77.083333,77.500000
KZ_R006,80.000000,83.333333,35.000000,90.000000,72.083333,74.000000
KZ_R007,0.000000,33.333333,50.000000,100.000000,45.833333,40.000000
KZ_R008,41.666667,33.333333,50.000000,90.000000,53.750000,50.500000
KZ_R009,79.000000,66.666667,50.000000,90.000000,71.416667,71.700000
KZ_R010,79.000000,66.666667,50.000000,90.000000,71.416667,71.700000
KZ_R011,69.000000,70.000000,35.000000,90.000000,66.000000,66.700000
KZ_R012,66.666667,36.666667,35.000000,90.000000,57.083333,56.000000
KZ_R013,48.333333,66.666667,85.000000,40.000000,60.000000,59.500000
KZ_R014,6.000000,33.333333,35.000000,90.000000,41.083333,36.800000
KZ_R015,6.000000,70.000000,35.000000,90.000000,50.250000,47.800000
KZ_R016,81.666667,93.333333,35.000000,90.000000,75.000000,77.500000
KZ_R017,23.333333,66.666667,50.000000,60.000000,50.000000,49.000000
KZ_R018,0.000000,100.000000,50.000000,90.000000,60.000000,58.000000
KZ_R019,42.333333,100.000000,50.000000,40.000000,58.083333,60.700000
KZ_R020,33.333333,90.000000,50.000000,40.000000,53.333333,55.000000
KZ_R021,61.666667,93.333333,35.000000,40.000000,57.500000,61.500000
KZ_R022,71.000000,80.000000,50.000000,60.000000,65.250000,67.300000
KZ_R023,90.666667,100.000000,100.000000,50.000000,85.166667,87.200000
KZ_R024,48.333333,93.333333,50.000000,90.000000,70.416667,70.500000
KZ_R025,17.333333,83.333333,35.000000,60.000000,48.916667,49.200000
KZ_R026,54.000000,80.000000,50.000000,90.000000,68.500000,68.200000
KZ_R027,60.000000,56.666667,35.000000,90.000000,60.416667,60.000000
KZ_R028,66.666667,80.000000,50.000000,40.000000,59.166667,62.000000
KZ_R029,43.333333,70.000000,15.000000,40.000000,42.083333,45.000000
KZ_R030,44.333333,56.666667,50.000000,90.000000,60.250000,58.300000
KZ_R031,58.333333,56.666667,50.000000,10.000000,43.750000,46.500000
KZ_R032,69.000000,70.000000,35.000000,50.000000,56.000000,58.700000
KZ_R033,52.333333,66.666667,15.000000,90.000000,56.000000,56.700000
KZ_R034,42.333333,80.000000,35.000000,90.000000,61.833333,61.700000
KZ_R035,66.666667,90.000000,50.000000,90.000000,74.166667,75.000000
KZ_R036,66.666667,90.000000,50.000000,90.000000,74.166667,75.000000
KZ_R037,85.000000,63.333333,0.000000,40.000000,47.083333,52.500000
KZ_R038,71.666667,93.333333,35.000000,60.000000,65.000000,68.500000
KZ_R039,33.333333,93.333333,50.000000,10.000000,46.666667,50.000000
KZ_R040,85.000000,93.333333,50.000000,100.000000,82.083333,83.500000
KZ_R041,52.333333,56.666667,50.000000,100.000000,64.750000,62.700000
KZ_R042,64.000000,86.666667,50.000000,100.000000,75.166667,75.200000
KZ_R043,54.000000,56.666667,35.000000,90.000000,58.916667,58.200000
KZ_R044,61.666667,56.666667,50.000000,90.000000,64.583333,63.500000
KZ_R045,79.000000,66.666667,50.000000,90.000000,71.416667,71.700000
KZ_R046,85.000000,100.000000,100.000000,90.000000,93.750000,93.500000
KZ_R047,61.666667,66.666667,15.000000,0.000000,35.833333,41.500000
KZ_R048,54.000000,80.000000,35.000000,0.000000,42.250000,47.200000
KZ_R049,51.666667,53.333333,50.000000,90.000000,61.250000,59.500000
KZ_R050,81.666667,93.333333,100.000000,90.000000,91.250000,90.500000
KZ_R051,64.000000,90.000000,35.000000,90.000000,69.750000,71.200000
KZ_R052,48.333333,43.333333,35.000000,100.000000,56.666667,54.500000
KZ_R053,77.333333,70.000000,85.000000,100.000000,83.083333,81.200000
KZ_R054,53.666667,93.333333,50.000000,90.000000,71.750000,72.100000
KZ_R055,50.666667,83.333333,35.000000,90.000000,64.750000,65.200000
KZ_R056,79.000000,100.000000,100.000000,90.000000,92.250000,91.700000
KZ_R057,37.333333,13.333333,50.000000,90.000000,47.666667,43.200000
KZ_R058,77.333333,53.333333,35.000000,40.000000,51.416667,54.200000
KZ_R059,60.666667,100.000000,35.000000,90.000000,71.416667,73.200000
KZ_R060,54.000000,100.000000,100.000000,90.000000,86.000000,84.200000
KZ_R061,54.000000,93.333333,15.000000,90.000000,63.083333,65.200000
KZ_R062,48.333333,43.333333,35.000000,10.000000,34.166667,36.500000
KZ_R063,71.666667,70.000000,85.000000,90.000000,79.166667,77.500000
KZ_R064,58.333333,53.333333,85.000000,90.000000,71.666667,68.500000
KZ_R065,71.000000,93.333333,35.000000,90.000000,72.333333,74.300000
KZ_R066,69.000000,100.000000,35.000000,90.000000,73.500000,75.700000
KZ_R067,51.666667,93.333333,50.000000,50.000000,61.250000,63.500000
KZ_R068,54.000000,70.000000,15.000000,90.000000,57.250000,58.200000
KZ_R069,85.000000,100.000000,50.000000,50.000000,71.250000,75.500000
KZ_R070,42.333333,43.333333,50.000000,40.000000,43.916667,43.700000
KZ_R071,77.333333,93.333333,35.000000,40.000000,61.416667,66.200000
KZ_R072,48.333333,53.333333,35.000000,90.000000,56.666667,55.500000
KZ_R073,75.666667,66.666667,50.000000,90.000000,70.583333,70.700000
KZ_R074,50.666667,80.000000,85.000000,10.000000,56.416667,58.200000
KZ_R075,49.333333,100.000000,50.000000,40.000000,59.833333,62.800000
KZ_R076,69.000000,0.000000,15.000000,50.000000,33.500000,33.700000
KZ_R077,71.000000,66.666667,50.000000,40.000000,56.916667,59.300000
KZ_R078,43.333333,70.000000,15.000000,90.000000,54.583333,55.000000
KZ_R079,58.333333,80.000000,50.000000,40.000000,57.083333,59.500000
KZ_R080,61.666667,93.333333,50.000000,90.000000,73.750000,74.500000
KZ_R081,48.333333,43.333333,15.000000,90.000000,49.166667,48.500000
KZ_R082,48.333333,70.000000,100.000000,90.000000,77.083333,73.500000
KZ_R083,77.333333,86.666667,100.000000,90.000000,88.500000,87.200000
KZ_R084,33.333333,56.666667,50.000000,40.000000,45.000000,45.000000
KZ_R085,58.333333,56.666667,35.000000,100.000000,62.500000,61.500000
KZ_R086,61.666667,46.666667,35.000000,50.000000,48.333333,49.500000
KZ_R087,69.000000,66.666667,50.000000,90.000000,68.916667,68.700000
KZ_R088,71.666667,56.666667,50.000000,90.000000,67.083333,66.500000
KZ_R089,48.333333,93.333333,85.000000,60.000000,71.666667,71.500000
KZ_R090,42.333333,56.666667,50.000000,90.000000,59.750000,57.700000
KZ_R091,42.333333,86.666667,50.000000,90.000000,67.250000,66.700000
KZ_R092,44.333333,56.666667,85.000000,100.000000,71.500000,67.300000
KZ_R093,62.666667,66.666667,35.000000,90.000000,63.583333,63.800000
KZ_R094,54.333333,43.333333,50.000000,60.000000,51.916667,51.300000
KZ_R095,54.333333,93.333333,35.000000,40.000000,55.666667,59.300000
KZ_R096,21.333333,100.000000,15.000000,50.000000,46.583333,49.400000
KZ_R097,61.666667,70.000000,35.000000,40.000000,51.666667,54.500000
KZ_R098,60.666667,83.333333,35.000000,90.000000,67.250000,68.200000
KZ_R099,71.666667,66.666667,50.000000,60.000000,62.083333,63.500000
KZ_R100,45.000000,43.333333,65.000000,90.000000,60.833333,57.500000
KZ_R101,61.666667,83.333333,35.000000,100.000000,70.000000,70.500000
KZ_R102,58.333333,43.333333,100.000000,90.000000,72.916667,68.500000
KZ_R103,53.333333,83.333333,15.000000,40.000000,47.916667,52.000000
KZ_R104,87.333333,56.666667,35.000000,90.000000,67.250000,68.200000
KZ_R105,48.333333,80.000000,35.000000,40.000000,50.833333,53.500000
KZ_R106,32.333333,93.333333,50.000000,40.000000,53.916667,55.700000
KZ_R107,47.333333,83.333333,85.000000,40.000000,63.916667,64.200000
KZ_R108,81.000000,80.000000,100.000000,90.000000,87.750000,86.300000
KZ_R109,57.666667,90.000000,15.000000,90.000000,63.166667,65.300000
KZ_R110,38.333333,66.666667,50.000000,10.000000,41.250000,43.500000
KZ_R111,71.666667,100.000000,85.000000,90.000000,86.666667,86.500000
KZ_R112,45.666667,33.333333,85.000000,50.000000,53.500000,50.700000
KZ_R113,9.000000,66.666667,35.000000,10.000000,30.166667,31.700000
KZ_R114,33.333333,100.000000,50.000000,100.000000,70.833333,70.000000
KZ_R115,18.333333,86.666667,15.000000,100.000000,55.000000,54.500000
KZ_R116,61.666667,70.000000,50.000000,90.000000,67.916667,67.500000
KZ_R117,75.000000,56.666667,35.000000,40.000000,51.666667,54.500000
KZ_R118,48.333333,56.666667,85.000000,90.000000,70.000000,66.500000
KZ_R119,48.333333,43.333333,15.000000,90.000000,49.166667,48.500000
KZ_R120,87.333333,86.666667,15.000000,40.000000,57.250000,63.200000
KZ_R121,52.333333,90.000000,50.000000,90.000000,70.583333,70.700000
KZ_R122,43.333333,70.000000,100.000000,10.000000,55.833333,56.000000
KZ_R123,25.000000,93.333333,50.000000,90.000000,64.583333,63.500000
KZ_R124,65.666667,10.000000,100.000000,60.000000,58.916667,54.700000
KZ_R125,61.666667,66.666667,35.000000,90.000000,63.333333,63.500000
KZ_R126,69.000000,80.000000,50.000000,40.000000,59.750000,62.700000
KZ_R127,75.666667,83.333333,100.000000,90.000000,87.250000,85.700000
KZ_R128,38.333333,0.000000,0.000000,50.000000,22.083333,21.500000
KZ_R129,65.666667,76.666667,100.000000,50.000000,73.083333,72.700000
KZ_R130,52.666667,33.333333,65.000000,90.000000,60.250000,56.800000
KZ_R132,75.000000,66.666667,35.000000,40.000000,54.166667,57.500000
KZ_R133,56.666667,43.333333,50.000000,40.000000,47.500000,48.000000
KZ_R134,71.666667,100.000000,35.000000,90.000000,74.166667,76.500000
KZ_R135,58.333333,23.333333,35.000000,100.000000,54.166667,51.500000
KZ_R136,9.000000,100.000000,50.000000,40.000000,49.750000,50.700000
KZ_R137,81.666667,80.000000,85.000000,10.000000,64.166667,67.500000
KZ_R138,81.666667,90.000000,100.000000,90.000000,90.416667,89.500000
KZ_R139,47.333333,56.666667,15.000000,90.000000,52.250000,52.200000
KZ_R140,64.000000,80.000000,50.000000,90.000000,71.000000,71.200000
KZ_R141,43.333333,56.666667,50.000000,10.000000,40.000000,42.000000
KZ_R142,77.333333,70.000000,35.000000,40.000000,55.583333,59.200000
KZ_R143,66.666667,80.000000,35.000000,90.000000,67.916667,69.000000
KZ_R144,50.666667,56.666667,15.000000,40.000000,40.583333,43.200000
KZ_R145,69.000000,70.000000,50.000000,10.000000,49.750000,53.700000
KZ_R146,54.000000,93.333333,50.000000,40.000000,59.333333,62.200000
KZ_R147,65.666667,100.000000,50.000000,90.000000,76.416667,77.700000
KZ_R148,5.000000,66.666667,35.000000,0.000000,26.666667,28.500000
KZ_R149,15.000000,46.666667,85.000000,40.000000,46.666667,43.500000
KZ_R150,15.000000,46.666667,85.000000,40.000000,46.666667,43.500000
KZ_R151,64.000000,66.666667,100.000000,90.000000,80.166667,77.200000
KZ_R152,61.666667,80.000000,50.000000,90.000000,70.416667,70.500000
KZ_R153,56.666667,80.000000,50.000000,60.000000,61.666667,63.000000
KZ_R154,41.666667,56.666667,35.000000,90.000000,55.833333,54.500000
KZ_R155,62.666667,100.000000,100.000000,50.000000,78.166667,78.800000
KZ_R156,75.000000,53.333333,35.000000,40.000000,50.833333,53.500000
KZ_R157,41.666667,90.000000,50.000000,90.000000,67.916667,67.500000
KZ_R158,70.666667,100.000000,50.000000,50.000000,67.666667,71.200000
KZ_R159,85.000000,93.333333,50.000000,60.000000,72.083333,75.500000
KZ_R160,64.000000,83.333333,35.000000,60.000000,60.583333,63.200000
KZ_R161,51.666667,56.666667,35.000000,90.000000,58.333333,57.500000
KZ_R162,75.666667,100.000000,50.000000,90.000000,78.916667,80.700000
KZ_R163,48.333333,53.333333,50.000000,60.000000,52.916667,52.500000
KZ_R164,71.666667,46.666667,50.000000,40.000000,52.083333,53.500000
KZ_R165,48.333333,53.333333,35.000000,60.000000,49.166667,49.500000
KZ_R166,53.000000,56.666667,35.000000,40.000000,46.166667,47.900000
KZ_R167,43.333333,30.000000,15.000000,50.000000,34.583333,35.000000
KZ_R168,64.000000,93.333333,35.000000,40.000000,58.083333,62.200000
KZ_R169,15.000000,70.000000,35.000000,40.000000,40.000000,40.500000
KZ_R170,47.333333,93.333333,50.000000,40.000000,57.666667,60.200000
KZ_R171,42.333333,53.333333,35.000000,10.000000,35.166667,37.700000
KZ_R172,58.333333,70.000000,35.000000,40.000000,50.833333,53.500000
KZ_R173,67.666667,76.666667,100.000000,10.000000,63.583333,65.300000
KZ_R174,75.666667,66.666667,50.000000,90.000000,70.583333,70.700000
KZ_R175,87.333333,66.666667,100.000000,90.000000,86.000000,84.200000
KZ_R176,75.666667,100.000000,50.000000,100.000000,81.416667,82.700000
KZ_R177,85.000000,100.000000,100.000000,60.000000,86.250000,87.500000
