Respondent_ID,Q1,Q2,Q3,Q4,Q5,Q6,Q7,Q8,Q9,Q10,Q11,Q12,Q13,Q14,Q15,Q16,Q17,Q18,Q19,Q20,Q21,Q22,Q23,Q24,Q25,Q26,Q27,Q28,Q29,Q30,Q31,Q32,Q33,Q34,Q35,Q36,Q37,Q38,Q39,Q40,Q41,Q42,Q43,Q44,Q45,Q46,Q47,Q48,Q49,Q50,Q51,Q52,Q53,Q54,Q55,Q56,Q57,Q58,Q59,Q60,Q61,Q62,Q63
IN_R001,1,1,1,1,1,1,1,1,1,1,1,1,1,1,1,1,1,1,1,1,1,1,1,1,1,1,1,1,1,1,1,1,1,1,1,1,1,1,1,1,1,1,1,1,1,1,1,1,,1,1,1,1,1,1,1,1,1,,1,1,,1
IN_R002,1,1,2,1,1,1,1,2,2,2,1,2,2,1,2,2,1,1,2,2,1,2,2,2,1,2,2,1,1,1,2,2,2,2,2,2,2,2,2,1,2,2,2,2,2,2,2,2,,2,2,2,2,2,2,2,2,,,,2,1,
IN_R003,1,1,2,1,1,1,1,3,1,1,1,3,2,1,3,3,1,1,2,2,1,1,3,1,1,3,1,2,1,1,3,3,1,1,2,1,1,2,2,1,2,2,3,1,3,3,3,3,,3,1,1,1,1,1,3,1,2,1,,1,,2
IN_R004,1,1,2,1,1,1,1,4,3,3,2,1,2,1,4,1,2,2,2,3,2,1,4,3,1,3,3,3,2,1,2,4,3,3,3,2,3,3,2,2,1,1,2,3,1,1,1,1,,2,2,2,2,2,3,4,2,,,,1,,2
IN_R005,2,1,2,2,1,1,2,1,2,4,2,1,1,1,4,4,1,3,1,4,2,1,1,4,1,3,3,3,1,1,2,5,1,4,3,3,3,3,2,1,3,2,1,2,1,3,1,3,,1,2,3,1,2,1,1,1,1,,2,1,1,3
IN_R006,1,2,1,3,1,1,2,4,2,3,1,1,3,1,4,4,1,3,3,3,3,3,4,1,1,4,3,4,3,1,1,2,4,2,4,1,1,1,3,3,4,1,1,2,4,4,4,4,,1,1,3,1,2,1,3,1,1,,3,1,,2
IN_R007,1,1,1,2,1,1,2,1,4,5,3,3,1,1,4,3,2,3,2,1,1,4,4,3,1,5,3,1,1,1,3,2,2,2,1,3,2,2,2,1,2,2,3,1,3,3,3,3,,1,2,3,2,2,2,5,1,,,,2,2,
IN_R008,1,3,2,3,1,1,2,4,5,6,4,4,,2,4,1,2,3,2,1,1,3,1,4,1,4,3,5,4,1,2,5,1,2,3,3,2,2,2,1,2,2,2,4,2,2,1,3,,1,1,3,3,2,4,3,1,,,,2,1,
IN_R009,1,1,2,4,1,1,2,4,3,4,5,1,4,3,1,1,1,1,3,4,3,1,2,1,1,3,3,6,5,1,2,2,4,1,3,3,1,3,4,3,1,1,2,3,1,1,4,4,,1,1,3,2,2,4,4,1,1,,4,1,,2
IN_R010,1,1,2,1,1,1,2,5,1,7,5,1,4,2,1,2,1,1,4,5,3,5,3,1,1,3,2,1,6,1,1,1,5,1,2,4,1,1,1,4,4,3,1,2,1,1,1,1,,1,1,3,1,2,4,2,1,,,,2,3,
IN_R011,1,1,2,4,1,2,1,4,1,8,1,3,5,2,1,3,1,3,2,1,1,4,4,3,1,3,1,3,5,1,1,1,2,2,1,3,2,2,4,2,2,2,1,2,1,1,1,1,,3,2,3,2,2,4,6,1,,,,2,4,
IN_R012,2,1,1,2,1,1,2,2,1,7,1,1,1,2,3,3,1,3,2,1,1,5,3,3,1,6,1,7,2,1,3,2,1,1,1,4,2,1,4,4,3,3,1,2,1,1,3,1,,3,1,3,1,2,4,6,1,1,,5,1,,2
IN_R013,1,3,2,4,1,2,1,2,1,9,4,3,6,4,3,3,1,3,2,5,3,4,4,3,1,6,1,1,2,1,3,2,2,2,1,3,3,3,3,3,1,1,4,3,4,4,4,4,,1,3,3,3,2,4,3,1,,,,2,3,
IN_R014,1,3,2,3,1,1,2,2,1,7,5,5,7,4,3,2,1,3,1,4,1,4,3,3,1,4,1,3,7,1,1,2,2,1,1,3,2,2,2,1,2,1,1,4,2,1,1,2,,3,1,1,3,2,4,2,1,,,,2,4,
IN_R015,2,1,2,1,1,1,3,4,1,10,6,1,8,2,1,1,1,3,1,1,3,1,2,1,1,4,1,4,8,1,3,3,2,2,2,4,2,4,2,1,2,2,1,2,1,1,4,4,,1,2,1,3,2,4,6,1,,,,2,2,
IN_R016,1,1,1,2,1,1,2,4,1,3,1,1,9,2,1,2,1,1,4,5,3,1,3,1,1,4,1,1,2,1,1,1,5,1,2,4,2,2,2,1,2,2,1,2,1,1,1,1,,1,1,1,3,2,4,6,1,,,,2,1,
IN_R017,1,3,,3,1,1,2,4,1,11,7,3,10,2,3,4,3,4,2,2,4,1,1,4,1,4,3,3,5,1,3,5,1,1,1,1,2,2,2,1,2,2,1,4,1,1,1,1,,2,1,1,3,2,4,5,1,,,,2,4,
IN_R018,1,1,1,2,1,2,2,6,1,4,2,1,11,2,4,2,1,1,2,3,2,1,3,1,1,7,4,3,2,1,1,1,2,1,1,4,1,3,1,4,4,1,1,3,1,1,1,1,,1,1,1,3,2,4,5,1,1,,3,1,,4
IN_R019,1,3,1,3,1,2,2,6,1,4,1,3,2,4,3,3,2,3,5,5,1,1,2,3,1,4,1,3,5,1,1,5,2,5,2,3,2,2,2,1,2,2,2,1,2,1,1,2,,1,2,2,2,2,4,2,1,,,,2,4,
IN_R020,2,2,2,3,1,2,2,2,1,1,5,3,1,2,3,2,2,1,4,5,1,5,4,3,1,6,1,1,2,1,1,2,2,2,2,4,1,1,4,2,3,4,1,2,1,1,1,1,,1,2,2,2,1,4,3,1,,,,2,1,
IN_R021,2,1,1,4,1,2,2,2,1,7,8,5,,2,3,5,2,3,1,5,1,2,1,3,1,6,1,3,6,1,3,2,2,2,3,1,2,2,2,1,2,2,3,1,1,3,3,3,,1,3,3,2,3,4,5,1,,,,2,5,
IN_R022,2,3,2,1,1,2,2,7,1,10,1,6,9,2,3,2,1,1,2,1,3,4,4,3,1,8,1,2,9,1,1,1,1,1,2,3,1,1,1,4,4,4,1,2,1,1,1,1,,1,1,2,1,3,1,5,1,,,,2,6,
IN_R023,2,3,2,3,1,1,1,2,1,7,8,5,12,5,3,2,1,1,4,5,4,5,1,3,1,5,1,6,6,1,2,2,1,1,2,1,2,2,1,4,2,2,1,3,1,1,3,3,,1,1,1,1,3,1,3,1,,,,2,3,
IN_R024,2,1,2,3,1,1,2,2,1,12,8,1,13,4,3,3,4,1,4,2,1,3,5,3,1,6,3,3,2,1,1,5,2,1,2,1,4,3,2,1,2,2,3,1,3,3,3,1,,2,1,1,1,3,1,5,1,,,,2,7,
IN_R025,1,1,2,1,1,1,3,6,1,4,1,2,14,2,3,4,1,1,5,2,5,1,3,3,1,3,1,8,9,1,1,1,3,3,3,3,4,2,4,2,2,2,1,1,3,1,3,3,,1,1,1,1,3,1,3,1,1,,6,1,,5
IN_R026,1,4,2,5,1,1,3,2,1,11,8,1,15,2,3,3,2,1,1,1,1,1,1,3,1,6,1,6,6,2,2,2,1,2,1,3,4,2,2,1,2,2,1,2,1,1,1,1,,1,1,1,1,3,1,4,1,1,,,2,4,
IN_R027,1,1,2,5,1,1,3,2,1,3,1,1,5,2,3,3,1,1,2,1,5,1,4,3,1,2,2,6,1,1,1,5,2,2,1,3,4,2,4,2,2,2,1,4,1,1,1,1,,1,2,2,2,2,2,5,1,1,,,2,1,
IN_R028,2,3,2,5,1,1,3,6,1,10,4,3,10,5,4,2,1,1,2,1,4,1,3,3,1,4,1,1,5,1,1,1,2,1,1,4,4,4,4,2,3,4,1,2,1,1,1,1,,1,1,1,1,2,1,6,1,1,,,2,4,
IN_R029,2,4,2,3,1,2,1,8,1,13,4,3,16,2,4,3,2,3,5,2,1,3,4,3,1,9,4,3,6,1,3,2,1,2,1,1,2,2,4,1,2,2,1,1,2,3,2,2,,1,2,1,1,2,2,3,2,1,,,2,4,
IN_R030,2,1,2,5,1,1,2,1,1,14,4,3,17,2,3,3,1,3,1,2,5,3,4,3,1,4,2,5,5,1,1,1,1,2,2,3,4,2,2,1,3,3,1,2,1,1,1,1,,1,3,1,3,1,4,2,2,1,,,2,7,
IN_R031,1,1,2,5,1,1,2,2,1,4,4,1,5,1,3,3,1,3,2,1,5,3,1,3,1,6,1,3,1,1,3,2,1,2,1,3,4,2,4,2,4,3,1,2,1,1,1,1,,1,2,1,2,1,4,3,2,1,,,2,4,
IN_R032,1,3,2,4,1,1,2,4,1,15,4,1,3,2,1,2,1,1,4,5,3,5,3,3,1,4,1,1,10,1,1,1,5,1,2,4,1,1,1,4,4,3,1,2,1,1,1,1,,1,1,1,1,1,1,3,2,1,,,2,1,
IN_R033,1,3,1,5,1,1,2,9,1,16,4,1,8,4,3,5,2,4,2,2,1,4,4,3,1,4,1,7,2,2,3,2,2,2,1,3,4,4,4,2,3,4,1,2,1,1,1,1,,1,2,2,2,2,2,1,2,1,,,1,,5
IN_R034,1,4,2,4,1,1,1,2,1,4,4,1,4,2,4,3,3,3,1,4,4,3,1,3,1,3,2,3,5,1,1,2,1,2,3,1,2,2,2,1,2,2,2,4,2,2,3,3,,2,2,2,2,3,4,4,2,1,,,2,4,
IN_R035,1,4,2,3,1,2,1,2,1,17,4,1,13,1,4,4,4,5,1,5,3,3,4,3,1,6,3,3,5,3,1,5,1,1,4,1,2,4,4,3,1,1,2,3,3,1,3,3,,1,2,2,2,2,2,5,2,1,,,1,,1
IN_R036,2,1,2,3,1,1,2,4,1,18,4,7,18,2,1,1,1,1,3,5,3,1,5,3,1,3,4,3,6,1,1,1,4,1,3,4,3,3,3,3,1,1,1,2,1,4,1,1,,1,1,1,2,1,1,1,2,1,,,2,4,
IN_R037,1,1,1,5,1,1,2,2,1,19,4,1,3,2,3,1,1,1,5,3,2,1,5,3,1,5,1,1,5,1,1,1,1,1,4,3,4,2,2,1,2,2,1,3,1,1,1,4,,1,1,1,2,1,4,6,1,1,,7,1,,4
IN_R038,2,1,2,6,1,1,2,4,1,4,4,1,13,2,2,3,1,1,5,3,2,1,3,3,1,3,3,3,6,1,1,1,4,4,2,3,3,3,4,3,4,1,4,2,1,1,1,1,,1,1,1,2,4,5,5,2,1,,,2,4,
IN_R039,1,3,2,1,1,1,2,6,1,3,4,1,11,4,3,3,2,3,2,1,1,4,4,3,1,3,1,4,3,2,3,2,2,2,1,3,3,3,3,3,1,1,3,1,3,3,3,3,1,3,2,2,2,2,2,5,2,1,,,2,6,
IN_R040,2,2,1,1,1,1,3,7,1,20,4,1,10,2,3,1,1,1,4,5,1,2,5,4,1,1,1,7,4,1,1,1,3,2,3,3,2,2,4,2,3,4,1,2,3,1,1,1,,1,1,1,2,1,1,6,2,1,,,2,8,
IN_R041,1,3,2,3,1,1,3,4,1,18,4,1,2,5,4,3,1,3,1,2,1,3,4,4,2,4,1,4,11,1,1,2,1,1,1,3,2,2,4,1,2,2,1,1,1,1,3,3,,1,2,1,2,1,1,2,2,1,,,2,3,
IN_R042,2,1,1,2,1,1,3,4,1,21,4,1,,5,4,3,3,4,1,3,4,2,3,5,2,5,3,3,5,1,3,5,3,5,3,1,2,4,2,2,2,4,1,2,1,3,2,3,,1,2,1,2,2,2,4,1,1,,3,1,,2
IN_R043,2,4,1,5,1,1,3,1,1,3,4,7,19,2,1,4,1,1,5,5,3,2,4,1,1,10,1,9,12,2,3,4,2,5,3,3,2,2,4,1,3,1,1,3,1,1,1,1,,1,2,1,2,2,1,3,2,1,,,2,7,
IN_R044,1,3,2,3,1,1,2,4,1,11,4,1,2,5,3,4,2,2,1,4,3,3,1,3,1,3,4,5,1,1,3,2,3,3,3,2,1,2,3,3,2,1,1,4,1,1,1,1,,1,2,2,2,2,2,6,2,1,,,2,4,
IN_R045,2,3,1,2,1,1,2,4,1,1,4,1,11,2,1,5,1,3,3,2,5,2,5,1,1,4,1,10,13,2,1,2,1,3,1,3,4,2,4,1,3,4,1,3,1,1,1,1,,4,1,1,2,2,1,3,1,1,,8,1,,4
IN_R046,2,1,2,5,1,1,1,4,1,11,4,3,2,1,4,3,1,1,2,1,5,5,1,4,1,3,4,11,7,4,3,1,1,1,2,4,1,1,1,2,3,3,1,2,1,1,1,1,,1,1,1,2,2,4,3,1,1,,3,1,,5
IN_R047,2,3,1,1,1,1,3,6,1,1,2,1,10,4,1,1,1,1,3,5,3,1,5,1,1,3,2,7,12,1,1,1,4,1,2,4,1,3,1,4,4,1,1,3,1,1,1,1,,1,1,1,2,1,1,3,1,1,,3,1,,1
IN_R048,1,1,2,3,1,1,1,9,1,22,1,3,20,3,3,2,2,3,2,1,1,3,4,3,2,3,4,3,5,1,3,2,1,2,1,3,4,2,2,1,2,2,4,3,1,1,2,2,,1,1,3,2,3,4,2,2,1,,,2,4,
IN_R049,2,3,1,1,1,1,3,4,1,1,2,1,10,2,3,3,2,3,5,4,4,1,5,3,1,3,4,4,1,1,2,2,3,2,1,1,1,1,1,2,3,3,1,3,1,1,1,1,,1,2,2,2,2,2,6,1,1,,7,1,,4
IN_R050,2,3,1,5,1,1,2,7,1,4,1,1,3,2,1,3,4,3,2,2,5,4,2,1,1,10,1,4,12,2,3,2,3,1,3,1,4,2,2,1,3,2,1,1,1,1,1,1,,1,1,1,1,1,2,3,2,1,,,2,7,
IN_R051,2,3,2,2,1,2,2,10,1,9,4,3,,4,1,3,1,3,2,5,1,4,4,1,1,2,2,6,14,1,1,4,5,2,1,4,2,2,4,1,2,4,2,3,1,1,1,1,,1,1,1,1,1,1,3,1,1,,9,1,,1
IN_R052,1,3,2,3,1,1,2,2,1,2,2,1,1,4,1,3,1,1,1,5,3,3,4,3,2,3,1,6,2,5,2,1,1,1,2,4,1,4,4,2,2,3,3,1,3,3,1,1,,2,1,1,1,1,1,3,2,1,,,2,9,
IN_R053,2,2,2,5,1,1,2,11,1,18,1,1,21,4,1,3,1,1,4,5,1,1,2,1,1,9,5,6,4,1,1,1,5,1,2,4,3,3,3,3,1,1,4,3,4,4,4,4,,3,1,1,1,1,1,6,2,1,,,2,6,
IN_R054,1,4,2,3,1,1,1,9,1,1,8,1,3,5,3,3,1,3,5,1,4,1,2,5,2,4,5,1,1,1,4,1,3,2,4,2,2,3,4,1,2,1,1,2,1,1,3,1,,3,2,1,1,1,1,6,2,1,,,2,4,
IN_R055,1,1,2,5,1,1,2,2,1,9,8,4,,4,3,3,1,1,4,5,3,1,4,4,1,6,5,1,2,1,1,1,5,1,2,3,1,2,1,4,3,4,1,2,1,1,1,1,,1,1,1,1,1,1,4,1,1,,10,1,,6
IN_R056,2,3,2,5,1,1,3,4,1,10,1,2,14,2,3,3,1,3,2,3,4,1,4,3,2,3,1,12,9,2,3,2,2,2,1,3,4,4,4,2,3,4,1,2,1,1,1,1,,1,2,4,2,2,2,6,2,1,,,1,,7
IN_R057,1,1,2,5,1,1,2,7,1,3,1,1,22,2,3,3,1,3,2,2,1,3,1,3,2,4,1,11,1,1,1,2,1,1,1,1,1,1,2,1,2,2,2,1,3,1,3,3,,1,1,4,1,1,1,6,2,1,,,2,1,
IN_R058,2,2,2,5,1,1,1,2,1,4,1,8,10,2,3,3,1,1,2,4,5,2,4,5,2,4,5,4,1,1,1,1,1,1,3,4,1,1,4,2,4,3,1,2,1,1,1,1,,1,1,4,1,1,1,2,1,1,,7,1,,2
IN_R059,1,1,2,2,1,1,1,6,1,11,2,1,13,2,3,3,1,2,1,3,4,2,3,1,1,11,2,3,5,2,2,4,2,2,3,3,1,3,4,3,1,1,1,2,1,2,2,4,,4,2,4,1,2,2,6,2,1,,,2,10,
IN_R060,1,2,2,3,1,2,1,9,1,23,4,3,12,1,4,4,3,3,1,2,4,5,3,3,3,6,1,3,5,1,2,5,2,3,1,1,4,2,2,4,4,3,2,4,2,3,3,3,,3,1,4,2,2,2,2,2,1,,,2,4,
IN_R061,2,2,2,3,1,1,1,2,1,11,4,3,1,5,3,1,1,1,1,1,4,2,5,3,1,4,5,3,15,1,1,1,1,1,1,3,2,3,2,1,2,1,1,2,1,1,1,1,,1,1,4,1,1,1,6,2,1,,,2,4,
IN_R062,2,1,2,7,1,1,1,10,1,7,1,1,16,4,3,1,2,1,5,5,3,4,3,1,1,2,1,1,6,1,1,2,1,2,2,2,3,1,1,4,4,3,1,3,1,1,1,1,,1,1,4,1,1,1,6,2,1,,,2,2,
IN_R063,1,3,2,3,1,1,1,4,1,24,5,1,16,5,3,4,2,3,2,1,1,3,1,3,2,12,4,3,5,2,3,2,1,2,3,1,2,2,2,1,2,2,3,1,3,3,3,3,,1,3,3,3,3,4,1,2,1,,,2,4,
IN_R064,1,1,2,1,1,1,3,4,1,4,2,1,19,2,4,3,1,1,5,3,2,2,1,3,1,3,1,11,16,1,2,5,3,2,3,3,4,3,2,1,2,2,4,3,3,2,2,2,,1,1,1,2,2,2,6,2,1,,,2,1,
IN_R065,2,4,2,7,1,1,1,4,1,25,1,1,1,2,3,3,1,4,1,2,5,4,1,3,2,1,1,6,4,1,1,2,1,2,1,3,2,2,2,1,3,2,1,4,1,1,1,1,,1,1,1,1,2,2,3,2,1,,,2,4,
IN_R066,1,2,2,7,1,1,1,2,1,7,4,3,1,4,1,3,4,2,4,5,1,4,3,5,1,6,1,1,2,1,1,1,1,1,1,1,2,4,4,2,3,4,1,2,1,1,1,1,,1,1,2,1,1,2,4,2,1,,,2,2,
IN_R067,1,3,2,8,1,1,1,2,1,26,1,3,23,2,3,3,1,1,2,5,3,4,2,1,1,6,2,1,6,1,4,2,2,1,1,3,2,3,4,1,4,2,3,1,3,3,3,3,,1,1,1,1,2,2,5,2,1,,,2,4,
IN_R068,1,1,2,7,1,1,1,7,1,3,5,7,5,1,3,4,2,3,5,1,4,2,3,1,1,3,1,1,1,3,3,4,2,2,4,2,4,3,3,3,1,1,2,3,4,4,4,4,,3,4,2,2,2,2,3,2,1,,,2,6,
IN_R069,2,3,2,2,1,1,1,6,1,19,4,3,5,4,4,1,1,1,3,3,2,5,4,1,1,12,3,4,1,2,2,2,2,2,2,5,1,3,1,3,4,1,4,2,4,4,1,4,,4,1,1,1,1,1,1,2,1,,,2,11,
IN_R070,1,2,2,3,1,1,1,2,1,9,1,3,12,2,1,4,1,3,5,5,3,2,4,5,1,3,1,1,6,1,1,1,3,1,4,2,1,2,4,2,3,2,1,3,1,1,1,2,,1,1,1,1,1,1,5,1,1,,11,1,,4
IN_R071,2,3,2,7,1,1,1,6,1,18,2,1,24,4,3,1,1,1,1,2,4,1,1,1,1,5,3,6,12,2,3,1,3,1,3,3,4,2,2,1,3,1,3,1,3,1,1,3,,1,2,2,2,2,2,3,2,1,,,2,4,
IN_R072,1,2,2,3,2,2,1,2,1,9,4,3,,4,4,5,3,4,1,2,5,1,1,4,3,6,3,1,6,4,2,5,1,3,3,1,2,2,2,1,2,2,3,1,3,3,3,3,,1,2,2,2,2,2,5,2,1,,,2,4,
IN_R073,1,3,2,3,2,2,1,4,1,3,1,1,10,2,3,1,1,1,2,1,1,1,1,3,1,3,3,6,14,1,1,5,1,1,3,1,3,3,3,3,1,4,2,3,1,1,1,1,,3,1,1,1,1,1,6,2,1,,,2,1,
IN_R074,1,1,2,7,3,2,1,4,1,3,4,1,3,2,5,1,2,1,5,4,1,1,1,3,2,4,3,7,2,1,2,1,3,1,3,2,4,3,3,2,4,3,1,1,1,1,1,1,,1,4,4,1,2,5,5,2,1,,,2,12,
IN_R075,2,3,1,7,1,2,1,5,1,1,1,1,,6,1,1,1,3,2,4,4,1,2,1,1,6,3,4,1,5,1,5,1,2,4,3,2,2,2,1,2,2,1,3,1,2,1,2,,1,1,1,1,1,1,1,2,1,,,2,6,
IN_R076,2,3,1,1,2,2,3,1,1,4,6,2,11,2,1,1,1,1,5,2,5,1,2,1,1,2,3,5,12,1,1,1,3,3,3,1,1,1,4,2,3,3,1,3,1,1,1,1,,1,2,2,2,2,2,2,1,1,,7,1,,4
IN_R077,2,3,2,7,4,2,2,8,1,27,1,9,25,2,1,2,1,1,4,5,3,1,3,1,1,1,3,6,17,1,1,1,5,1,2,4,3,3,3,3,1,1,1,2,1,1,1,1,,1,1,1,1,1,1,5,2,1,,,2,2,
IN_R078,1,1,2,7,4,1,1,8,1,1,1,4,4,2,1,2,1,1,1,5,4,1,3,3,1,2,4,3,5,1,3,1,2,1,2,4,3,3,2,1,1,1,3,4,2,4,4,4,,2,2,2,2,2,2,4,2,1,,,2,4,
IN_R079,1,1,2,7,2,1,1,2,1,3,1,1,16,1,3,2,1,3,1,2,1,3,4,4,1,2,3,3,2,1,3,2,1,1,1,1,1,2,4,1,2,2,1,4,1,1,1,1,,1,1,1,1,2,2,4,2,1,,,2,4,
IN_R080,2,2,2,3,2,1,2,2,1,9,5,1,12,2,1,2,1,1,4,1,3,4,4,1,1,4,1,1,6,1,1,1,5,1,2,3,1,2,4,1,4,3,1,2,1,1,1,1,,1,1,1,1,1,2,4,2,1,,,2,3,
IN_R081,2,1,1,7,2,1,2,4,1,1,6,1,3,5,3,2,2,1,1,4,5,1,5,1,2,4,1,12,18,2,1,1,3,3,3,3,1,2,1,1,3,1,1,4,1,3,1,2,,3,1,1,2,5,2,4,1,1,,12,1,,2
IN_R082,1,3,1,3,5,1,2,4,1,10,2,1,7,2,3,3,2,4,2,1,1,4,4,3,2,4,2,3,5,2,3,2,2,2,1,3,2,2,2,1,2,2,3,1,1,1,1,1,,1,1,1,4,2,1,4,2,1,,,2,4,
IN_R083,1,1,2,7,2,1,2,4,1,3,2,1,25,2,3,1,1,1,3,4,1,1,5,5,4,3,4,3,5,2,2,1,4,5,1,4,2,3,3,3,1,1,2,3,2,2,1,2,,1,4,2,1,1,1,4,2,1,,,2,2,
IN_R084,2,2,2,9,5,1,3,7,1,10,9,8,26,4,1,1,1,1,3,5,3,1,5,1,1,10,1,12,13,1,1,1,3,1,1,3,1,3,1,4,4,3,4,3,1,1,1,1,,1,1,2,1,1,1,4,2,1,,,2,13,
IN_R085,2,2,1,7,2,1,3,7,1,3,1,1,5,1,3,1,3,4,1,3,4,3,5,4,2,8,3,3,5,4,3,2,3,1,3,2,4,2,4,2,2,2,3,3,1,3,1,3,2,1,1,2,1,4,1,4,1,1,,4,1,,3
IN_R086,2,2,2,3,5,1,3,4,1,2,10,3,27,5,3,3,2,1,5,2,1,1,5,5,2,4,3,3,2,3,1,1,4,1,4,3,2,2,2,2,3,4,1,4,2,1,1,1,,1,1,2,1,1,1,4,2,1,,,2,4,
IN_R087,2,2,2,2,5,1,3,8,1,28,1,1,2,2,3,1,1,1,3,5,4,2,5,1,1,2,3,2,2,1,1,1,3,1,2,4,1,1,1,1,3,2,1,2,1,1,1,1,,1,1,2,1,1,1,4,2,1,,,2,9,
IN_R088,1,3,1,7,5,1,3,6,1,1,8,1,12,5,2,2,2,5,3,3,2,5,5,5,1,3,3,13,19,1,1,1,4,1,2,5,4,3,1,1,4,3,1,3,1,1,1,1,,1,1,2,1,1,1,4,1,1,,5,1,,8
IN_R089,1,2,2,1,3,1,3,2,1,7,1,1,1,2,4,5,3,4,1,2,5,3,5,4,3,1,3,3,2,4,2,5,1,3,3,1,2,2,2,1,2,2,3,1,3,3,3,3,,1,2,3,3,3,4,4,2,1,,,2,9,
IN_R090,2,3,2,7,6,2,1,2,1,11,8,5,12,2,4,3,1,3,1,1,3,2,5,3,1,5,3,4,1,3,2,1,5,1,4,2,2,2,3,3,2,2,1,2,1,1,1,1,,1,1,3,1,1,1,4,2,,,,2,4,
IN_R091,2,2,1,7,5,1,2,1,1,16,1,3,18,2,3,3,1,3,2,2,1,3,5,3,1,10,2,14,12,1,3,2,2,2,1,3,4,2,4,1,3,2,1,2,1,3,1,1,,1,2,3,2,1,4,4,2,,,,2,1,
IN_R092,2,3,1,3,3,1,2,4,1,1,5,3,4,2,3,3,2,3,1,4,4,4,5,5,4,4,5,3,6,1,3,2,3,3,3,3,4,2,4,1,2,1,3,4,3,2,2,3,,1,2,3,2,1,2,4,1,1,,13,1,,2
IN_R093,2,2,1,3,2,1,2,7,1,3,4,3,18,4,3,3,2,3,2,2,3,3,5,3,2,8,1,15,20,1,1,1,1,1,3,4,2,1,1,1,2,2,1,2,1,1,1,1,,1,1,3,1,1,1,4,2,,,,2,6,
IN_R094,2,1,1,2,4,1,2,2,1,7,4,1,1,1,3,3,1,3,1,4,4,3,5,5,2,3,4,3,1,1,2,4,2,2,1,3,2,2,2,1,1,1,4,4,1,1,1,4,,3,3,3,2,1,1,4,2,,,,2,14,
IN_R095,2,1,2,7,2,1,2,2,1,24,8,1,16,3,4,5,3,4,1,2,5,3,1,4,3,6,1,15,5,4,2,5,1,3,3,1,2,2,2,1,2,2,3,1,3,3,3,3,,4,3,3,3,3,4,4,1,1,,3,1,,2
IN_R096,2,3,2,3,5,1,3,1,1,1,1,1,11,4,4,5,1,1,3,1,3,1,5,1,1,1,2,10,8,1,1,2,2,3,2,4,1,3,1,3,4,1,1,3,1,1,1,1,,1,3,3,1,2,1,4,1,1,,5,1,,4
IN_R097,2,3,1,7,4,1,2,2,1,22,2,1,28,5,4,5,1,1,2,1,1,4,4,3,2,4,1,6,2,1,3,1,3,1,1,4,4,2,2,1,3,2,3,2,1,2,1,3,,1,1,3,1,1,1,4,2,,,,2,9,
IN_R098,2,3,2,7,5,1,2,8,1,10,1,7,19,2,4,5,2,3,2,2,5,4,4,3,1,9,1,16,21,2,3,2,2,2,1,3,2,2,2,1,2,2,1,2,1,1,1,1,,1,2,3,2,2,2,4,2,,,,2,9,
IN_R099,2,3,2,7,2,1,2,7,1,4,3,2,10,2,4,5,1,3,1,2,3,2,1,3,1,10,1,2,22,1,1,1,1,1,2,3,1,4,2,1,4,3,1,1,1,3,1,3,,1,2,3,1,1,1,4,2,,,,2,9,
IN_R100,1,3,2,7,5,1,2,2,1,1,1,1,10,2,4,5,1,1,4,4,2,4,1,1,1,3,1,6,5,1,1,2,1,2,1,1,4,4,4,2,2,1,1,1,1,1,1,3,,1,1,1,1,1,2,4,2,,,,2,4,
IN_R101,2,2,2,7,2,1,3,4,1,3,4,3,1,3,4,5,1,1,4,3,1,1,3,1,1,3,1,17,3,1,1,1,1,1,2,4,1,3,2,3,2,1,1,2,1,1,1,1,,3,1,1,1,1,1,4,2,,,,2,9,
IN_R102,2,1,2,10,4,1,2,1,1,10,6,1,16,4,4,5,1,1,4,3,3,1,4,1,1,2,1,6,2,1,1,2,4,3,4,3,1,1,1,4,2,3,1,2,3,1,1,1,,4,1,2,2,3,2,4,1,1,,3,1,,4
IN_R103,1,3,2,3,5,1,2,6,1,18,6,8,4,2,1,5,1,1,1,5,1,3,3,1,1,11,2,3,12,1,1,1,1,1,2,4,1,2,1,4,3,2,1,2,1,1,1,1,,1,1,1,1,1,1,4,1,1,,14,1,,4
IN_R104,2,3,1,7,4,1,2,7,1,4,1,3,3,2,4,5,2,1,1,4,4,2,2,3,4,11,1,2,4,1,1,1,3,1,3,1,1,2,4,1,2,1,3,1,1,1,3,1,,1,1,1,1,1,2,4,2,,,,2,9,
IN_R105,2,3,1,1,2,1,3,6,1,4,1,2,11,2,3,5,1,3,3,2,3,2,1,1,1,3,1,12,13,5,3,1,1,1,3,1,1,4,4,1,2,2,1,1,1,1,1,1,,1,1,1,1,1,1,4,2,,,,2,1,
IN_R106,2,2,1,3,2,1,2,4,1,1,1,3,10,5,1,1,1,1,3,2,4,1,5,1,1,8,1,2,1,1,1,2,1,1,5,3,4,2,4,2,2,4,1,3,1,1,1,1,,1,1,1,1,1,1,4,1,1,,1,1,,2
IN_R107,2,1,1,10,7,1,3,7,1,10,11,2,10,5,1,1,1,1,3,3,1,2,5,1,2,1,1,3,2,1,3,1,3,4,3,4,1,3,1,3,3,1,1,2,3,2,2,2,,1,4,4,1,1,3,4,1,1,,15,1,,3
IN_R108,2,1,1,7,2,1,2,7,1,4,1,1,11,2,3,4,1,1,5,1,3,1,2,1,1,3,1,11,18,3,1,1,1,1,2,4,1,3,2,4,4,1,1,2,1,1,1,1,,1,1,1,1,4,3,3,2,,,,2,10,
IN_R109,1,1,2,8,2,1,2,2,1,18,10,1,15,4,3,3,2,3,1,2,1,3,1,4,2,6,3,1,2,2,4,5,1,3,3,1,2,2,2,1,2,2,3,1,3,3,3,3,,3,1,2,2,2,3,3,2,,,,2,2,
IN_R110,1,3,2,3,5,1,1,4,1,29,6,3,25,2,4,3,4,4,1,4,4,3,4,5,3,3,4,16,1,1,3,5,2,3,3,3,4,2,2,1,2,2,2,1,3,3,2,2,,4,2,1,1,2,3,6,2,,,,2,4,
IN_R111,1,4,2,8,2,1,2,4,1,4,3,3,4,2,3,1,1,1,1,1,4,2,4,3,2,3,4,3,5,5,2,2,3,2,3,2,1,4,2,2,2,1,1,2,1,1,2,1,,1,1,1,1,2,3,3,1,1,,16,1,,3
IN_R112,1,3,1,7,1,1,2,4,1,4,2,1,11,1,2,2,5,4,3,3,4,1,3,4,4,4,4,1,1,5,3,5,1,1,4,5,2,2,3,3,2,1,1,4,1,2,1,3,,1,5,5,5,4,5,4,2,,,,2,9,
IN_R113,,,,,,,,2,,24,,1,,,,,,,,,,,,,,6,,,5,4,3,5,1,3,3,1,2,2,4,1,3,2,2,2,1,2,3,2,,,1,1,2,2,1,,1,1,,8,1,,4
IN_R114,2,1,2,3,1,1,2,2,1,12,4,1,13,4,3,3,4,1,4,2,1,3,5,4,3,6,3,3,2,1,1,5,2,1,2,1,4,3,2,1,2,2,3,1,3,3,3,1,,2,1,1,1,1,1,5,2,,,,2,7,
IN_R115,2,3,2,3,5,1,2,5,1,30,4,1,3,2,3,2,1,1,5,4,2,2,1,3,2,9,4,4,1,5,1,5,2,1,1,3,3,3,2,3,1,1,1,2,2,2,1,2,,1,1,1,1,1,1,6,2,,,,2,4,
IN_R116,1,1,2,2,5,1,1,4,1,29,4,1,1,2,1,1,1,1,4,5,3,1,2,1,1,3,1,4,2,2,2,1,1,1,3,3,1,3,4,1,1,1,4,1,1,1,1,1,,1,1,1,1,1,1,5,2,,,,2,2,
IN_R117,2,1,2,7,5,1,2,4,2,4,4,1,26,2,3,3,1,1,4,3,1,1,3,3,1,11,1,1,2,1,2,2,1,4,1,3,1,2,3,3,3,1,1,1,1,3,1,4,,1,3,1,1,1,1,5,2,,,,2,4,
IN_R118,1,3,2,3,2,1,2,7,2,20,4,10,10,2,1,2,1,1,1,5,3,2,4,1,1,8,2,12,9,1,1,1,1,1,3,3,1,2,1,1,2,2,1,1,1,1,1,1,,2,3,1,3,1,2,5,2,,,,2,4,
IN_R119,2,1,2,7,5,1,2,4,2,31,4,3,20,2,3,3,1,3,1,2,4,2,1,1,1,3,1,10,12,1,1,2,2,2,3,3,3,3,3,3,3,1,1,4,1,1,3,3,,4,2,2,2,2,2,5,2,,,,2,9,
IN_R120,1,1,2,7,5,1,2,2,1,9,4,1,,4,4,2,3,4,1,5,3,4,1,3,1,6,1,3,6,1,2,2,1,1,2,1,3,3,2,3,2,2,4,4,3,3,3,3,,3,1,2,1,1,1,3,2,,,,2,3,
IN_R121,2,3,2,7,5,1,1,2,1,7,4,3,12,2,1,4,5,3,2,5,3,5,3,1,5,6,4,1,2,1,1,1,5,1,4,4,1,1,1,4,4,3,1,2,1,1,1,1,,1,1,2,1,1,1,3,1,1,,5,1,,4
IN_R122,2,2,2,3,5,1,2,2,1,7,4,5,12,2,3,3,2,4,2,1,1,4,4,3,2,6,2,6,2,2,3,2,2,2,1,3,2,2,2,2,3,2,1,4,1,1,1,1,,1,2,2,2,2,2,5,2,,,,2,3,
IN_R123,2,1,2,7,5,1,2,4,6,10,4,2,5,2,1,1,1,1,3,5,1,1,1,1,1,4,1,16,2,1,1,1,3,4,5,3,1,3,1,3,4,1,4,1,1,4,1,4,,1,1,2,1,1,1,1,2,,,,2,9,
IN_R124,2,2,2,1,5,1,3,1,1,1,4,2,10,2,1,1,1,1,3,1,2,5,5,1,1,10,5,17,1,1,1,1,4,1,2,4,1,1,1,4,4,3,1,3,1,4,1,1,,1,1,2,1,1,1,5,1,2,2,,1,9,3
IN_R125,1,1,1,7,4,1,2,11,2,4,4,1,22,2,3,1,1,1,3,3,5,1,4,3,1,1,2,11,2,1,1,2,4,1,4,3,1,3,4,3,3,2,1,2,2,1,1,3,,4,1,2,1,1,1,3,2,2,,,2,9,
IN_R126,,1,2,3,5,1,2,4,2,3,12,1,10,4,1,1,1,1,1,5,3,1,5,1,1,3,2,9,3,1,3,1,2,1,2,3,3,3,1,3,1,1,1,3,1,1,1,1,,3,1,2,1,1,1,6,1,2,,3,1,,2
IN_R127,2,1,2,7,5,1,1,2,1,7,1,1,23,2,2,1,5,1,1,3,1,5,3,3,5,12,5,1,2,4,1,4,2,2,1,3,3,3,2,3,1,1,4,1,4,4,4,4,,4,1,2,1,5,1,4,1,2,,14,1,,2
IN_R128,1,1,1,7,5,1,2,2,2,32,8,3,16,4,1,1,2,4,2,5,3,2,3,1,1,5,1,1,6,1,1,1,5,1,2,4,1,4,4,2,3,4,1,2,1,1,1,1,,4,1,2,1,1,1,5,2,2,,,2,3,
IN_R129,1,1,2,11,2,1,2,1,5,1,4,3,29,1,1,1,1,1,1,2,3,1,1,3,1,4,1,4,23,2,1,1,1,1,3,2,3,3,4,3,1,1,1,1,1,1,1,1,,2,1,2,1,1,1,6,1,2,,3,1,,8
IN_R130,1,1,2,1,5,1,3,4,2,10,1,1,10,4,3,1,2,3,2,1,1,4,4,3,2,4,1,12,24,2,3,2,2,2,1,3,2,2,2,1,2,2,3,1,3,3,3,3,,3,3,3,3,3,4,6,2,2,,,2,1,
IN_R131,2,2,1,1,2,1,3,10,2,4,1,3,10,2,1,1,1,1,3,5,1,1,5,1,1,4,2,12,16,1,1,1,4,1,1,5,1,3,1,3,4,1,1,3,1,1,4,4,,1,1,1,1,1,1,6,2,2,,,2,15,
IN_R132,1,2,2,11,5,1,3,2,1,30,5,3,16,4,3,1,3,4,2,1,1,4,1,4,3,6,5,3,6,1,3,2,1,3,1,3,2,3,2,1,2,1,3,2,3,1,1,1,,1,2,4,2,2,2,5,2,2,,,2,4,
IN_R133,2,2,1,2,2,1,1,7,7,4,2,7,22,2,5,4,3,1,1,4,5,4,4,4,3,2,1,4,21,4,2,2,1,2,3,1,4,4,2,2,2,2,1,3,3,4,3,2,,1,1,2,1,2,2,6,1,2,1,,1,,2
IN_R134,2,2,1,2,5,1,1,1,1,18,1,1,1,2,3,5,1,3,1,1,5,2,4,3,1,10,1,18,2,5,3,2,1,2,4,3,2,2,4,1,2,2,1,4,2,1,1,3,,1,2,2,2,2,2,6,2,2,,,2,3,
IN_R135,2,2,1,2,5,1,1,1,1,18,1,1,1,2,3,5,1,3,1,1,5,2,4,3,1,10,1,18,2,5,3,2,1,2,4,3,2,2,4,1,2,2,1,4,2,1,1,3,,1,2,2,2,2,2,6,2,2,,,2,3,
IN_R136,2,4,1,11,2,1,2,2,1,11,1,9,3,2,4,3,1,3,1,2,4,3,3,3,2,2,1,18,7,5,2,4,2,2,1,1,2,3,2,2,2,2,3,2,1,3,3,3,,3,1,1,1,2,2,3,1,2,,14,1,,4
IN_R137,2,2,1,11,5,1,2,8,1,1,8,3,1,5,4,5,2,1,2,1,1,4,3,3,2,10,3,18,2,5,3,5,1,1,3,1,2,4,2,1,4,3,1,3,1,1,1,3,,2,1,1,1,1,2,5,2,2,,,2,2,
IN_R138,1,1,2,11,6,1,2,2,1,1,1,1,30,2,3,1,1,5,3,1,3,1,5,1,1,3,2,18,6,5,2,1,4,1,3,5,4,3,1,4,1,1,1,3,1,4,1,4,,1,1,1,1,1,2,4,2,2,,,2,4,
IN_R139,2,2,2,11,4,1,2,2,1,7,5,1,23,2,1,1,1,2,5,3,2,1,5,1,1,6,1,18,8,5,1,2,4,1,4,5,3,3,2,3,1,1,2,2,1,2,1,1,,1,1,1,1,2,2,6,2,2,,,2,2,
IN_R140,2,3,2,3,5,1,2,2,1,7,1,1,21,2,1,2,2,4,1,1,1,2,4,1,2,6,2,18,2,5,1,5,1,1,2,4,2,2,2,4,4,2,1,4,2,2,2,2,,3,1,1,1,1,1,6,2,2,,,2,2,
IN_R141,2,3,2,1,4,1,3,4,1,33,7,3,22,2,1,1,1,1,5,1,1,1,5,1,2,1,2,18,2,5,2,4,2,1,1,3,4,3,4,3,2,4,1,3,1,1,3,4,,4,2,1,2,1,1,6,2,2,,,2,4,
IN_R142,2,3,2,3,2,2,1,2,1,7,4,1,1,1,3,5,3,3,2,2,5,4,4,4,3,6,5,18,1,5,3,5,2,1,3,1,1,1,1,1,3,2,1,1,1,3,1,3,,1,1,2,1,1,1,5,2,2,,,1,,2
IN_R143,1,3,2,11,2,2,1,6,1,4,1,2,3,5,4,3,1,3,1,2,4,3,4,4,1,12,4,18,5,5,3,1,4,2,3,1,1,2,2,1,2,2,1,2,1,1,1,1,,1,1,1,2,3,1,4,2,2,,,1,,8
IN_R144,2,4,2,3,5,2,3,2,1,9,8,3,16,6,1,3,2,3,2,5,1,3,3,3,3,6,1,18,6,5,3,2,1,1,1,1,2,2,4,2,3,4,1,2,1,1,1,1,,1,1,1,1,5,1,3,2,2,,,2,3,
IN_R145,1,1,2,3,2,2,1,8,1,29,1,1,1,2,4,5,2,4,4,5,1,4,4,1,2,3,1,18,2,4,2,5,1,3,3,1,1,2,2,1,2,2,3,1,3,3,3,3,,1,1,1,1,1,1,6,1,2,3,,1,,3
IN_R146,1,2,1,11,4,2,2,4,1,3,1,1,10,2,3,1,1,4,3,3,1,3,1,3,1,1,1,18,3,1,1,2,4,3,3,3,1,1,3,3,1,1,1,2,4,4,4,4,,1,1,1,1,1,1,3,1,2,4,,1,,3
IN_R147,2,2,2,11,5,2,2,4,1,1,6,2,10,2,3,3,1,1,5,3,4,1,4,1,1,4,1,18,12,1,1,2,3,4,5,1,4,3,4,3,2,3,1,2,1,1,1,1,,1,1,1,1,2,1,6,1,2,5,,1,,5
IN_R148,1,1,1,11,2,2,2,4,1,4,1,3,11,2,3,4,1,1,1,5,1,1,2,3,2,4,2,18,24,1,1,4,3,2,1,4,2,2,4,3,2,2,2,2,2,2,2,2,,1,1,1,1,1,1,6,1,2,,17,1,,2
IN_R149,2,2,2,11,2,1,2,9,1,1,2,1,2,1,3,3,1,4,1,4,4,1,1,4,2,12,4,18,25,1,1,2,2,3,3,1,4,3,2,1,3,1,1,4,3,1,1,1,,2,1,2,1,1,1,6,1,2,,18,1,,4
IN_R150,2,1,2,11,5,1,2,2,1,7,8,1,28,1,1,2,1,1,4,5,3,5,3,1,1,6,1,18,2,1,3,2,2,1,1,3,4,4,1,4,4,3,1,2,1,1,1,1,,1,1,1,1,1,1,6,1,2,3,,1,,1
IN_R151,2,3,2,11,2,1,1,1,1,10,8,2,25,2,4,3,1,1,4,1,3,3,3,1,2,1,2,18,1,1,1,1,2,1,2,3,3,3,3,3,1,1,4,3,4,4,4,4,,1,1,1,1,1,1,3,2,2,,,2,16,
IN_R152,2,1,2,1,5,1,2,7,1,1,8,2,11,4,3,4,1,1,2,4,4,2,2,1,1,8,1,18,14,1,1,1,3,5,4,2,1,1,1,4,4,3,1,4,1,1,1,1,,1,1,1,1,1,1,1,2,2,,,2,4,
IN_R153,1,3,1,3,8,1,1,4,1,34,8,1,1,4,3,3,1,3,5,5,1,2,2,3,2,3,1,18,5,1,1,1,1,1,1,1,2,2,4,1,2,2,1,2,1,1,1,1,,1,2,1,1,1,1,3,2,2,,,2,4,
IN_R154,1,3,1,11,2,1,2,4,1,1,2,1,2,2,3,2,1,1,2,2,2,2,4,5,1,3,4,18,2,1,2,1,3,5,5,3,2,3,2,1,2,1,1,3,1,1,1,1,,3,1,1,1,3,1,4,2,2,,,2,4,
IN_R155,2,3,1,11,4,1,2,7,1,28,1,1,31,1,3,3,2,3,5,4,2,1,1,5,3,13,4,18,5,2,3,2,3,2,1,1,4,2,4,2,2,4,1,1,1,1,1,1,,3,2,2,2,3,2,3,1,2,,3,1,,4
IN_R156,2,1,1,11,4,1,2,11,1,1,1,2,11,4,1,1,1,1,5,3,2,3,4,1,1,3,2,18,1,1,1,5,2,2,3,3,1,3,4,3,4,1,4,1,1,1,1,1,,1,2,2,1,3,1,3,2,2,,,2,9,
IN_R157,1,1,2,12,4,1,1,4,1,1,1,1,29,2,1,1,1,1,1,5,1,4,2,1,1,3,1,1,1,1,3,4,2,2,4,4,3,3,4,3,1,1,1,3,1,1,1,1,,1,1,1,1,3,1,2,2,2,,,2,6,
IN_R158,2,1,2,11,4,1,2,2,1,19,8,3,3,1,5,3,1,1,2,4,1,4,4,3,2,3,1,1,1,1,1,2,1,2,1,3,4,2,4,1,2,2,2,2,3,1,1,3,,1,2,2,2,3,2,3,2,2,,,2,15,
IN_R159,2,1,2,11,4,1,2,9,1,4,1,2,3,2,1,3,1,3,1,4,4,2,4,3,1,6,1,5,2,2,3,2,3,2,3,2,2,2,4,1,2,2,2,4,1,1,2,2,,1,2,1,1,3,2,5,2,2,,,2,4,
IN_R160,2,3,2,3,2,2,2,4,1,12,1,3,3,5,5,4,1,1,1,4,4,2,4,3,1,3,5,3,5,1,2,5,3,3,3,2,2,3,2,1,2,1,3,3,3,3,3,3,,2,2,1,1,3,2,4,2,2,,,2,4,
IN_R161,2,2,2,1,5,1,3,1,1,1,6,2,10,2,1,1,1,1,3,1,2,5,5,1,1,10,5,17,1,1,1,1,4,1,2,4,1,1,1,4,4,3,1,3,1,4,1,1,,1,1,1,1,3,1,5,1,2,2,,1,,4
IN_R162,2,3,1,1,4,2,3,5,1,9,1,4,17,2,1,4,1,1,5,4,1,2,2,1,1,3,1,7,6,1,1,1,3,3,2,4,1,2,1,4,2,2,1,2,2,2,2,2,,2,3,3,3,3,1,6,2,2,,,2,4,
IN_R163,2,3,1,3,2,1,3,4,1,1,1,1,9,4,1,4,1,1,1,1,1,1,1,1,1,8,1,17,14,1,1,2,2,1,1,3,2,2,4,1,2,4,1,2,3,1,1,1,,3,1,1,1,3,1,2,1,2,,3,1,,3
IN_R164,1,1,2,11,5,1,2,4,1,4,4,3,30,5,3,1,2,3,1,4,1,1,4,1,4,1,2,6,5,1,1,2,3,1,1,3,4,2,4,1,2,2,1,1,1,1,3,3,,1,1,1,1,3,1,6,2,2,,,2,6,
IN_R165,2,2,2,11,5,1,1,2,1,7,4,3,2,1,3,2,1,1,2,1,1,3,4,3,1,6,1,7,1,1,1,1,3,1,1,3,4,2,2,1,2,3,1,4,1,3,3,1,,2,1,1,1,1,1,4,1,2,6,,1,,8
IN_R166,2,1,2,11,4,1,2,4,1,35,1,3,30,1,3,4,1,1,5,4,4,2,5,3,2,4,3,6,2,1,3,2,2,2,4,3,3,3,3,3,2,1,1,2,1,1,1,1,,1,2,1,1,1,2,4,2,2,,,2,6,
IN_R167,2,4,2,3,5,2,2,10,1,28,1,3,25,1,1,2,1,1,2,1,1,4,4,1,1,2,1,4,19,1,1,1,2,1,1,4,4,4,4,1,3,4,1,2,1,1,1,1,,1,1,1,1,1,1,3,2,2,,,2,8,
IN_R168,2,1,2,2,1,2,2,6,1,31,1,3,25,2,3,2,1,1,1,2,3,1,1,5,1,4,5,3,2,1,1,2,3,3,1,4,4,3,2,3,3,2,1,3,1,1,1,3,,3,1,1,1,1,2,4,2,2,,,2,4,
IN_R169,2,3,2,2,5,2,1,4,1,10,1,5,11,4,1,2,1,1,4,5,3,5,3,1,1,10,1,12,10,1,1,1,5,2,1,4,1,1,1,2,3,4,1,2,1,1,1,1,,1,1,1,1,1,1,6,2,2,,,2,9,
IN_R170,2,1,2,11,6,2,2,1,1,10,1,3,3,2,4,5,1,1,2,2,2,1,1,3,1,10,1,4,3,1,3,2,1,1,1,3,4,3,2,2,1,1,1,3,1,1,1,1,,4,1,2,1,1,1,3,2,2,,,2,6,
IN_R171,1,2,2,3,5,2,1,6,1,29,1,1,1,1,1,3,2,1,1,2,5,4,4,1,1,3,1,7,6,5,3,5,1,2,2,4,4,3,2,1,3,4,1,3,2,1,1,1,,1,1,1,1,2,2,3,2,2,,,2,8,
IN_R172,2,2,1,11,2,1,2,9,1,35,2,1,12,4,1,3,1,1,4,2,1,3,2,1,1,13,1,3,7,4,1,1,2,1,2,4,1,3,2,4,4,1,1,2,1,1,1,1,,3,1,1,1,1,1,3,2,2,,,2,3,
IN_R173,2,3,2,11,2,1,1,2,1,7,8,3,1,5,3,3,2,3,2,1,1,4,4,3,2,6,1,1,2,5,4,4,3,5,4,2,2,2,2,1,2,2,2,4,2,2,2,2,,1,1,1,1,1,1,5,2,2,,,2,4,
IN_R174,2,2,2,11,2,1,2,1,1,11,4,3,2,2,3,3,2,3,1,2,5,3,4,1,2,6,2,12,2,2,3,1,1,2,1,3,1,4,4,2,3,3,1,2,1,1,1,1,,1,2,2,1,1,2,5,2,2,,,2,2,
IN_R175,2,3,1,11,2,1,2,7,1,36,4,3,10,1,3,3,2,3,2,1,1,4,4,3,2,2,4,1,6,1,1,1,1,1,1,3,4,4,4,2,3,4,1,2,1,1,1,1,,2,2,2,1,2,2,5,1,2,,19,1,,2
IN_R176,2,1,2,11,2,1,2,2,1,7,4,3,15,2,3,3,3,4,2,1,1,4,4,3,2,6,1,1,6,4,2,5,1,3,3,1,2,2,2,1,2,2,3,1,3,3,3,3,,1,3,3,3,2,4,6,2,2,,,2,9,
IN_R177,2,1,2,1,2,1,2,7,1,1,4,3,29,2,3,1,1,1,1,5,3,1,5,1,1,3,4,9,24,1,3,2,3,1,2,3,2,3,2,1,1,2,1,3,1,1,1,1,,1,1,1,1,2,1,5,2,2,,,2,1,
IN_R178,2,3,2,1,4,1,3,7,1,18,7,3,22,4,3,5,1,1,3,4,4,1,2,1,1,1,1,17,25,1,1,5,2,2,1,4,3,4,2,1,1,1,2,1,4,2,4,4,,1,2,2,2,2,1,6,2,2,,,2,9,
IN_R179,2,1,1,11,2,1,2,2,1,6,1,3,1,2,4,3,1,1,2,5,3,2,2,3,1,4,1,1,1,1,1,2,5,2,2,4,4,2,4,2,2,2,1,4,1,1,1,1,,1,1,1,2,2,1,3,1,2,,20,1,,1
IN_R180,2,2,2,1,2,1,2,4,1,10,4,2,25,2,1,1,1,1,4,1,4,2,3,4,1,3,1,17,3,2,3,5,1,1,2,4,3,3,1,2,1,1,4,2,2,4,1,1,,1,1,1,1,2,1,3,2,2,,,2,3,
IN_R181,2,2,1,11,4,1,2,2,1,7,13,5,12,2,3,2,2,1,3,1,5,2,5,1,1,6,2,6,6,1,1,4,3,1,1,1,3,2,1,2,4,1,1,2,1,1,1,2,,3,1,1,3,2,2,3,2,2,,,2,3,
IN_R182,1,1,2,11,6,1,1,2,1,31,2,1,10,2,3,3,1,1,2,4,5,3,4,3,2,4,2,15,2,2,3,2,2,2,1,3,4,4,4,2,3,4,1,2,1,1,1,1,,1,2,2,2,2,2,3,2,2,,,2,9,
IN_R183,2,3,2,11,2,1,2,4,1,10,3,2,5,4,3,4,2,3,1,4,1,2,1,3,4,3,1,6,7,1,3,5,1,1,3,3,1,2,4,1,3,4,1,2,1,1,1,1,,1,1,1,1,2,2,6,2,2,,,2,9,
IN_R184,2,1,2,11,4,1,3,6,1,10,11,1,11,2,1,1,1,1,3,1,1,2,2,1,1,3,1,12,25,3,3,1,1,4,3,3,3,3,4,3,2,1,1,2,1,1,1,1,,4,2,4,4,2,2,5,2,2,,,2,10,
IN_R185,2,1,2,1,4,2,2,1,1,1,11,3,5,2,1,4,1,1,5,3,4,2,4,3,2,3,1,1,2,1,3,2,1,5,4,1,3,3,3,1,3,1,3,1,2,1,1,1,,1,3,4,2,2,4,5,1,2,,3,1,,1
IN_R186,1,3,1,1,4,1,3,1,1,4,6,1,10,4,1,1,1,1,1,1,1,2,4,1,1,2,1,17,12,1,3,4,2,1,1,3,4,3,4,1,2,2,2,1,2,1,3,2,,1,1,4,1,1,1,3,2,2,,,2,9,
IN_R187,2,1,1,11,6,1,2,4,1,35,1,3,32,1,3,2,1,1,4,5,1,4,3,1,1,4,1,6,1,1,3,2,2,1,2,4,3,3,3,3,1,1,1,1,3,1,1,1,,1,1,4,2,2,1,5,2,2,,,2,17,
IN_R188,1,1,1,11,6,1,2,2,1,4,3,1,7,2,3,3,3,3,1,3,4,4,3,1,2,3,4,6,2,2,3,2,1,1,4,1,3,3,2,3,2,1,2,4,4,2,1,3,,4,1,4,2,1,2,3,2,2,,,2,4,
IN_R189,2,1,1,11,6,1,3,1,1,10,14,8,11,4,1,2,1,1,3,2,3,1,5,2,5,10,2,9,20,1,1,3,5,3,5,4,3,3,3,3,1,1,4,2,1,4,4,4,,1,1,4,1,1,1,4,2,2,,,2,,
IN_R190,1,3,1,1,4,1,2,5,1,1,2,1,10,2,5,1,2,1,5,4,5,2,2,4,2,5,5,9,26,2,3,2,4,3,3,3,4,4,4,2,3,4,1,4,1,1,1,1,,1,1,4,3,5,2,1,1,2,,3,1,,4
IN_R191,1,1,1,11,4,1,3,4,1,1,2,1,23,1,3,3,1,3,1,4,1,2,1,3,2,5,5,1,2,2,3,5,4,2,3,1,4,3,4,1,3,1,1,4,1,3,1,3,,1,1,4,1,1,1,1,2,2,,,2,18,
IN_R192,2,3,2,11,3,1,1,4,1,29,1,3,3,1,3,2,1,1,1,3,2,1,3,1,5,6,4,3,2,1,2,2,2,1,2,1,3,3,3,3,1,1,2,2,1,3,3,3,,1,1,4,1,1,1,1,2,2,,,2,9,
IN_R193,1,1,1,4,6,1,2,2,1,4,1,3,10,1,1,3,1,1,4,5,2,1,5,3,1,2,3,9,17,1,3,3,5,1,1,3,1,3,3,3,1,1,1,3,1,1,1,1,,3,1,4,1,1,1,1,2,2,,,2,3,
IN_R194,2,3,2,11,4,1,3,2,1,24,1,3,12,1,1,4,1,1,3,5,3,1,5,1,1,2,1,6,27,1,1,1,4,1,2,4,3,3,1,3,4,3,1,2,1,1,1,1,,1,1,4,1,1,1,1,2,2,,,2,6,
IN_R195,1,1,2,12,6,1,2,2,1,7,11,3,10,5,4,1,1,1,1,2,2,1,3,1,1,4,1,3,5,1,1,1,1,1,2,4,1,3,2,1,2,1,1,1,2,3,3,3,,2,1,4,1,1,1,1,2,2,,,2,5,
IN_R196,1,1,1,1,4,1,2,4,1,37,1,3,19,2,4,4,1,1,2,2,4,3,1,1,1,10,1,1,2,1,3,5,1,2,3,2,2,2,4,1,2,2,1,4,3,1,1,2,,2,2,4,1,2,2,4,1,2,,3,1,,4
IN_R197,1,3,2,1,4,1,2,7,1,4,4,1,10,4,1,4,1,1,3,5,3,1,4,1,1,1,1,3,5,1,1,2,3,1,1,4,4,3,4,3,2,1,1,3,1,3,3,4,,1,1,4,1,1,1,6,1,2,,3,1,,2
IN_R198,2,3,2,2,4,1,3,12,1,7,8,3,2,2,4,1,3,1,1,2,1,3,1,1,2,3,4,1,1,2,3,5,1,1,3,1,1,2,2,1,4,2,1,3,1,1,1,3,,3,3,4,3,1,2,4,2,2,,,1,,4
IN_R199,1,1,2,3,6,1,2,2,1,1,1,1,33,4,1,1,1,1,1,1,3,1,2,1,1,4,1,6,28,1,1,3,5,1,3,3,4,3,1,3,2,1,2,4,1,1,3,1,,2,1,4,1,1,1,5,1,2,,21,1,,1
IN_R200,2,1,2,11,6,1,2,1,1,38,7,3,26,2,4,3,3,1,1,2,2,3,1,1,2,5,5,3,5,3,2,1,2,2,1,3,4,3,2,1,3,2,1,2,1,1,1,1,,1,1,4,1,1,1,4,2,2,,,2,9,
IN_R201,1,2,2,3,6,1,2,6,1,10,1,4,29,2,1,4,1,1,5,5,4,2,3,1,1,4,1,3,1,1,1,1,3,1,4,2,1,2,2,2,2,2,1,2,1,1,1,1,,1,1,4,1,1,1,4,1,2,,5,1,9,4
IN_R202,1,2,2,3,6,1,2,2,1,1,1,3,23,5,1,3,1,1,4,1,5,4,1,1,1,4,1,1,2,1,3,2,2,1,2,4,2,2,2,3,1,1,1,2,1,1,1,1,,1,1,4,1,1,1,3,2,2,,,2,9,
IN_R203,1,1,2,1,2,1,2,4,1,4,1,1,26,5,5,3,1,1,5,5,1,2,2,5,1,3,4,11,29,1,1,2,3,1,5,5,4,3,3,4,3,1,1,3,1,1,1,2,,1,1,4,1,1,1,4,2,2,,,2,2,
IN_R204,1,1,1,11,6,1,3,7,1,19,1,1,10,4,1,3,3,1,1,5,2,3,1,3,3,11,1,1,3,3,4,5,2,1,2,4,3,3,3,1,4,3,3,3,4,1,1,4,,1,1,2,1,1,1,3,2,2,,,2,6,
IN_R205,1,4,2,11,6,1,2,4,1,10,1,1,11,2,1,1,1,1,4,5,1,3,2,1,1,3,1,19,9,1,1,2,1,1,3,1,1,3,2,1,3,2,1,2,1,2,3,3,,1,1,1,1,1,1,6,1,2,,1,1,,2
IN_R206,1,3,1,1,4,1,3,1,1,1,4,1,11,4,1,1,1,1,3,5,1,1,5,1,2,10,2,17,3,1,3,2,2,5,4,1,4,2,2,1,3,2,1,4,1,1,1,1,,1,1,2,2,1,1,6,2,2,,,2,6,
IN_R207,1,1,2,1,2,1,2,4,1,4,1,7,4,2,1,2,1,1,1,4,2,3,4,3,1,3,3,17,4,1,2,2,2,1,3,3,3,3,3,3,1,1,1,2,4,1,1,1,,2,1,1,1,1,1,3,2,2,,,2,4,
IN_R208,1,2,2,3,6,1,2,2,1,9,1,1,28,2,3,2,1,3,4,1,1,5,1,3,2,4,4,7,2,1,1,1,1,1,2,3,4,4,4,2,2,4,1,4,1,1,1,1,,3,1,1,1,1,1,3,2,2,,,2,3,
IN_R209,1,1,2,11,6,1,2,6,1,19,1,7,5,2,4,2,4,3,2,5,2,1,3,3,2,3,1,3,5,4,3,1,1,3,2,3,1,2,2,1,2,1,1,3,1,1,1,1,,1,2,2,2,2,2,3,2,,,,2,4,
IN_R210,1,1,2,1,2,1,3,2,1,35,5,1,19,2,3,3,1,1,1,2,3,2,5,1,2,2,1,6,1,2,1,1,3,1,3,1,4,3,4,3,1,1,2,3,1,3,3,3,,3,2,2,1,1,1,4,1,1,,22,1,,4
IN_R211,1,1,2,1,3,1,2,2,1,29,,1,6,3,3,1,3,3,2,5,5,1,1,1,3,5,5,9,1,1,2,1,3,1,1,5,1,3,2,3,2,1,3,3,1,1,1,1,,2,1,1,1,2,2,3,2,1,,,2,4,
IN_R212,1,1,2,1,2,1,2,2,1,4,1,9,34,2,3,2,1,1,5,4,3,1,1,1,1,3,1,19,18,1,1,1,1,1,3,1,2,2,2,1,2,2,1,3,1,1,1,1,,1,3,1,1,2,1,2,2,1,,,2,9,
IN_R213,,3,1,11,2,1,2,6,1,3,2,9,35,2,1,1,1,3,3,2,4,1,5,1,1,5,4,6,3,1,1,1,4,5,5,2,1,2,1,2,4,2,1,2,1,1,1,1,,1,1,1,1,1,1,6,2,1,,,2,9,
IN_R214,2,2,1,1,2,1,3,1,1,3,6,9,22,2,1,1,1,1,2,2,1,2,5,1,1,10,1,9,18,1,2,5,1,2,3,3,4,2,4,1,2,1,1,2,2,1,1,1,,1,1,1,1,1,1,6,2,1,,,2,10,
IN_R215,1,1,2,11,6,1,2,4,1,22,5,9,21,4,1,4,1,2,2,1,5,2,2,4,1,6,1,1,14,1,3,2,2,1,3,1,4,4,4,2,3,4,1,4,1,1,1,1,,2,2,2,2,2,2,5,2,1,,,2,4,
IN_R216,2,2,1,1,4,1,,7,1,10,4,9,11,4,1,1,1,3,3,5,3,1,5,1,1,10,1,2,22,1,1,1,2,1,1,4,3,3,4,3,4,1,1,3,1,1,1,1,,1,1,1,1,1,1,3,2,1,,,2,19,
IN_R217,2,3,1,1,4,1,3,7,1,1,4,9,32,4,1,1,1,1,4,1,3,1,4,1,1,1,2,15,2,2,3,2,2,4,1,3,3,3,3,3,1,1,1,2,1,2,1,4,,1,1,1,1,1,1,3,1,1,,3,1,,5
IN_R218,1,1,2,11,6,1,2,4,1,22,4,2,20,2,1,4,1,1,1,5,1,4,2,1,1,4,4,1,30,1,3,5,1,2,3,1,2,2,4,1,3,2,1,1,1,1,3,3,,1,1,1,2,2,2,1,2,1,,,2,9,
IN_R219,1,1,2,11,6,2,2,2,1,7,1,3,23,2,1,2,1,1,4,5,2,3,1,5,1,3,1,11,1,1,1,1,3,1,2,4,2,3,1,1,4,1,1,2,1,1,1,1,,3,1,1,1,1,1,3,2,1,,,2,9,
IN_R220,1,1,1,1,2,2,3,1,6,10,15,3,11,4,1,1,1,1,5,4,1,1,2,1,1,1,1,17,25,2,3,4,2,1,4,4,3,3,3,3,2,1,4,4,4,2,2,4,,3,1,1,1,1,1,6,2,1,,,2,2,
IN_R221,1,3,1,1,4,2,3,1,2,3,3,3,11,2,1,1,5,1,3,5,3,1,5,1,1,10,2,17,25,1,1,4,5,2,3,3,2,3,2,1,1,1,2,2,2,1,4,4,,1,1,1,1,1,1,3,2,1,,,2,1,
IN_R222,1,1,2,11,6,2,2,2,5,7,11,3,13,2,4,5,3,4,1,2,5,3,1,4,3,5,3,3,5,4,2,5,1,3,3,1,2,2,2,1,2,2,3,1,3,3,3,3,,4,3,3,3,5,3,1,1,1,,3,1,,1
IN_R223,1,2,1,11,4,2,2,4,2,29,1,9,20,2,3,1,1,4,5,2,1,4,4,3,1,3,1,3,2,1,3,1,3,4,3,1,4,2,4,1,3,2,1,4,1,2,1,2,,1,2,1,2,2,1,2,2,1,,,2,1,
IN_R224,1,3,1,1,2,2,3,7,6,28,1,9,10,1,1,4,1,1,5,5,3,2,2,1,1,10,2,9,4,1,1,1,3,1,1,3,2,2,1,4,2,2,1,4,1,1,1,1,,1,4,1,1,1,4,5,1,1,7,,1,,8
IN_R225,2,3,2,1,4,2,3,7,6,18,7,9,22,4,3,5,1,1,3,4,4,1,2,1,1,1,1,17,25,1,1,5,2,2,1,4,3,4,2,1,1,1,2,1,4,2,4,4,,1,2,2,2,1,4,6,2,1,,,2,9,
IN_R226,2,3,2,3,2,2,2,8,7,39,1,9,1,1,3,2,1,1,1,1,3,3,3,3,2,2,4,3,2,1,3,2,2,1,1,1,4,2,2,2,3,4,1,4,1,1,1,1,,1,2,1,2,1,4,1,2,,,,2,4,
IN_R227,1,3,2,3,2,1,1,2,5,7,4,5,29,1,3,2,1,1,4,5,3,4,2,3,1,1,1,7,2,1,1,1,3,1,4,2,4,4,1,2,3,4,1,4,2,2,2,2,,1,1,1,1,1,4,1,2,,,,2,3,
IN_R228,1,3,1,1,5,1,1,7,2,3,5,5,36,1,3,2,2,1,1,3,2,2,3,1,1,1,2,20,19,5,2,4,2,1,2,1,4,1,4,3,3,1,1,3,1,2,1,4,,3,1,1,1,2,4,3,1,2,8,,1,,6
IN_R229,1,3,1,1,5,1,1,7,2,10,1,5,10,1,1,1,1,1,5,4,1,1,5,1,1,3,1,2,11,1,3,2,3,1,4,3,1,2,1,1,2,1,1,3,1,4,4,1,,1,1,1,1,1,4,5,2,,,,2,3,
IN_R230,2,3,1,1,5,1,1,7,2,4,2,5,37,1,1,1,1,1,2,1,1,2,5,1,1,1,1,2,18,2,4,2,3,2,4,4,1,3,3,3,4,1,4,3,4,1,1,1,,1,1,2,1,1,4,5,2,,,,2,1,
IN_R231,1,2,2,11,6,1,2,2,8,12,4,3,23,1,4,4,3,4,1,2,4,5,2,5,4,6,1,3,1,1,1,5,2,1,3,2,4,2,2,1,2,4,1,1,3,1,1,1,,3,2,1,2,2,2,5,2,,,,2,9,
IN_R232,2,3,1,1,4,1,3,8,2,29,6,3,10,1,1,1,1,1,5,5,3,1,5,1,1,10,1,17,4,1,3,2,2,2,4,2,4,3,3,3,2,2,1,4,2,1,1,1,,1,1,1,2,1,1,6,2,,,,2,2,
IN_R233,2,2,1,11,4,1,3,13,9,10,1,8,11,1,3,1,1,1,3,2,5,2,2,3,2,10,1,2,25,5,5,4,2,2,5,3,1,2,1,2,3,2,1,3,1,1,1,1,,1,1,1,1,1,1,6,1,1,,23,1,,4
IN_R234,1,3,1,1,2,1,3,4,2,1,2,1,29,4,3,4,1,1,3,4,4,1,2,3,1,5,2,7,12,1,3,1,2,2,3,3,3,3,1,3,1,1,1,2,1,1,1,1,,1,2,1,1,1,1,5,1,1,,3,1,,1
IN_R235,2,2,2,3,2,1,2,4,5,12,1,3,20,5,5,3,1,3,1,4,1,4,4,5,2,4,1,3,7,2,1,2,3,2,3,2,4,2,4,1,3,1,1,1,1,3,1,3,,1,1,1,1,2,2,4,1,1,,24,1,,2
IN_R236,2,2,2,2,4,1,2,2,2,18,1,3,1,1,3,5,1,3,1,1,1,1,4,3,2,4,1,6,8,2,3,2,4,2,5,3,2,2,2,1,2,2,1,1,3,3,3,3,,1,1,1,1,1,1,5,2,,,,2,9,
IN_R237,1,3,2,1,6,2,3,6,5,3,16,3,22,2,1,1,1,1,2,2,1,4,1,1,1,4,1,6,11,3,2,2,3,2,1,4,4,3,1,2,4,1,1,2,1,1,1,4,,3,2,2,1,1,1,6,2,,,,2,3,
IN_R238,1,3,1,1,6,1,3,2,5,1,1,1,11,2,3,1,1,1,5,1,1,1,3,1,1,3,1,6,29,1,2,2,2,5,4,3,4,2,4,1,2,2,1,4,1,1,3,1,,1,2,2,2,1,1,3,1,1,,7,1,,1
IN_R239,2,3,1,11,6,1,1,2,5,7,5,1,12,5,4,3,1,3,1,4,2,3,1,5,3,12,4,3,5,2,2,5,1,3,3,1,2,2,4,1,2,2,1,4,1,2,1,1,,4,1,1,1,1,1,4,2,,,,1,,3
IN_R240,2,3,1,11,5,3,2,2,5,7,8,5,16,2,1,4,1,2,1,1,1,3,1,3,1,6,1,1,6,1,3,2,1,1,1,1,2,2,2,2,2,2,1,2,1,1,3,3,,1,3,3,3,3,4,6,2,,,,2,9,
IN_R241,1,1,2,1,2,3,2,1,5,1,2,1,10,2,3,3,1,1,1,4,4,2,4,1,1,6,1,17,12,2,1,2,1,1,3,3,1,2,2,1,2,2,1,4,1,1,1,1,,1,1,1,1,1,1,6,2,,,,2,9,
IN_R242,2,3,1,3,4,3,2,1,5,13,1,1,26,3,4,3,1,3,4,5,3,3,1,4,3,6,4,6,4,2,3,2,1,1,3,4,1,1,1,4,4,4,1,1,3,1,1,1,,1,1,1,1,1,1,5,1,2,1,,1,,2
IN_R243,1,1,2,2,6,3,1,4,5,1,8,5,15,2,3,4,3,3,5,4,4,4,3,3,3,6,4,3,6,1,3,2,1,2,1,2,2,2,2,1,2,2,3,4,3,2,2,3,,2,2,1,3,2,1,4,2,,,,2,4,
IN_R244,1,3,1,2,2,1,2,1,5,1,2,1,11,4,1,1,1,1,3,1,1,1,5,1,1,6,4,11,25,3,4,4,2,5,5,3,4,2,3,3,1,2,2,4,1,2,2,2,3,1,1,1,1,1,1,6,2,,,,2,20,
IN_R245,2,3,1,3,4,1,1,4,5,4,1,7,38,2,2,2,3,1,3,5,4,3,1,2,3,6,1,3,4,1,1,1,4,1,5,5,1,4,1,2,4,3,1,3,1,1,1,1,,1,1,1,1,3,1,3,1,1,,5,1,,4
IN_R246,2,3,2,3,4,1,1,2,5,1,4,3,3,3,3,4,1,1,3,5,3,2,2,3,1,6,2,5,18,1,1,2,4,1,2,3,4,3,2,2,4,4,1,4,1,1,1,1,,1,1,1,1,1,1,5,1,1,,3,1,,4
IN_R247,2,1,2,2,4,1,1,2,5,40,1,1,39,4,1,5,1,1,3,1,3,3,3,1,1,6,1,3,14,1,1,1,1,1,2,4,1,1,1,4,4,3,1,1,1,1,1,1,,3,1,1,1,1,1,3,2,1,,,2,9,
IN_R248,2,1,2,11,6,1,3,1,5,3,17,11,33,4,1,1,1,1,3,5,3,1,5,3,1,6,2,8,2,2,3,4,5,4,4,4,4,4,4,1,3,2,1,3,1,2,1,2,4,4,5,5,5,2,5,1,2,1,,,1,9,2
IN_R249,1,3,2,1,2,1,2,2,5,7,4,3,16,5,4,2,1,1,4,5,5,5,3,4,1,6,3,8,6,1,1,5,1,1,2,1,1,2,2,1,2,2,3,1,3,1,3,1,,3,1,1,1,1,1,3,2,1,,,1,,8
IN_R250,1,3,1,1,6,1,3,7,5,3,11,7,11,4,1,1,1,1,5,4,1,1,5,1,1,6,1,8,9,1,1,1,2,4,3,4,1,1,1,3,4,1,1,3,1,1,1,1,,1,1,1,1,1,1,3,2,1,,,2,6,
IN_R251,,,,,,,,,5,24,1,1,28,1,3,3,3,3,2,1,1,4,4,3,2,6,2,8,14,2,3,2,2,3,1,3,4,2,4,2,2,2,1,2,1,1,3,1,,1,1,2,2,2,2,6,2,1,,,2,4,
IN_R252,2,3,1,1,5,1,3,7,5,10,6,1,11,4,1,1,3,1,2,5,3,1,2,1,1,6,1,8,24,1,1,2,2,1,1,3,3,3,3,2,1,1,3,2,3,2,4,4,,1,1,1,1,1,1,6,2,1,,,2,1,
IN_R253,1,2,1,11,6,1,1,2,5,41,,5,12,5,3,4,3,5,4,3,2,4,3,2,1,6,3,8,5,2,1,4,2,1,1,3,4,2,1,1,3,1,4,3,1,2,1,1,,3,1,1,1,1,1,6,2,1,,,2,21,
IN_R254,2,1,1,11,2,1,1,2,5,26,1,1,1,4,3,4,3,1,1,5,2,1,2,1,1,6,1,8,14,1,1,1,5,1,2,4,1,1,1,4,4,3,1,2,1,1,1,1,,1,1,1,1,1,1,1,2,1,,,2,1,
IN_R255,2,1,2,1,2,1,1,14,5,4,11,3,10,3,5,1,3,1,5,3,4,2,4,1,1,6,5,8,25,2,1,2,3,4,3,3,1,2,1,4,2,2,1,2,2,1,3,3,,1,1,1,1,1,1,3,2,1,,,2,10,
IN_R256,2,1,2,10,2,1,1,14,5,10,1,1,2,2,4,3,3,3,1,4,4,3,3,3,2,6,5,8,6,1,3,2,1,2,1,3,4,2,2,1,2,2,2,4,1,2,2,2,,1,1,1,1,1,1,3,2,1,,,2,4,
IN_R257,2,1,1,11,2,2,1,14,5,12,8,1,6,2,4,5,2,3,2,1,1,4,4,3,2,6,5,8,5,4,3,2,2,2,1,3,3,3,3,3,1,1,3,1,3,3,3,3,,1,3,3,3,3,4,3,2,1,,,2,15,
IN_R258,2,3,2,3,2,1,1,14,5,39,8,3,1,5,1,1,1,1,3,5,5,1,3,1,5,6,4,8,5,1,1,1,4,4,5,4,3,3,3,3,4,1,4,3,1,1,1,4,,1,1,1,1,1,1,3,2,1,,,2,9,
IN_R259,2,1,1,1,2,1,1,14,5,31,8,1,7,2,1,2,1,1,4,5,3,5,3,1,1,6,1,8,7,1,1,1,5,1,2,4,1,1,1,4,4,3,1,2,1,1,1,1,,2,1,1,1,1,1,3,2,1,,,2,4,
IN_R260,2,1,2,11,2,1,1,14,5,9,18,1,,1,3,3,2,3,2,1,1,4,4,3,2,6,5,8,6,2,3,2,2,2,1,3,4,2,2,1,2,2,3,1,3,3,3,3,,2,3,3,3,3,4,1,1,2,9,,1,,4
IN_R261,2,3,2,11,2,1,3,14,5,24,1,3,1,2,1,4,1,1,4,5,3,5,3,1,1,6,1,8,5,1,1,1,5,1,2,4,2,1,1,4,4,3,1,2,1,1,1,1,,2,1,1,1,1,1,3,2,,,,2,4,
IN_R262,2,3,2,11,2,1,3,14,5,24,1,3,1,2,1,4,1,1,4,5,3,5,3,1,1,6,1,3,5,1,1,1,5,1,2,4,2,1,1,4,4,3,1,2,1,1,1,1,,2,1,1,1,1,1,3,2,,,,2,4,
IN_R263,2,1,2,11,3,1,2,14,5,3,1,7,1,3,4,2,2,4,2,3,4,4,3,5,3,6,4,3,5,5,5,5,1,3,3,1,2,3,3,3,4,1,3,2,1,3,1,1,,2,1,1,1,1,1,6,2,,,,2,9,
IN_R264,2,1,2,11,2,1,2,14,5,7,1,3,1,2,3,3,1,3,1,4,4,2,3,3,2,6,1,3,2,5,1,4,2,1,3,1,2,2,2,1,2,2,2,3,1,3,1,1,,1,1,1,1,3,2,1,2,,,,2,4,
IN_R265,2,1,2,2,2,1,2,14,5,7,10,3,1,1,3,3,2,3,1,1,1,4,4,3,2,6,4,5,14,5,3,2,2,2,1,3,4,4,4,2,3,4,1,2,1,1,1,1,,4,2,2,2,2,2,5,2,,,,2,4,
IN_R266,1,3,2,1,1,1,3,14,5,29,1,3,1,2,3,3,2,3,1,1,1,4,3,4,2,6,1,6,2,5,1,5,1,1,3,1,2,2,4,1,1,1,4,1,3,4,4,4,,1,1,1,1,2,1,3,1,1,,3,1,,2
IN_R267,1,3,2,1,1,1,2,14,5,42,4,3,23,3,3,5,3,3,1,1,5,4,1,3,3,6,1,3,6,5,3,2,2,3,3,3,4,2,2,1,2,2,1,2,3,3,3,3,,1,1,1,2,2,2,5,2,,,,2,4,
IN_R268,1,1,2,1,1,1,2,14,5,29,19,3,20,4,3,2,1,1,1,4,4,4,3,3,1,6,1,5,2,5,1,2,5,1,2,4,3,3,3,3,4,1,4,3,1,4,1,1,,3,2,1,1,1,1,3,2,,,,2,4,
IN_R269,1,1,2,8,4,1,2,14,5,1,1,3,20,2,5,4,1,1,1,2,5,2,5,1,1,6,1,17,14,5,1,1,4,1,5,4,3,3,1,2,4,4,1,2,3,1,1,1,,1,1,1,1,1,1,2,1,2,10,,1,,1
IN_R270,1,3,2,1,4,1,3,14,5,4,1,3,11,2,3,4,1,1,1,3,4,1,1,1,1,6,1,12,31,1,1,5,1,1,1,3,4,3,4,4,4,1,1,3,2,1,1,1,,1,2,1,1,1,2,6,2,,,,2,2,
IN_R271,1,1,2,1,2,1,2,14,5,19,1,3,6,4,3,5,1,1,1,1,5,3,3,4,1,6,4,3,14,1,1,5,2,1,2,1,2,2,2,1,2,2,1,1,1,1,1,1,,1,2,2,2,2,2,3,2,,,,2,9,
IN_R272,1,1,2,1,1,1,3,14,5,18,4,3,9,2,1,3,2,1,4,1,3,4,4,1,1,6,1,3,2,1,1,1,2,2,1,4,4,4,1,4,3,3,1,2,1,1,1,1,,1,2,1,2,1,1,3,2,,,,2,3,
IN_R273,1,1,2,1,4,1,3,14,5,4,1,3,11,2,5,3,1,1,2,4,2,1,5,1,1,6,2,2,22,1,3,1,1,1,1,1,1,3,1,3,4,1,1,3,1,1,1,1,,1,1,1,1,1,1,3,1,1,,5,1,,4
IN_R274,2,1,2,1,2,1,2,14,5,10,1,3,19,5,1,1,1,4,3,2,3,1,5,1,1,6,1,3,2,1,1,1,5,1,2,4,4,4,4,2,3,4,1,2,1,1,1,1,,2,1,1,1,1,1,4,2,1,,,2,4,
IN_R275,1,1,2,1,2,1,2,14,5,29,2,3,13,1,3,1,2,2,3,3,4,1,5,3,1,6,2,1,1,2,3,1,4,5,4,3,2,2,4,2,3,2,1,1,1,1,1,1,,1,4,4,2,1,3,1,1,1,,3,1,,3
IN_R276,2,1,2,1,2,1,2,14,5,4,1,3,40,5,3,5,3,4,1,2,1,3,4,4,3,6,3,3,5,2,3,5,1,1,3,1,2,2,2,1,2,2,2,1,1,1,3,1,,1,1,1,1,2,1,4,2,1,,,2,4,
IN_R277,1,1,2,1,2,1,1,14,5,4,8,3,13,2,3,4,1,1,3,3,2,1,4,1,3,6,5,6,2,1,1,1,3,4,5,1,1,3,1,3,4,2,4,2,2,2,1,1,,4,5,5,2,1,5,1,1,1,,3,1,,8
IN_R278,1,2,1,1,4,2,1,14,5,9,1,3,1,2,3,5,2,3,1,1,5,3,2,3,1,6,2,7,6,1,3,2,1,1,3,1,1,2,4,1,2,2,4,1,3,1,1,3,,1,1,1,1,3,2,3,2,1,,,2,9,
IN_R279,1,2,1,1,1,1,2,14,5,3,1,3,3,2,3,4,1,3,3,3,3,3,4,1,1,6,4,4,3,1,1,2,4,2,4,1,1,1,3,3,4,1,1,2,4,4,4,4,,1,1,1,1,1,1,3,1,1,,5,1,,8
IN_R280,2,1,2,1,6,1,2,14,5,1,1,3,18,2,1,1,1,1,3,5,2,1,5,1,1,6,4,6,14,1,1,1,2,5,4,3,3,3,3,3,1,1,1,3,1,1,1,1,,1,1,1,2,1,1,6,2,1,,,2,10,
IN_R281,2,1,2,1,2,1,2,14,5,1,1,2,27,4,1,2,1,1,4,5,3,5,3,1,1,6,1,3,2,1,3,1,1,1,1,3,1,2,1,4,4,2,1,2,1,1,1,1,,1,3,1,2,1,2,6,2,1,,,2,1,
IN_R282,2,3,1,1,2,1,3,14,5,1,20,3,19,4,1,1,1,1,2,1,3,1,5,4,3,6,1,11,3,1,1,2,1,4,5,4,3,3,3,3,1,1,4,3,4,4,4,4,,1,1,1,1,3,2,4,2,1,,,2,3,
IN_R283,2,3,2,1,2,1,2,14,5,10,7,3,13,2,1,2,1,1,4,5,3,5,3,1,1,6,1,20,3,1,1,1,1,1,3,3,1,1,1,3,4,3,1,2,1,1,1,1,,1,1,1,1,1,1,1,1,1,,5,1,,8
IN_R284,2,3,2,1,2,1,2,14,5,4,4,3,41,2,1,2,1,1,4,5,3,1,4,3,3,6,1,4,28,1,1,1,2,1,2,4,1,4,1,3,2,4,1,3,3,3,1,3,,1,1,1,1,1,1,5,1,1,,22,1,,8
IN_R285,1,1,2,1,2,1,2,14,5,7,3,5,1,2,1,4,1,1,4,1,3,2,3,1,1,6,1,11,6,1,1,1,5,1,3,1,1,4,2,1,1,2,3,1,3,3,3,3,,1,3,3,3,3,4,1,2,1,,,1,,8
IN_R286,2,3,2,1,2,1,2,14,5,7,8,5,,2,3,3,1,3,4,1,1,4,4,3,2,6,5,1,5,2,3,2,2,2,1,3,2,2,2,1,2,2,3,1,3,3,3,3,,1,3,3,3,3,4,3,2,1,,,2,3,
IN_R287,2,2,2,3,2,1,2,14,5,1,21,3,9,2,3,4,1,1,4,1,1,3,2,3,1,6,1,17,9,1,1,2,2,4,1,3,4,3,2,2,3,2,1,4,1,1,1,1,,1,2,1,1,1,1,6,2,1,,,2,2,
IN_R288,2,3,2,3,6,1,2,14,5,4,5,1,10,2,1,1,1,1,4,1,1,1,5,1,1,6,2,6,11,1,3,2,3,3,1,3,2,3,3,1,2,1,3,3,2,2,2,2,,3,1,1,1,1,2,3,2,,,,2,1,
IN_R289,2,3,2,3,2,1,2,14,5,7,7,3,16,3,1,2,1,1,4,5,3,5,3,1,1,6,2,3,2,2,1,1,5,1,2,4,1,1,1,4,4,3,1,2,1,1,1,1,,1,1,2,1,1,1,3,2,,,,2,4,
IN_R290,2,2,1,1,1,1,2,14,5,43,13,1,17,2,4,5,1,4,4,2,5,3,1,4,3,6,1,2,10,4,2,4,3,5,4,2,2,2,2,1,2,2,3,1,3,3,3,3,,3,2,2,2,2,2,3,2,,,,2,4,
IN_R291,2,4,1,3,2,1,2,11,5,4,1,3,6,2,1,5,1,1,1,1,3,3,3,1,1,6,1,4,3,1,1,1,1,1,2,4,1,3,1,4,4,1,1,2,1,1,1,1,,1,1,1,1,1,1,3,1,2,10,,1,,4
IN_R292,2,1,1,10,2,1,2,2,5,7,1,1,,2,3,5,1,3,2,2,3,2,1,3,2,6,4,7,27,2,1,5,5,3,1,4,4,1,4,2,4,2,3,2,1,1,3,1,,4,1,2,3,1,2,3,2,,,,2,3,
IN_R293,2,3,1,1,1,1,2,2,5,7,1,1,30,2,1,4,1,1,1,1,2,3,2,3,2,6,1,6,2,1,3,5,2,2,1,3,4,3,2,1,2,2,2,4,1,2,1,2,,1,4,2,2,1,3,3,2,,,,2,2,
IN_R294,2,3,2,1,1,2,2,1,5,4,22,3,3,2,1,3,1,3,2,1,1,3,4,1,3,6,1,4,17,2,1,1,1,2,3,4,1,1,4,2,3,4,1,2,1,1,1,1,,1,1,1,1,2,1,6,2,,,,2,2,
IN_R295,2,2,2,3,2,2,2,2,5,7,4,3,12,3,1,2,1,1,1,5,2,3,3,1,1,6,5,3,5,1,1,1,2,2,1,3,1,1,1,4,4,3,1,2,1,1,1,1,,1,1,1,1,1,1,1,1,1,,25,1,,3
IN_R296,2,2,2,8,2,2,2,5,5,12,12,1,42,4,1,4,1,1,1,5,3,3,5,1,1,6,2,17,1,1,3,5,1,1,3,3,4,2,2,1,2,2,1,4,1,1,1,3,,2,1,1,1,1,1,5,2,,,,2,4,
IN_R297,2,3,2,1,2,2,2,4,5,35,1,1,42,5,4,3,3,4,1,2,4,2,1,3,2,6,4,3,5,1,2,1,1,1,3,1,2,2,2,1,2,2,3,1,3,3,3,3,,3,3,3,3,3,4,2,2,,,,2,4,
IN_R298,1,2,2,3,5,2,2,4,5,10,7,3,42,2,3,4,1,1,1,2,4,2,2,1,2,6,1,5,7,1,3,2,1,3,1,1,4,2,2,1,3,2,2,4,3,1,2,3,,1,2,1,1,2,2,6,2,,,,2,10,
IN_R299,2,1,2,10,2,2,3,4,5,4,1,1,42,4,1,2,2,1,2,5,3,5,4,3,2,6,1,1,2,1,3,2,5,2,1,3,4,4,4,4,4,3,1,2,1,1,1,1,,1,1,2,2,2,2,6,2,,,,2,2,
IN_R300,2,1,2,10,2,1,3,2,5,7,8,1,,5,1,2,1,1,4,5,1,4,4,3,2,6,1,6,6,1,1,1,5,1,2,4,2,2,2,1,2,2,3,1,3,3,3,3,,1,1,2,2,2,2,1,2,,,,2,3,
IN_R301,2,1,2,1,2,1,3,4,5,22,5,1,30,2,3,2,1,3,2,2,3,4,5,4,2,6,1,11,6,1,1,1,2,1,2,4,4,1,4,2,3,3,1,2,1,3,1,1,,1,3,2,2,1,4,3,2,,,,2,2,
IN_R302,2,1,2,1,4,1,3,4,5,29,5,2,27,2,3,5,3,2,2,1,4,5,3,2,2,6,2,19,17,2,1,5,5,5,1,4,4,3,3,1,2,3,1,1,4,1,1,1,,1,1,3,2,3,2,3,2,,,,2,9,
IN_R303,2,1,2,1,2,1,3,4,5,29,1,1,10,4,3,1,1,1,1,1,5,2,1,1,3,6,1,4,12,2,2,4,5,4,5,4,3,3,1,3,3,1,4,1,4,4,3,4,,3,1,1,1,2,1,1,2,,,,1,,2
IN_R304,2,1,2,1,2,1,1,4,8,11,1,3,4,2,1,2,1,3,4,1,3,5,4,1,1,6,3,1,1,2,1,1,1,2,2,3,1,1,1,2,3,3,1,2,1,1,1,1,,1,1,2,1,1,2,1,2,,,,2,3,
IN_R305,2,1,2,1,2,1,1,12,1,22,13,1,26,4,1,4,1,4,5,5,4,3,2,1,1,6,1,11,4,1,2,2,5,1,2,2,1,3,2,4,4,3,1,2,1,1,3,1,,3,5,5,5,1,5,3,2,,,,2,9,
IN_R306,2,3,2,3,2,2,1,4,2,35,1,1,16,1,4,3,1,4,1,4,4,3,4,3,2,6,2,6,8,5,1,2,1,1,1,3,1,2,4,2,4,3,1,2,1,1,1,1,,1,1,1,2,1,2,6,2,,,,2,4,
IN_R307,1,2,2,3,5,1,1,2,5,7,8,3,16,2,3,3,1,3,1,1,1,3,3,3,2,6,1,3,6,1,1,2,1,2,1,1,2,4,4,2,3,4,1,1,1,1,1,1,,3,2,1,3,2,2,3,2,,,,2,2,
IN_R308,2,3,2,1,4,1,1,2,2,4,2,1,3,2,4,3,1,1,1,3,2,2,4,1,2,6,5,7,4,5,3,1,3,5,1,5,1,2,1,4,4,3,2,4,1,1,1,1,,1,1,1,1,2,1,6,1,1,,26,1,,3
IN_R309,2,4,1,1,2,1,1,4,1,3,1,1,1,5,3,3,1,3,2,1,1,4,4,3,2,6,5,10,2,1,1,1,1,1,1,1,1,4,1,4,4,3,1,2,1,1,1,1,,1,1,1,1,1,1,6,2,,,,2,1,
IN_R310,2,3,1,1,2,1,1,8,2,11,5,1,22,2,1,2,3,2,4,5,3,3,3,1,1,6,4,6,2,5,2,5,1,3,3,1,2,1,1,4,4,3,1,2,1,1,1,1,,3,1,1,1,1,1,6,2,,,,2,2,
IN_R311,1,1,2,1,2,1,3,4,6,35,1,8,3,5,3,3,1,1,1,2,3,2,5,1,1,6,1,17,22,1,1,2,1,1,2,1,1,2,1,1,4,2,1,3,1,1,1,1,,3,1,1,1,1,1,2,2,,,,2,1,
IN_R312,1,4,2,3,6,1,1,2,8,7,8,5,12,5,4,5,3,4,1,2,5,3,1,4,3,6,1,3,30,4,2,5,1,3,3,1,2,2,2,1,2,2,3,1,3,3,3,3,,1,3,3,3,3,4,3,2,,,,2,3,
IN_R313,2,1,1,4,2,1,2,2,1,31,1,1,21,4,5,1,2,3,1,3,2,3,3,3,2,6,4,3,30,1,3,2,1,2,1,1,2,2,1,1,2,2,1,1,1,3,3,1,,1,1,1,1,3,2,3,2,,,,2,4,
IN_R314,1,4,2,3,5,1,2,2,1,17,5,3,1,3,1,3,2,3,2,1,3,2,4,3,1,6,1,5,2,1,3,2,2,1,1,1,1,2,4,1,2,2,1,2,1,1,3,3,,3,1,1,1,1,1,3,1,1,,14,1,,8
IN_R315,1,1,2,1,2,1,1,2,2,7,2,1,2,2,3,4,1,1,5,3,4,3,2,1,1,6,4,3,2,1,3,4,2,2,2,2,3,3,4,1,1,1,1,3,4,2,1,4,,1,4,1,4,1,3,4,2,,,,2,4,
IN_R316,1,1,2,1,2,1,2,2,5,7,1,1,1,2,1,1,1,1,3,5,2,1,1,1,1,6,2,7,11,1,2,2,5,1,2,4,1,3,3,3,1,1,1,3,2,2,2,2,,3,2,1,1,1,1,6,2,,,,2,2,
IN_R317,1,1,1,5,2,1,1,2,2,19,1,1,22,5,3,1,2,1,4,3,2,3,3,5,3,6,4,3,2,1,3,2,1,5,3,1,1,3,2,3,2,1,3,1,3,3,3,3,,1,1,1,1,1,1,4,2,,,,2,4,
IN_R318,1,4,2,4,2,1,1,3,5,7,4,3,1,3,1,5,3,4,4,5,1,4,1,1,3,6,1,3,5,1,2,2,5,1,2,1,3,1,1,1,2,2,1,2,3,3,3,1,,2,3,3,3,2,4,3,2,,,,1,,8
IN_R319,1,3,1,4,2,1,1,4,2,7,2,1,22,2,1,3,3,3,1,3,5,1,2,3,1,6,5,3,2,1,1,2,3,1,3,2,1,3,1,4,1,1,1,3,1,1,1,1,,1,1,1,1,1,1,2,1,1,,3,1,,2
IN_R320,2,1,1,4,2,1,1,2,1,7,8,1,23,4,1,5,1,3,2,5,4,2,1,3,1,6,2,7,2,1,3,2,1,1,2,4,4,4,4,2,2,2,1,4,3,1,1,1,,1,2,1,1,1,1,6,2,,,,2,2,
IN_R321,2,1,2,4,4,1,3,2,1,7,1,1,1,2,4,3,2,3,2,1,1,3,1,4,2,6,1,5,14,2,3,5,2,2,3,3,4,2,2,1,2,2,3,2,3,1,3,1,,1,2,2,2,2,2,3,2,,,,2,3,
IN_R322,2,3,2,3,2,2,1,2,1,37,,3,1,1,3,4,1,4,2,4,4,3,4,3,2,6,4,4,25,2,2,4,2,1,1,1,3,3,3,3,1,1,2,3,1,1,1,1,,1,1,1,1,1,1,6,2,,,,2,4,
IN_R323,1,1,1,5,2,1,1,2,2,19,1,1,1,5,3,1,2,1,2,3,2,3,3,5,3,6,4,3,2,1,3,2,1,5,3,1,1,3,2,3,2,1,3,1,3,3,3,3,,1,1,1,1,1,1,4,2,,,,2,4,
IN_R324,2,3,2,4,2,2,1,2,1,24,1,3,1,2,3,3,2,2,2,1,1,2,4,3,2,6,1,1,6,2,3,4,2,2,1,3,4,2,2,1,2,2,3,4,2,2,2,2,,1,1,4,2,1,1,3,2,,,,2,9,
IN_R325,2,1,1,4,2,2,2,2,1,10,1,1,1,2,3,2,2,1,4,2,4,2,3,1,3,6,4,4,4,5,1,5,1,3,1,3,4,3,4,1,3,3,1,1,1,3,1,1,,3,1,1,1,2,2,2,2,,,,2,9,
IN_R326,2,1,2,4,2,2,2,4,2,18,4,1,1,2,1,2,1,1,4,5,3,5,3,1,1,6,2,1,2,5,1,1,5,1,2,4,2,2,2,1,2,2,3,1,1,1,1,1,,1,1,1,1,3,4,3,2,,,,2,9,
IN_R327,2,4,2,8,2,2,2,8,2,3,1,1,1,4,1,3,2,3,1,2,5,3,4,1,1,6,1,14,25,5,2,1,1,3,3,3,2,2,4,1,2,2,1,3,3,1,1,3,,1,2,1,1,1,2,6,2,,,,2,4,
IN_R328,2,1,1,4,2,2,1,3,8,30,1,3,1,2,1,2,1,1,4,5,3,5,3,1,1,6,1,11,6,5,1,1,5,1,2,4,1,1,1,4,4,3,1,2,1,1,1,1,,1,1,1,1,1,1,1,1,2,2,,1,,4
IN_R329,2,1,2,4,2,1,1,6,3,10,14,2,1,2,3,1,1,4,2,4,2,3,3,5,1,6,4,3,5,5,2,3,4,5,3,3,1,3,4,3,3,1,4,2,2,4,2,4,,1,4,2,4,1,1,5,2,,,,2,9,
IN_R330,2,1,2,1,2,1,2,4,1,4,1,1,1,2,4,1,1,1,1,4,3,1,3,1,1,6,1,4,2,5,1,1,1,4,2,5,1,4,3,3,2,2,1,2,3,2,1,1,,1,1,2,1,1,4,6,2,,,,2,8,
IN_R331,1,1,2,1,3,2,1,4,1,11,1,7,1,2,3,3,2,1,2,1,1,3,2,3,2,6,3,15,17,5,3,3,1,3,3,2,3,3,1,1,3,2,1,2,3,3,1,1,,1,1,2,1,2,4,5,2,,,,1,,6
IN_R332,2,2,2,4,5,1,2,7,2,4,1,3,1,2,1,2,1,1,1,5,1,5,1,4,2,6,2,3,17,5,1,1,1,1,1,1,2,2,1,1,2,2,1,2,1,1,1,1,,1,3,2,3,1,1,3,2,,,,2,8,
IN_R333,2,1,2,4,3,1,2,2,1,6,8,3,1,2,4,2,1,1,1,5,5,1,5,1,1,6,2,1,17,5,1,2,5,1,2,1,3,3,3,3,4,1,4,3,1,4,4,4,,1,1,1,4,1,1,5,2,,,,2,1,
IN_R334,2,3,2,1,2,1,3,1,2,4,1,3,1,4,1,4,1,1,3,1,3,1,1,1,1,6,1,15,17,5,1,1,3,4,4,4,1,3,4,1,4,1,2,2,1,1,2,2,,1,1,1,1,2,1,6,1,1,,7,1,,6
IN_R335,2,2,2,3,2,1,2,1,2,4,1,3,1,4,1,2,1,1,4,1,1,4,1,5,3,6,4,3,17,5,4,4,1,1,1,2,2,2,2,1,3,2,2,4,1,1,1,1,,3,1,1,1,1,1,6,2,,,,2,2,
IN_R336,2,1,2,3,2,1,2,6,2,4,1,2,1,2,4,5,3,3,1,4,3,2,2,4,4,3,1,3,5,5,2,5,1,2,5,5,2,2,2,1,2,2,3,1,3,3,3,3,,2,3,3,3,3,4,4,2,,,,1,,4
IN_R337,1,1,1,4,1,1,2,2,2,4,8,1,1,5,5,5,2,1,1,3,2,1,5,5,4,12,3,3,19,5,1,1,1,1,3,1,4,2,2,2,2,2,1,4,1,1,1,1,,1,1,5,5,1,3,6,2,,,,2,4,
IN_R338,2,3,2,1,2,1,3,4,2,4,21,2,1,2,1,2,1,3,4,1,3,5,3,1,1,8,1,12,9,1,3,1,5,2,2,3,1,1,4,2,3,3,1,2,1,1,1,1,,1,1,1,1,1,1,5,1,2,3,,1,,4
IN_R339,2,4,1,4,1,1,1,2,8,39,8,5,1,5,4,5,2,3,2,1,1,4,4,3,2,12,3,3,5,4,2,5,1,3,3,1,2,2,2,1,2,2,3,1,3,3,3,3,,2,3,3,3,3,4,5,2,,,,2,8,
IN_R340,1,3,1,4,2,1,2,6,2,4,6,1,1,2,3,1,1,3,2,1,4,2,4,1,1,3,1,11,12,1,4,4,2,1,1,3,1,2,2,1,2,2,2,2,2,2,2,2,,1,2,1,1,1,1,3,2,,,,2,4,
IN_R341,1,1,2,4,2,1,2,2,2,4,7,7,1,2,3,3,1,1,2,1,4,2,4,3,1,5,5,5,4,5,3,4,3,2,4,3,1,2,4,2,2,2,2,4,2,2,2,2,,1,1,1,1,1,2,5,1,1,,3,1,,6
IN_R342,2,2,2,4,6,1,2,7,2,1,12,1,1,4,1,2,1,1,2,1,3,5,3,1,1,4,1,6,4,1,1,1,1,1,2,4,2,2,2,1,2,2,1,2,1,1,1,1,,1,1,1,1,1,1,6,2,,,,2,9,
IN_R343,2,2,2,4,7,2,1,2,5,1,8,3,1,2,3,3,1,4,2,1,4,3,1,3,2,6,1,15,6,1,2,2,1,1,2,1,2,3,3,3,1,1,1,3,1,2,2,3,,3,2,1,1,2,2,6,2,,,,2,9,
IN_R344,1,3,2,3,4,2,1,2,5,7,8,1,1,2,3,5,1,2,2,1,4,5,1,3,2,4,1,3,6,1,3,2,1,1,4,1,2,2,1,2,3,2,1,4,1,1,1,1,5,1,4,1,1,3,3,5,2,,,,2,4,
IN_R345,1,1,2,1,2,1,2,4,1,19,1,1,6,2,3,2,1,1,2,1,4,2,2,1,1,4,1,5,6,1,1,1,3,1,1,2,1,2,4,2,3,2,1,4,2,1,1,1,,1,2,1,2,1,1,3,2,,,,2,1,
IN_R346,2,2,2,1,2,2,2,1,5,38,5,9,1,2,1,3,1,3,2,1,3,4,4,3,2,10,2,5,2,2,3,2,2,2,1,3,2,4,4,2,3,4,1,2,1,1,1,1,,3,2,2,2,2,2,3,2,,,,2,4,
IN_R347,1,1,2,13,7,1,2,2,1,7,5,1,12,1,1,5,1,1,2,5,1,4,5,3,1,5,4,3,2,1,1,1,1,1,3,1,1,2,2,1,2,2,1,3,1,1,1,1,,4,3,2,1,1,3,1,2,,,,2,4,
IN_R348,2,3,1,1,2,1,2,4,2,3,1,1,11,2,3,4,1,1,2,2,1,2,1,1,1,1,1,17,22,5,1,2,3,5,1,4,1,1,1,4,4,2,1,4,1,1,1,1,,1,2,1,2,2,2,5,1,1,,3,1,,2
IN_R349,1,3,2,3,5,1,2,2,2,1,4,3,26,3,3,4,1,3,2,4,2,2,4,5,1,2,4,16,21,1,1,2,3,3,3,2,4,3,4,2,2,1,1,3,1,3,3,4,,3,1,1,1,1,1,5,2,,,,2,4,
IN_R350,1,3,1,8,2,1,2,2,5,11,1,1,5,2,3,3,2,3,2,1,1,4,4,3,2,3,4,3,2,4,3,2,2,2,1,3,2,2,4,2,3,2,1,2,1,1,3,1,,1,2,2,2,2,2,5,2,,,,2,4,
IN_R351,1,1,2,4,1,1,1,2,1,7,1,1,23,4,3,3,3,1,4,5,1,5,4,3,2,6,1,1,6,1,3,1,5,2,3,1,1,4,2,1,2,2,2,4,1,1,1,1,,2,1,2,2,3,4,1,1,2,2,,1,,2
IN_R352,1,,2,4,2,2,2,2,1,7,8,3,23,4,1,2,2,1,4,5,1,4,1,3,1,6,4,6,2,1,1,2,2,3,2,3,1,2,4,4,2,4,1,2,1,1,1,1,,2,1,1,2,3,1,3,2,,,,2,9,
IN_R353,1,3,2,3,2,2,2,2,10,24,8,3,16,2,3,3,2,3,2,1,1,4,4,3,2,14,2,6,27,2,3,2,2,2,1,3,4,4,4,2,3,4,1,2,1,1,1,1,,1,2,2,2,2,2,1,1,2,2,,1,,2
IN_R354,1,1,2,2,5,1,2,4,2,1,1,3,10,4,1,3,1,1,5,3,3,1,5,1,1,4,1,3,27,1,1,1,1,1,3,2,4,3,4,1,3,1,1,4,1,2,2,2,,1,1,1,4,2,1,3,2,,,,2,10,
IN_R355,1,1,2,3,7,1,1,9,2,6,4,3,1,2,3,4,1,1,1,4,3,1,5,1,1,9,3,3,27,1,2,1,1,1,3,3,1,3,3,3,2,1,1,3,1,1,3,4,,2,1,1,1,1,1,2,2,,,,2,2,
IN_R356,2,3,2,4,3,1,2,2,1,1,,1,2,2,3,1,2,3,3,4,3,2,1,1,2,5,2,3,7,1,2,2,1,2,1,3,4,2,4,1,3,4,3,3,1,1,1,1,,4,2,2,2,2,2,3,2,,,,2,6,
IN_R357,1,1,2,2,2,1,1,2,5,7,8,1,23,4,4,5,2,4,1,2,3,3,1,4,3,6,3,3,2,4,2,5,1,3,3,1,2,2,2,1,2,2,3,1,3,3,3,3,,3,3,3,3,3,4,3,2,,,,2,9,
IN_R358,1,1,2,2,2,1,3,2,5,7,12,12,16,4,3,5,2,4,4,2,3,2,4,4,4,6,3,7,14,4,2,2,1,1,3,4,2,2,4,1,3,4,1,2,3,1,1,1,,1,2,2,3,1,2,1,2,,,,1,,4
IN_R359,2,3,1,1,2,1,3,7,6,3,3,3,11,2,1,3,2,4,2,2,3,1,3,1,1,4,1,17,9,4,2,1,3,1,3,3,3,3,1,3,1,1,1,1,1,1,2,1,,1,1,1,1,2,1,5,1,1,,7,1,,1
IN_R360,2,1,2,4,2,2,,2,1,17,8,1,43,5,1,2,2,4,4,2,3,5,3,1,1,13,1,11,17,4,2,1,1,1,1,3,4,4,2,1,3,3,1,3,3,1,2,1,,3,1,2,1,2,1,3,2,,,,2,1,
IN_R361,2,1,2,4,2,2,,2,1,17,8,1,43,5,1,2,2,4,4,2,3,5,3,1,1,13,1,11,17,4,2,1,1,1,1,3,4,4,2,1,3,3,1,3,3,1,2,1,,3,1,2,1,2,1,3,2,,,,2,1,
IN_R362,1,2,1,4,2,1,1,2,5,22,8,3,21,5,4,3,2,4,1,2,3,4,4,3,1,6,4,3,2,4,2,2,1,1,3,1,2,2,2,1,4,4,1,2,1,2,1,1,,3,1,1,1,3,1,4,2,,,,2,4,
IN_R363,1,2,2,4,4,1,2,1,5,18,1,1,11,2,3,1,2,4,1,2,3,2,2,1,1,2,4,3,5,4,2,4,3,2,1,3,2,2,2,1,2,1,2,2,2,2,2,2,4,3,3,1,3,2,3,3,2,,,,2,9,
IN_R364,2,1,2,4,3,1,2,12,5,4,1,1,44,2,1,1,2,4,5,2,3,4,1,1,1,3,1,6,11,4,2,5,1,1,1,4,3,4,2,3,2,1,1,4,1,1,3,3,,1,1,1,1,1,1,3,1,1,,1,1,,2
IN_R365,2,2,1,4,3,1,1,9,5,1,1,2,21,2,1,2,1,4,4,5,3,5,3,1,1,4,5,3,1,4,2,1,5,1,2,4,1,1,1,4,4,3,1,2,1,1,1,1,,1,1,1,1,1,1,1,1,1,,5,1,,5
IN_R366,1,3,2,4,2,1,1,2,5,9,4,3,15,3,4,2,1,4,1,5,5,1,3,1,3,12,3,3,5,4,2,5,1,3,3,1,2,3,2,1,2,2,3,1,3,3,3,3,,2,1,1,3,3,4,5,2,,,,2,2,
IN_R367,2,4,1,4,3,1,1,4,5,4,4,3,26,2,1,3,1,4,2,5,3,5,3,1,1,4,1,3,3,1,2,1,4,1,1,1,2,2,2,3,4,3,1,2,1,1,1,1,,1,1,1,1,1,1,6,2,,,,2,4,
IN_R368,2,1,2,4,2,1,2,4,5,3,2,1,13,2,3,4,1,4,1,2,5,2,4,3,1,5,1,16,31,1,2,1,3,3,3,1,4,2,2,2,3,4,1,2,1,3,1,1,,3,2,1,1,3,2,2,2,,,,2,4,
IN_R369,1,1,2,4,1,,,,5,7,4,4,1,2,2,3,1,4,5,5,4,3,3,4,1,6,1,3,5,1,2,5,3,3,1,2,3,3,2,1,1,1,1,3,1,1,3,3,,1,3,3,3,2,4,2,2,,,,1,,8
IN_R370,2,1,2,3,2,2,1,2,5,18,8,1,,5,2,5,3,4,1,3,2,3,3,5,3,5,3,3,5,4,2,5,1,1,3,1,2,2,2,1,2,2,3,3,3,3,3,3,,2,2,2,2,2,2,4,2,,,,2,4,
IN_R371,1,3,1,4,2,1,2,11,5,4,2,1,3,2,1,3,2,4,5,3,1,2,4,3,1,3,1,3,19,1,1,2,3,2,4,1,4,2,1,4,3,2,1,4,1,1,1,1,,1,4,2,2,2,3,3,1,1,,7,1,,4
IN_R372,1,2,1,3,4,1,2,4,5,3,1,1,18,2,3,4,1,4,3,3,4,3,1,3,1,1,1,12,3,1,1,1,4,5,4,2,1,4,1,4,4,3,1,2,4,1,4,1,,1,2,2,1,1,1,3,1,2,4,,1,,4
IN_R373,2,3,2,3,2,2,2,2,5,7,8,3,16,4,1,2,2,4,3,3,1,4,1,3,2,6,4,7,6,1,3,2,2,2,1,3,4,3,4,3,2,1,2,4,2,1,1,2,,3,3,1,1,1,1,6,2,,,,2,4,
IN_R374,2,3,2,1,4,1,2,7,5,4,1,3,45,2,3,4,1,4,3,4,2,2,2,3,1,8,2,3,1,1,1,1,3,4,4,2,3,2,4,2,3,4,1,1,1,1,1,1,,1,2,1,1,5,1,1,2,,,,2,15,
IN_R375,2,1,2,4,5,1,1,8,5,35,1,1,6,4,1,1,1,4,3,5,3,3,5,1,1,6,1,6,1,1,1,4,1,1,5,4,2,3,3,3,1,3,1,2,1,1,1,1,,1,2,1,1,1,1,6,2,,,,2,6,
IN_R376,2,2,2,4,1,1,2,2,5,11,1,3,15,2,3,3,2,4,3,1,1,4,4,3,2,3,1,5,1,2,3,2,2,2,1,3,1,1,1,4,4,3,1,2,1,1,1,1,,1,2,2,2,2,2,5,2,,,,2,9,
IN_R377,2,4,2,3,2,1,2,1,5,11,1,3,1,5,5,1,1,4,3,4,4,1,5,5,1,9,2,1,1,1,1,1,4,1,4,5,2,3,2,1,2,2,1,4,1,1,1,1,,1,1,1,1,1,1,5,2,,,,2,9,
IN_R378,2,2,1,3,2,1,2,7,5,1,4,3,10,2,3,4,1,4,3,1,1,2,5,4,1,10,1,6,3,1,3,2,3,1,1,1,1,2,4,1,3,2,1,3,1,1,1,1,2,1,1,1,1,2,2,4,2,,,,2,1,
IN_R379,2,2,2,4,2,2,2,2,5,39,1,9,2,2,4,3,1,4,4,5,3,5,4,1,1,4,1,21,3,1,3,1,5,1,2,4,2,4,1,4,4,3,1,2,1,1,1,1,,3,1,1,1,1,1,3,2,,,,2,2,
IN_R380,2,4,1,3,2,1,2,1,5,3,1,3,25,4,1,3,2,4,4,5,3,5,4,1,1,10,1,6,3,1,3,1,1,1,1,1,4,2,4,1,3,2,1,2,1,3,1,3,,1,2,1,2,2,2,3,2,,,,2,4,
IN_R381,2,2,1,3,2,1,2,4,5,13,4,3,11,2,1,4,1,4,1,5,1,4,1,1,1,4,1,1,3,1,1,2,1,1,1,3,3,3,3,3,1,1,1,4,2,4,4,4,,1,2,1,1,1,1,3,2,,,,2,6,
IN_R382,2,2,1,3,2,3,1,4,5,11,23,3,1,2,3,3,2,4,2,1,4,2,1,5,2,3,5,3,3,2,3,2,1,2,1,1,2,2,2,1,2,2,1,1,1,1,1,1,,1,2,2,2,2,2,3,2,,,,2,4,
IN_R383,2,4,1,3,2,1,2,2,5,9,1,1,16,5,3,3,2,4,1,2,4,3,1,3,4,5,4,3,5,1,1,2,3,1,3,1,2,2,2,1,2,2,1,4,3,1,1,1,,2,1,1,3,1,1,6,2,,,,2,4,
IN_R384,2,3,2,4,2,1,1,2,5,39,5,3,26,2,1,2,1,1,1,1,4,2,4,4,1,6,4,6,6,1,2,2,1,1,1,3,2,2,2,1,2,2,2,4,1,1,1,1,,3,2,2,2,1,2,3,2,,,,2,4,
IN_R385,2,2,2,3,2,1,1,8,5,22,1,3,20,2,3,2,1,1,1,1,3,4,1,1,1,1,1,7,6,1,3,4,5,1,2,2,2,2,2,3,2,2,2,2,1,1,1,1,,3,1,1,1,1,1,3,2,,,,2,7,
IN_R386,2,4,2,3,2,1,2,7,5,4,1,13,46,4,3,3,1,1,2,1,3,4,4,3,1,10,1,19,18,1,3,2,2,1,1,3,2,2,4,2,3,2,1,1,1,1,1,1,,3,3,1,1,1,2,5,1,2,10,,1,,4
IN_R387,2,4,1,3,2,1,2,8,5,1,1,5,2,2,3,3,2,3,1,1,1,2,2,3,2,6,1,11,14,1,3,2,3,2,1,4,2,2,4,1,2,2,1,2,2,2,1,3,,1,2,1,1,1,1,3,2,,,,2,7,
IN_R388,2,2,1,3,2,1,2,2,5,9,4,3,10,2,1,4,1,4,1,3,1,1,5,3,1,4,1,4,18,1,3,2,3,2,4,3,1,2,1,1,2,1,3,1,1,1,1,1,,1,1,1,1,1,1,3,1,1,,27,1,,2
IN_R389,2,2,1,3,2,1,1,1,5,1,23,3,4,2,3,2,1,1,1,4,4,2,4,3,2,6,2,7,2,2,1,2,4,1,3,3,3,1,2,2,3,3,1,1,1,1,1,1,,1,1,1,1,1,1,3,2,,,,2,4,
IN_R390,2,4,2,4,2,2,2,4,5,1,1,2,5,2,1,1,1,1,2,1,1,1,2,3,2,3,3,4,11,2,3,4,3,2,1,3,4,3,4,3,1,1,1,3,1,1,1,1,,1,2,2,2,2,2,5,2,,,,2,1,
IN_R391,2,3,1,4,1,1,1,,5,17,1,3,16,5,4,5,3,4,1,2,5,3,1,4,3,6,2,1,11,2,3,2,2,3,3,1,2,2,2,1,2,2,3,1,3,3,3,3,,3,3,3,3,3,4,6,1,2,2,,1,,4
IN_R392,2,4,2,4,2,2,1,2,5,9,1,3,1,2,3,1,1,1,1,1,1,5,4,3,3,10,1,1,11,5,2,5,1,2,1,3,4,2,2,1,2,2,1,4,1,1,1,2,,4,2,1,2,1,1,3,2,,,,2,9,
IN_R393,2,2,,3,2,1,2,4,5,39,1,7,20,1,4,3,3,3,1,4,4,4,4,5,4,4,4,3,11,1,3,2,1,3,3,3,2,2,2,1,2,2,1,3,1,1,1,1,,1,1,1,1,3,1,4,2,,,,2,9,
IN_R394,1,2,1,3,3,1,2,4,5,29,1,3,6,2,1,2,2,3,2,1,1,4,4,3,2,4,2,22,11,2,3,2,2,2,1,3,4,4,4,2,3,4,1,2,1,1,1,1,,3,2,2,2,2,2,6,2,,,,2,2,
IN_R395,2,2,2,3,2,1,2,2,5,9,1,3,1,2,3,2,1,1,2,2,3,3,2,2,1,2,1,1,11,1,1,2,4,1,5,3,1,1,2,4,4,2,1,2,1,3,1,3,,1,1,1,1,1,1,3,2,,,,2,9,
IN_R396,2,3,2,4,2,1,1,2,5,7,4,3,23,1,3,3,2,4,1,2,5,3,1,4,3,6,2,5,11,1,1,1,4,2,1,3,2,2,2,2,3,4,1,1,1,1,1,1,,1,2,2,2,2,2,3,2,,,,2,1,
IN_R397,2,3,2,4,6,1,2,6,5,1,1,3,26,2,1,3,1,1,4,1,3,3,4,3,1,4,4,4,11,1,3,4,1,2,1,1,2,2,2,3,2,2,1,3,4,1,3,4,,3,2,1,1,1,1,6,2,,,,2,2,
IN_R398,2,2,1,3,2,1,2,4,5,2,1,3,21,2,4,3,2,3,2,1,1,2,4,3,2,3,1,3,5,1,1,2,3,1,1,2,4,3,1,3,2,2,1,4,1,1,1,2,,2,4,2,1,1,2,3,1,1,,3,1,,4
IN_R399,,,,,,1,2,4,5,18,4,3,5,2,3,1,1,3,3,5,3,1,5,5,1,4,2,6,2,1,1,1,4,1,4,4,1,3,1,2,2,1,1,2,1,1,1,1,,1,1,1,1,1,1,3,1,1,,7,1,,1
IN_R400,2,4,1,3,3,1,2,1,5,44,23,3,9,4,3,3,3,3,5,2,1,4,4,3,2,10,1,5,16,1,1,2,1,1,2,3,2,2,2,1,2,2,1,2,1,1,1,1,,1,1,1,2,2,2,3,2,,,,2,6,
IN_R401,2,3,2,2,1,1,1,2,5,4,4,1,15,2,1,4,1,1,4,5,3,2,5,1,1,6,2,21,4,1,1,5,2,1,1,3,2,2,4,1,4,3,1,2,1,1,1,1,,1,2,1,1,1,1,5,2,,,,2,9,
IN_R402,2,3,2,3,6,1,1,2,5,18,1,1,3,5,3,3,2,1,5,1,5,2,4,5,2,3,4,23,32,1,1,1,4,1,1,1,3,2,4,2,2,2,1,3,1,1,3,3,,1,1,1,1,2,1,5,2,,,,2,4,
IN_R403,1,2,2,3,2,1,2,2,5,9,1,3,28,2,3,5,1,1,1,2,3,5,1,3,1,6,1,1,7,1,1,1,1,1,2,1,2,2,1,4,2,2,1,4,1,1,1,3,,1,1,1,1,1,1,3,2,,,,2,8,
IN_R404,2,2,2,3,2,1,2,4,5,1,1,3,6,3,3,3,2,3,2,4,4,4,4,3,2,5,5,6,5,2,1,2,1,1,2,1,2,2,2,1,3,2,1,2,1,1,1,1,,1,1,1,1,1,1,3,2,,,,2,9,
IN_R405,2,2,2,2,1,1,1,15,5,29,8,5,15,3,3,2,3,4,5,4,1,3,2,4,3,12,5,3,5,1,1,1,4,1,2,3,2,2,1,4,3,2,1,1,1,1,1,1,,1,1,1,1,1,1,3,2,,,,2,4,
IN_R406,2,3,2,3,6,1,2,2,5,4,5,3,2,4,4,1,1,2,4,4,2,3,3,2,1,4,1,3,5,1,2,1,3,3,3,5,4,2,3,3,4,3,1,2,1,1,1,1,,1,1,1,1,3,1,4,2,,,,2,9,
IN_R407,2,4,1,4,2,3,2,4,5,45,1,3,6,2,3,3,1,3,1,1,3,4,1,3,2,4,2,18,5,1,1,2,1,1,3,1,2,4,4,2,3,4,1,2,1,1,1,1,,1,1,1,1,1,1,3,2,,,,2,2,
IN_R408,2,2,2,3,2,1,2,4,5,4,1,1,17,2,5,3,3,3,4,2,1,3,2,4,3,6,5,14,5,1,1,2,1,1,2,3,4,4,4,1,3,4,1,3,4,2,2,2,,1,1,1,1,1,1,6,1,2,11,,1,,4
IN_R409,1,3,1,1,2,1,3,7,5,3,6,1,19,2,3,4,1,3,3,4,1,1,5,3,1,10,1,17,5,1,1,1,3,3,3,3,4,2,4,1,2,2,1,1,1,1,1,1,,1,1,1,1,1,1,3,2,,,,2,9,
IN_R410,2,2,2,5,2,1,2,8,5,2,4,1,1,5,1,1,1,3,3,5,3,1,2,4,1,9,1,3,5,1,3,1,1,3,4,1,1,2,4,3,3,2,1,2,1,1,1,2,,1,1,1,1,1,1,6,1,1,,3,1,,2
IN_R411,2,2,1,4,2,1,2,4,5,11,1,4,2,4,3,1,1,3,3,5,1,2,1,3,1,3,1,5,5,1,3,2,2,2,1,3,4,2,2,1,2,2,1,3,1,1,1,1,,1,5,2,5,4,5,6,2,,,,2,2,
IN_R412,2,3,2,3,6,1,2,6,5,4,1,2,11,2,1,1,1,3,3,1,3,1,1,1,5,11,1,4,5,1,3,1,3,1,1,4,1,3,1,3,4,1,1,3,4,1,3,4,,1,1,1,1,1,1,1,2,,,,2,6,
IN_R413,2,3,2,2,6,1,2,11,5,18,1,1,16,5,3,5,3,3,3,2,1,3,4,3,3,2,1,3,2,5,3,2,3,2,3,1,2,2,2,1,2,2,2,4,3,1,1,3,,1,2,2,1,1,1,4,2,,,,2,9,
IN_R414,2,2,2,4,2,1,2,2,5,7,5,5,1,5,3,1,1,3,3,1,1,3,1,3,2,9,1,1,14,1,3,1,4,1,1,3,2,2,4,2,3,4,1,2,1,1,1,1,6,1,1,1,1,1,1,3,2,,,,2,2,
IN_R415,2,4,2,4,2,2,1,8,2,7,7,1,,6,1,2,1,3,1,2,5,2,1,2,3,5,5,1,11,1,3,2,3,1,3,4,1,3,1,3,1,1,1,2,3,1,1,1,,1,1,1,1,1,1,3,2,,,,2,15,
IN_R416,2,2,1,4,2,1,3,2,1,7,24,3,12,4,1,2,1,1,4,5,3,5,3,1,1,6,5,3,2,1,3,1,5,1,2,4,1,1,1,4,4,3,1,2,1,1,1,1,,1,1,1,1,1,1,6,1,2,2,,1,,2
IN_R417,2,3,2,4,2,2,1,2,1,7,1,1,1,2,3,2,2,3,5,3,4,2,4,3,2,3,5,3,5,1,3,5,3,1,4,2,4,2,2,1,2,2,1,4,1,1,1,1,,1,1,1,1,1,1,1,2,,,,2,3,
IN_R418,2,2,1,3,3,2,1,4,2,7,1,5,2,2,1,2,1,3,1,2,4,4,1,3,2,3,2,3,3,1,4,4,2,1,2,2,3,3,3,3,1,1,4,3,3,2,3,3,,1,2,1,1,1,1,3,2,,,,2,6,
IN_R419,,3,2,4,5,1,2,2,7,7,2,3,12,1,4,5,3,4,1,2,5,3,1,4,3,6,5,3,5,4,2,5,1,3,3,1,2,2,2,1,2,2,3,1,3,3,3,3,,2,3,3,3,3,4,4,2,,,,2,4,
IN_R420,2,2,2,4,6,1,1,6,2,38,1,1,10,2,3,1,1,1,1,1,3,1,4,1,1,11,2,9,33,1,1,1,1,2,3,3,3,3,3,3,1,1,1,2,1,1,1,4,,1,1,1,1,1,1,6,2,,,,2,6,
IN_R421,2,4,1,4,2,,2,7,2,40,1,1,26,2,3,3,2,3,1,1,1,4,4,3,2,10,1,4,1,2,1,2,1,1,1,3,4,2,4,2,3,4,1,2,1,1,1,1,,1,1,1,1,2,1,3,2,,,,2,9,
IN_R422,2,3,2,4,6,1,2,4,2,4,1,1,11,2,5,4,1,1,1,4,5,2,4,3,1,3,2,3,2,1,2,5,1,2,3,3,4,2,2,1,2,2,1,1,3,3,3,3,,1,2,1,2,2,1,3,2,,,,2,22,
IN_R423,2,3,1,4,1,2,2,8,1,22,1,3,31,1,3,1,1,1,5,5,3,1,5,3,1,9,1,1,6,1,3,3,2,1,1,4,2,3,4,3,3,4,3,3,1,1,1,1,,3,1,1,2,1,1,3,2,,,,2,1,
IN_R424,2,3,2,2,1,1,3,8,1,24,4,3,16,4,4,5,3,1,1,2,5,3,1,4,3,6,1,1,7,2,3,2,2,2,1,3,4,4,4,2,3,4,1,2,1,1,1,1,,4,2,2,2,2,2,1,1,2,2,,1,,2
IN_R425,2,2,2,2,1,2,2,6,2,11,6,7,17,4,1,3,4,1,2,5,3,4,4,1,1,8,1,4,4,2,3,2,2,1,1,3,4,4,4,2,3,4,1,4,1,1,1,1,,1,1,1,1,1,1,6,1,1,,5,1,,3
IN_R426,2,3,2,5,6,1,2,6,2,4,1,3,5,2,1,2,1,1,1,2,5,3,1,4,3,4,1,4,2,1,1,1,5,1,2,4,2,2,2,1,2,2,3,1,3,3,3,3,,1,1,1,1,1,1,3,2,,,,2,9,
IN_R427,1,3,2,1,5,2,2,4,4,11,6,2,29,2,3,1,1,1,1,2,1,1,1,3,1,10,1,4,12,1,1,1,1,1,1,4,1,2,1,1,4,2,1,3,1,1,1,1,,1,1,1,1,1,1,6,1,1,,7,1,,2
IN_R428,1,1,2,1,2,1,2,2,1,7,1,3,3,2,1,2,1,1,2,5,1,2,4,3,2,3,2,3,10,2,3,2,3,2,1,2,2,2,2,1,2,2,1,2,1,3,1,1,,1,4,1,3,2,3,4,2,,,,2,3,
IN_R429,1,3,2,5,2,1,2,6,2,4,1,3,21,4,1,4,1,1,4,5,3,2,2,1,1,3,2,17,4,3,1,1,4,1,4,5,2,2,2,3,1,1,4,3,4,4,4,4,,3,1,1,1,1,1,5,2,,,,2,2,
IN_R430,1,1,2,14,2,1,1,2,1,7,1,3,47,4,1,2,4,1,4,4,3,5,3,4,1,6,4,3,2,2,1,2,5,1,2,4,1,4,1,2,4,4,1,2,1,1,1,1,,2,2,1,2,1,2,1,2,,,,2,3,
IN_R431,2,3,2,1,2,1,2,1,2,1,4,3,20,2,1,1,2,2,5,1,3,1,2,3,2,6,2,6,2,5,1,2,1,2,1,3,4,2,2,2,3,2,1,4,1,1,1,1,,1,1,1,1,1,1,3,2,,,,2,3,
IN_R432,2,2,2,5,6,1,2,8,5,11,1,1,20,2,3,3,1,3,1,4,1,4,1,1,1,4,1,3,2,2,1,2,2,2,1,1,2,2,4,1,2,2,1,2,1,3,3,1,,4,3,2,4,2,3,3,2,,,,2,3,
IN_R433,2,1,2,1,2,1,2,4,5,29,1,1,10,4,1,1,1,1,1,5,3,1,5,1,1,3,2,1,2,1,1,2,5,1,2,4,1,2,1,3,4,3,3,4,1,1,1,1,,3,1,3,1,2,1,3,2,,,,2,6,
IN_R434,2,1,2,1,2,1,2,4,5,4,1,1,6,5,3,1,1,3,1,1,2,2,2,3,2,3,3,1,2,4,1,2,1,2,1,1,3,3,3,1,2,2,1,3,1,1,1,1,,1,1,1,2,2,2,6,2,,,,2,4,
IN_R435,2,1,2,1,2,1,3,6,2,1,6,1,13,2,3,4,1,1,5,1,3,2,2,1,1,3,1,7,34,2,1,2,1,1,3,1,2,2,4,1,2,2,2,4,2,2,1,2,,3,2,1,2,1,4,6,2,,,,2,1,
IN_R436,2,1,2,1,2,1,2,5,5,1,1,3,4,1,3,4,2,1,4,2,3,3,1,3,2,4,2,5,5,2,1,2,1,2,1,3,4,2,2,1,2,2,3,1,3,3,3,3,,1,2,2,1,1,1,6,2,,,,2,3,
IN_R437,2,1,2,8,2,1,1,4,2,4,1,3,19,2,1,4,2,1,2,1,1,2,4,1,1,4,1,11,14,1,1,2,2,1,1,3,3,3,2,1,1,1,1,2,1,1,1,1,,1,1,1,1,2,2,6,2,,,,2,4,
IN_R438,2,2,1,5,2,2,2,8,7,11,1,3,4,2,1,3,1,1,1,5,1,4,1,3,1,1,1,4,12,1,1,2,1,1,2,3,1,1,1,4,1,3,1,3,1,1,1,1,,1,1,1,1,1,1,5,2,,,,2,1,
IN_R439,2,2,2,5,3,1,2,2,1,17,1,3,,1,3,3,2,3,2,1,1,5,4,3,1,6,2,5,27,2,1,2,5,2,1,3,2,2,2,4,3,3,1,2,3,3,3,3,,1,2,2,2,2,4,3,2,,,,2,3,
IN_R440,2,2,1,1,2,1,3,7,2,10,4,14,13,3,3,4,1,1,5,2,4,2,4,1,1,2,5,17,1,1,1,2,3,2,3,4,4,3,4,2,1,1,1,3,2,1,1,4,,1,1,1,1,1,1,5,2,,,,2,3,
IN_R441,1,1,2,1,1,1,2,4,1,4,1,7,10,2,3,2,1,3,1,1,2,1,2,5,2,3,1,3,12,2,1,2,1,1,1,1,3,3,3,3,1,1,4,3,4,4,4,4,,1,1,1,1,1,1,5,2,,,,2,1,
IN_R442,2,3,1,5,2,2,2,4,7,1,1,1,30,2,3,3,1,1,2,1,3,4,3,3,2,4,4,16,4,1,1,2,2,1,2,3,1,3,2,3,1,1,4,3,1,4,4,4,4,1,2,1,1,1,2,6,2,,,,2,4,
IN_R443,1,3,2,5,2,1,1,2,5,4,1,1,5,1,3,1,1,3,1,3,2,1,3,3,1,3,2,3,35,1,1,2,3,4,2,1,3,3,3,3,2,1,1,3,1,1,2,4,,4,1,1,1,1,2,4,2,,,,2,15,
IN_R444,1,3,2,5,3,1,1,6,7,43,5,1,44,5,1,3,1,3,1,1,1,3,5,4,2,4,2,1,3,3,1,2,1,1,1,3,1,4,2,2,3,4,1,2,1,1,1,1,,1,1,1,1,1,1,6,1,2,2,,1,,6
IN_R445,1,1,2,1,2,2,2,6,5,4,1,3,26,2,3,3,1,1,1,1,5,5,5,1,1,3,1,13,5,1,1,2,5,5,4,3,3,3,3,3,1,1,1,3,2,4,4,4,,3,1,1,1,1,1,4,2,,,,2,2,
IN_R446,1,1,2,1,2,2,2,6,5,19,4,3,30,2,3,3,1,3,1,5,3,5,5,1,1,3,1,13,5,1,1,2,5,1,3,3,3,3,3,3,1,1,1,3,2,4,4,4,,1,1,1,1,1,1,4,2,,,,2,2,
IN_R447,1,3,1,5,2,1,2,4,2,29,2,1,,1,4,3,2,3,1,3,2,3,1,5,2,12,3,3,5,1,1,2,3,2,4,1,4,2,4,2,2,2,1,4,1,1,3,2,,1,2,2,2,1,1,4,2,,,,1,,5
IN_R448,2,4,2,5,2,2,1,8,2,46,7,1,,6,1,2,1,3,1,2,5,2,1,2,3,5,5,1,11,1,1,2,3,1,3,4,1,3,1,3,1,1,1,2,3,1,1,1,,1,1,1,1,1,1,3,2,,,,2,15,
IN_R449,2,3,2,1,5,1,3,5,1,1,1,1,17,2,1,1,1,1,5,2,1,3,5,3,1,3,2,17,1,1,1,2,1,1,2,3,3,3,4,1,4,4,1,2,1,2,1,3,,3,2,1,2,3,1,6,1,1,,3,1,,5
IN_R450,2,1,2,2,5,1,2,4,1,18,1,3,10,2,1,3,3,4,1,2,5,3,1,4,3,4,4,10,25,4,1,5,1,3,3,1,2,2,2,1,2,2,3,1,3,3,3,3,,1,1,1,1,1,1,6,2,,,,2,1,
IN_R451,1,1,2,1,2,1,2,6,2,4,1,1,3,4,1,4,1,1,2,5,1,1,1,1,1,4,2,1,4,1,1,1,1,1,2,4,4,2,2,2,2,1,1,3,1,1,1,3,,1,3,1,1,1,4,3,1,1,,3,1,,1
IN_R452,2,3,1,5,2,2,2,2,1,13,1,1,28,4,1,2,1,1,1,5,3,4,1,3,1,6,2,7,6,1,1,2,5,1,2,4,2,2,2,1,2,2,2,4,2,2,2,2,,2,1,3,3,2,2,3,2,,,,2,2,
IN_R453,1,1,2,5,2,1,1,2,5,7,4,1,1,2,1,4,2,2,5,5,4,4,2,1,1,3,1,6,2,1,1,1,1,1,2,3,4,2,4,1,2,2,1,4,1,1,1,1,,1,1,1,1,1,1,3,2,,,,2,3,
IN_R454,2,1,2,5,5,1,2,2,1,40,8,1,23,2,3,3,2,3,1,2,1,2,2,3,2,5,4,7,4,2,3,1,1,2,3,1,4,2,2,1,2,2,1,4,1,1,1,1,,1,2,2,2,2,2,3,2,,,,2,16,
IN_R455,1,1,2,1,4,1,2,5,5,19,1,3,10,5,4,1,1,1,4,2,5,1,4,3,1,3,1,6,2,1,1,5,1,1,3,3,3,3,4,3,1,1,1,3,3,3,1,3,,1,1,1,1,1,1,2,2,,,,1,,2
IN_R456,1,1,2,1,2,1,2,4,2,1,6,1,3,2,1,1,2,1,3,5,3,1,5,1,1,3,1,11,1,1,3,1,2,1,1,4,2,2,1,3,1,1,1,4,1,1,2,1,,1,1,1,1,1,1,2,2,,,,2,9,
IN_R457,2,1,2,1,1,1,3,8,6,43,22,3,48,4,1,4,4,1,2,2,5,1,3,1,1,2,1,15,16,1,1,1,5,1,2,4,3,3,3,3,1,1,2,4,2,2,2,2,,1,1,1,1,1,1,6,2,,,,2,9,
IN_R458,1,1,2,1,4,1,2,4,5,4,1,8,3,2,1,2,1,3,1,1,1,2,4,1,1,3,2,20,36,1,1,1,5,1,2,1,1,2,2,1,3,1,1,3,1,1,1,1,,3,1,1,1,1,1,3,2,,,,2,9,
IN_R459,1,1,2,1,2,1,2,1,9,10,1,1,11,2,1,4,1,1,5,2,4,2,3,3,1,2,1,11,1,1,1,1,3,2,1,4,2,2,2,1,2,2,1,2,1,1,1,1,,1,1,1,1,1,1,3,2,,,,2,9,
IN_R460,1,1,2,12,2,1,2,6,2,4,1,1,11,4,3,4,1,1,5,1,1,1,2,1,1,1,1,11,12,2,3,2,1,2,1,3,3,3,3,3,3,1,1,1,4,4,3,4,,3,1,1,1,1,1,4,2,,,,2,9,
IN_R461,2,1,2,1,2,1,3,4,1,12,22,1,11,2,3,1,1,1,1,1,4,1,2,3,2,3,1,7,14,3,3,4,3,2,1,2,4,4,2,2,2,2,1,4,1,2,1,1,,1,1,2,2,2,4,6,1,1,,3,1,,1
IN_R462,1,1,2,1,2,1,2,4,2,22,1,1,10,4,1,3,1,1,2,5,1,5,3,3,2,4,2,7,8,1,1,1,5,1,2,4,1,1,1,4,4,3,1,2,1,1,1,1,,1,1,1,1,1,1,5,2,,,,2,1,
IN_R463,1,3,2,2,2,1,2,5,2,18,2,1,11,4,1,4,1,1,3,1,3,1,5,1,1,4,1,6,25,1,1,1,2,1,2,4,1,3,3,2,2,1,1,4,1,1,3,3,,1,1,1,1,1,1,5,2,,,,1,,3
IN_R464,1,3,2,3,2,1,2,2,5,24,1,3,1,2,3,3,1,1,4,5,1,1,4,3,1,6,2,1,2,1,1,2,1,2,1,1,3,2,2,1,2,2,4,2,1,1,1,1,,1,2,1,1,2,2,3,2,,,,2,2,
IN_R465,1,3,2,1,2,1,1,4,2,4,1,13,3,2,1,1,1,1,1,5,2,2,1,1,1,10,1,7,2,1,3,4,2,1,2,4,4,3,4,2,3,1,1,3,1,1,1,1,,1,2,2,2,2,2,5,1,1,,22,1,,2
IN_R466,1,1,2,1,2,1,2,2,2,11,1,1,13,2,4,2,1,1,3,5,4,2,4,4,2,3,4,11,2,1,3,4,3,3,3,3,2,2,4,2,2,2,1,1,1,1,3,1,,3,2,1,1,2,1,3,1,1,,12,1,,7
IN_R467,1,2,1,12,2,2,2,9,2,11,8,5,,5,4,5,3,4,1,2,5,3,1,4,3,6,5,6,6,4,2,4,1,3,3,1,2,2,2,1,2,2,3,1,3,3,3,3,,3,3,3,3,3,4,5,1,1,,1,1,,4
IN_R468,1,1,2,1,4,1,2,6,2,11,4,2,10,1,1,1,2,1,5,1,1,1,2,3,1,3,1,2,1,2,1,4,3,2,4,2,1,3,4,1,4,1,1,3,1,1,1,1,,1,1,1,1,1,1,4,2,,,,2,1,
IN_R469,2,3,2,15,6,1,2,2,7,11,8,1,12,5,3,2,2,1,2,1,5,4,4,3,2,12,3,3,1,1,1,4,1,1,3,1,2,2,2,2,3,2,1,4,1,1,1,1,,1,1,1,1,1,1,6,2,,,,2,4,
IN_R470,2,1,2,12,6,1,1,2,1,11,8,1,22,4,1,4,1,2,4,5,3,2,5,1,1,3,1,6,6,3,1,4,1,1,2,4,2,3,2,4,4,3,1,3,1,1,1,1,,1,5,1,1,1,5,3,2,,,,2,1,
IN_R471,2,2,1,12,6,1,1,2,5,11,8,3,,5,1,2,1,1,2,3,1,4,4,2,1,6,5,3,27,1,1,4,2,2,1,3,1,3,4,2,3,4,1,2,1,1,1,1,,1,1,1,2,2,2,3,2,,,,2,3,
IN_R472,1,1,2,1,2,1,1,2,5,11,4,1,16,2,4,2,1,1,2,5,1,4,1,1,1,6,4,5,2,1,1,4,1,1,2,1,1,2,2,2,2,3,1,1,3,3,3,3,,3,3,3,1,1,1,3,1,2,10,,1,,1
IN_R473,2,1,2,12,6,1,2,2,2,11,1,1,16,2,4,4,1,3,1,2,4,2,4,5,1,3,3,16,4,1,2,4,1,1,1,3,3,3,2,3,1,1,2,1,3,3,3,3,,2,2,1,1,2,2,6,2,,,,2,2,
IN_R474,1,1,2,12,2,1,2,2,5,11,2,1,40,2,3,2,2,1,4,2,3,2,2,1,1,4,2,3,2,1,3,4,5,1,2,4,2,2,2,1,2,2,3,3,1,2,2,2,,1,1,2,3,2,3,6,2,,,,2,3,
IN_R475,2,1,2,12,6,1,1,2,1,11,8,1,22,4,1,4,1,2,4,5,3,2,5,1,1,3,1,6,6,3,1,4,1,1,2,4,2,3,2,4,4,3,1,3,1,1,1,1,,1,5,1,1,1,5,3,2,,,,2,1,
IN_R476,1,2,1,12,1,1,2,7,2,11,1,1,25,2,3,4,1,1,1,5,4,2,1,5,1,1,1,3,2,1,2,4,5,2,1,3,1,3,4,1,2,1,4,2,4,1,1,3,,1,2,1,1,1,1,5,2,,,,2,4,
IN_R477,2,3,1,12,2,1,2,7,2,11,6,1,11,4,1,1,1,3,5,3,3,1,2,1,1,1,2,19,4,1,1,4,3,3,1,1,4,3,4,3,1,1,2,3,3,2,3,2,,1,1,1,1,2,1,3,2,,,,2,6,
IN_R478,2,1,2,12,2,1,2,2,1,11,2,1,1,4,4,3,2,3,2,1,1,4,4,3,2,6,2,6,2,4,2,4,2,2,1,3,2,4,2,1,3,4,1,2,3,3,3,3,,1,2,2,2,3,4,3,2,,,,2,1,
IN_R479,1,1,1,12,3,1,2,2,1,11,4,5,,2,1,3,2,4,4,1,3,5,4,3,1,1,2,3,14,1,3,4,1,1,2,3,2,2,3,3,1,1,1,2,1,1,1,1,,1,2,2,1,2,2,5,2,,,,2,3,
IN_R480,2,4,1,3,2,1,2,11,2,11,19,1,49,1,1,4,1,1,2,5,3,4,4,1,4,9,1,21,29,2,1,4,5,1,1,3,2,2,4,2,3,4,1,2,1,1,1,1,,1,1,1,2,1,1,2,2,,,,2,1,
IN_R481,2,4,1,4,2,2,2,4,2,11,5,3,28,2,1,2,2,1,1,5,3,3,1,1,1,3,1,4,14,1,2,4,1,2,1,3,4,4,4,2,4,4,1,4,1,1,3,1,,1,3,1,1,2,1,3,2,,,,2,2,
IN_R482,2,2,1,12,2,1,2,1,2,11,1,3,3,1,3,3,1,1,2,5,1,4,4,1,1,4,2,2,8,1,3,1,3,2,1,3,2,2,1,1,2,2,1,3,1,1,1,3,,1,1,1,1,1,1,6,1,1,,1,1,,2
IN_R483,1,1,2,5,2,2,2,2,1,11,16,3,16,2,3,4,4,1,1,5,5,3,1,1,3,2,1,7,2,5,2,2,1,1,3,1,2,2,4,1,2,2,2,2,3,3,3,3,,1,3,1,3,1,1,3,2,,,,2,1,
IN_R484,1,2,1,7,2,1,2,1,6,11,1,3,2,2,3,3,1,1,4,5,3,3,1,3,1,10,1,11,1,1,1,1,1,1,1,3,2,2,2,1,3,4,1,2,1,1,1,1,,1,1,1,1,1,1,3,2,,,,2,4,
IN_R485,1,1,2,12,2,1,2,2,1,11,4,3,1,2,3,1,1,1,5,5,1,3,2,1,1,3,2,1,2,1,1,2,1,1,2,1,1,2,4,1,3,2,4,3,1,1,1,4,,1,5,2,3,2,5,3,2,,,,2,2,
IN_R486,2,4,1,2,3,1,3,2,1,11,1,1,20,2,3,5,2,4,2,5,1,3,1,1,2,1,2,6,2,1,1,2,3,2,3,1,4,4,2,1,2,2,3,1,3,3,1,3,,1,4,1,1,2,2,4,2,,,,2,3,
IN_R487,1,2,1,3,2,1,2,1,2,11,1,8,21,2,1,1,1,3,3,5,1,1,1,1,2,1,1,11,6,1,3,2,1,1,2,3,1,4,4,4,1,1,1,3,1,1,1,1,,1,1,1,1,1,1,3,2,,,,2,6,
IN_R488,1,1,2,5,2,2,2,2,5,11,4,1,15,2,3,1,1,1,1,5,3,1,1,3,1,5,5,1,6,3,3,2,2,5,1,3,1,4,2,3,1,1,2,4,2,2,1,2,,2,2,1,1,1,4,3,2,,,,2,3,
IN_R489,1,3,1,12,2,1,2,4,7,11,2,2,12,2,4,4,2,1,1,5,2,5,4,4,2,3,5,3,30,2,4,4,2,1,2,1,1,3,2,1,3,2,3,3,1,3,3,3,,4,2,2,2,2,1,6,2,,,,2,4,
IN_R490,2,4,1,12,3,1,1,7,2,11,5,1,1,2,3,5,1,1,1,5,4,2,1,4,3,15,4,6,14,1,3,4,1,1,1,3,2,2,2,1,4,2,1,4,1,1,1,1,,1,1,1,1,1,1,6,2,,,,2,4,
IN_R491,1,1,2,5,2,1,2,2,1,11,1,1,23,4,1,1,1,1,2,5,1,1,4,3,4,6,3,3,6,1,3,4,2,1,2,4,3,3,3,3,1,1,4,3,1,4,4,4,,4,2,1,1,1,2,3,2,,,,2,2,
IN_R492,2,3,1,1,2,1,2,4,2,11,1,1,19,2,3,4,1,1,1,4,4,3,5,3,1,3,2,4,4,2,1,4,3,2,3,3,4,2,4,1,2,2,1,4,1,1,3,3,,1,1,1,1,2,1,6,1,1,,5,1,,2
IN_R493,1,1,2,5,3,1,1,2,1,11,1,1,23,4,3,4,2,3,2,1,1,2,2,3,2,6,1,3,5,2,2,4,2,2,1,1,2,2,2,1,2,2,2,4,3,3,3,3,,1,1,1,1,1,1,3,2,,,,2,9,
IN_R494,1,1,2,1,2,2,2,6,2,11,11,1,7,2,1,1,1,4,5,1,4,1,2,1,1,4,2,17,24,4,4,4,3,4,1,3,3,3,1,3,1,1,1,3,2,2,4,2,,1,1,1,1,1,2,6,1,2,12,,1,,2
IN_R495,1,3,1,12,2,1,2,7,2,11,1,3,19,4,1,2,1,1,4,5,1,2,3,4,1,4,4,6,4,1,1,4,5,1,2,4,3,3,3,3,1,1,4,2,1,4,4,4,,3,1,1,1,1,1,3,2,,,,2,10,
IN_R496,2,2,1,12,2,1,2,1,11,11,1,3,11,4,1,3,1,3,2,5,3,4,4,1,1,10,2,17,4,1,1,4,1,1,1,4,2,1,1,2,4,3,1,3,1,1,1,1,5,1,1,1,1,1,1,3,2,,,,2,6,
IN_R497,2,2,1,12,7,1,2,8,2,11,1,3,10,1,3,1,5,5,4,3,2,1,4,4,2,9,1,24,37,1,1,1,4,2,4,2,1,2,4,1,1,1,1,4,1,3,3,3,7,1,2,2,2,2,1,6,2,,,,2,1,
IN_R498,1,1,2,12,1,1,2,2,1,11,8,1,13,2,5,1,5,3,1,4,2,5,2,3,4,12,3,3,5,1,1,2,3,1,1,5,3,3,3,3,1,1,1,3,1,1,1,1,,1,2,1,1,1,1,6,2,,,,2,4,
IN_R499,2,2,1,2,4,1,2,4,2,11,1,1,10,4,3,2,1,3,1,4,4,2,4,3,1,3,1,17,38,2,3,2,2,1,1,3,3,3,2,2,1,1,1,2,2,2,2,2,,1,2,1,1,1,1,6,1,1,,25,1,,1
IN_R500,1,2,1,12,2,1,1,7,2,11,1,1,11,2,3,3,2,3,1,4,4,2,2,3,2,3,5,1,2,2,3,2,1,2,4,2,4,2,1,2,2,2,2,2,1,2,2,2,,4,1,1,1,1,1,3,2,,,,2,3,
IN_R501,2,1,2,3,3,1,1,2,1,11,8,1,,3,4,5,3,4,1,2,5,3,1,4,3,5,5,3,2,4,2,5,1,3,3,1,2,2,2,1,2,2,3,1,3,3,3,3,,1,2,2,2,2,1,3,2,,,,2,3,
IN_R502,1,1,2,4,2,1,2,6,2,11,4,1,4,2,3,2,1,3,1,3,2,4,3,3,2,3,1,6,2,1,2,2,2,1,2,1,2,3,1,3,4,1,2,1,2,4,3,3,,3,1,1,1,2,1,3,2,,,,2,2,
IN_R503,2,2,1,12,2,1,3,2,8,11,4,3,11,2,3,3,2,3,2,3,1,4,4,3,2,10,1,6,2,2,3,2,2,2,1,3,4,4,4,2,3,4,1,2,1,1,1,1,,1,2,2,2,2,1,3,2,,,,2,8,
IN_R504,2,4,1,12,2,1,2,7,6,11,1,3,34,2,3,1,1,1,1,3,1,1,2,1,2,1,1,25,39,1,1,2,3,2,1,2,1,2,4,2,3,4,1,2,1,1,3,1,,3,1,1,1,1,1,3,2,,,,2,7,
IN_R505,2,3,1,12,2,1,1,2,5,11,1,1,12,2,3,3,1,1,4,3,1,4,3,3,1,2,1,1,6,1,1,2,5,1,1,4,1,1,1,2,4,3,1,1,1,1,1,1,,3,2,1,1,1,1,3,1,1,,22,1,,2
IN_R506,2,3,2,12,2,1,2,2,2,11,4,3,13,1,1,5,1,3,2,3,1,3,4,1,1,3,5,16,14,3,2,5,3,2,5,2,3,4,1,1,4,3,3,3,1,1,4,1,,4,2,2,1,1,1,5,2,,,,2,9,
IN_R507,1,4,1,12,2,1,2,4,2,11,1,3,3,2,1,4,1,4,5,3,4,1,1,3,1,4,1,2,17,5,4,5,3,2,4,3,1,3,4,3,2,1,2,2,2,1,1,1,,1,2,2,2,1,1,6,1,2,13,,1,,8
IN_R508,2,3,2,12,3,1,2,2,1,11,1,1,28,2,1,4,1,1,1,3,3,3,3,5,1,1,4,3,5,1,3,5,1,1,3,3,1,2,2,3,2,2,1,1,1,1,1,3,,4,3,3,3,3,4,4,2,,,,2,4,
IN_R509,2,3,2,4,3,1,1,4,2,11,4,5,2,5,4,3,2,3,1,3,4,3,4,5,2,3,1,6,6,1,1,5,3,1,1,3,4,2,2,1,2,2,1,4,1,1,1,1,,1,1,1,1,1,1,5,2,,,,2,15,
IN_R510,2,1,2,3,3,1,2,2,1,11,4,1,23,2,3,2,1,1,4,3,3,4,4,3,2,6,4,6,9,1,1,5,2,1,2,4,3,2,3,1,3,1,1,4,1,1,1,1,,4,1,1,1,1,1,3,2,,,,2,1,
IN_R511,1,3,2,12,2,1,2,2,1,11,8,1,12,5,1,4,1,1,5,3,5,3,4,3,1,5,5,26,14,1,1,5,3,5,3,1,1,2,2,2,4,3,1,4,1,1,1,1,,1,1,1,1,1,1,3,1,1,,16,1,,4
IN_R512,1,1,2,1,2,1,2,6,2,11,4,1,10,2,3,1,1,1,1,3,1,4,4,3,1,3,5,17,36,1,1,5,2,1,2,3,1,2,4,3,1,1,1,4,4,4,4,4,,1,1,1,1,1,1,6,2,,,,2,4,
IN_R513,1,1,2,12,2,1,2,4,1,11,8,1,18,2,1,3,1,1,5,3,1,2,4,3,2,6,5,11,6,4,3,5,2,1,4,3,3,2,2,1,2,1,1,4,1,3,2,2,,4,2,1,3,1,1,3,2,,,,2,9,
IN_R514,2,4,1,1,2,1,2,4,4,11,11,2,10,2,3,3,2,3,2,1,1,4,4,3,2,4,1,15,12,2,3,5,2,2,1,3,4,2,4,1,2,2,1,4,1,2,1,1,,1,2,2,2,2,2,6,2,,,,2,4,
IN_R515,1,2,1,12,7,1,2,1,2,11,1,1,20,2,3,3,2,1,1,1,5,4,1,3,1,1,1,3,3,1,3,2,1,2,1,3,2,2,4,2,2,2,1,4,1,1,2,2,2,2,1,1,1,2,2,4,1,2,10,,1,,4
IN_R516,2,3,1,1,3,1,3,1,2,11,1,1,3,2,5,1,1,1,3,2,4,1,2,1,1,1,1,8,3,1,3,2,1,1,3,2,4,2,4,1,2,2,1,4,1,1,1,3,,1,2,2,2,2,2,3,1,1,,28,1,,2
IN_R517,2,2,2,12,2,1,2,7,6,11,4,3,19,4,1,4,1,1,5,2,1,2,1,1,4,10,1,23,18,2,1,5,2,3,2,3,1,2,4,2,2,2,1,4,1,1,1,2,2,1,1,2,1,1,2,6,2,,,,2,2,
IN_R518,2,1,2,3,2,1,2,2,1,7,1,3,16,4,4,4,1,1,2,5,4,4,1,1,1,11,1,27,6,1,2,2,5,1,3,2,3,3,3,1,2,2,4,4,4,4,4,4,,3,1,1,1,1,1,6,2,,,,2,1,
IN_R519,1,1,2,3,2,1,2,2,1,24,8,3,15,4,1,2,1,1,4,5,3,3,4,1,1,6,1,1,2,1,1,4,1,3,1,4,1,1,1,4,4,3,1,4,1,1,1,1,,1,1,1,1,1,1,5,2,,,,2,3,
IN_R520,1,1,2,12,2,1,2,2,1,7,4,2,30,5,3,3,2,4,1,5,1,2,1,4,2,4,2,3,5,1,3,2,2,1,2,3,2,2,4,2,3,3,3,4,1,1,1,1,,2,2,2,2,3,2,4,2,,,,2,4,
IN_R521,1,3,1,12,2,1,1,2,5,7,5,5,,3,2,1,2,4,1,5,1,2,1,5,4,5,5,12,17,1,1,2,1,1,2,1,4,3,3,3,2,2,1,3,2,2,2,3,,1,1,1,1,1,2,6,2,,,,2,3,
IN_R522,2,4,2,3,2,2,1,2,1,13,23,3,,5,3,2,1,1,4,5,1,3,4,5,1,3,1,1,6,1,3,2,1,1,1,1,1,2,2,1,4,3,1,3,4,2,1,1,,1,2,1,1,1,2,1,2,,,,2,9,
IN_R523,1,1,2,5,2,2,2,6,1,1,7,1,3,2,1,4,2,3,3,5,1,2,4,1,1,4,1,13,36,1,3,2,1,1,1,1,2,2,2,1,2,2,3,1,1,3,3,3,,1,2,2,2,1,4,4,2,,,,2,9,
IN_R524,1,3,1,3,4,1,2,7,3,4,1,1,18,5,3,4,1,1,1,5,1,2,2,1,1,1,1,3,5,4,1,3,1,1,3,4,2,2,2,4,1,2,2,1,2,1,2,3,,1,1,1,1,1,1,3,2,,,,2,2,
IN_R525,1,3,1,3,2,1,1,4,3,10,2,1,23,2,3,2,2,3,2,5,1,4,1,4,2,4,4,1,19,5,1,3,3,1,2,2,2,2,4,2,2,2,2,2,2,2,2,2,,1,4,1,4,5,1,2,2,,,,2,9,
IN_R526,1,1,2,12,7,1,2,2,1,2,1,1,1,4,1,4,1,1,4,4,3,3,4,3,1,1,1,3,19,2,1,3,2,1,2,4,2,3,3,3,2,1,1,1,2,4,3,4,,1,3,2,2,2,1,3,2,,,,2,3,
IN_R527,2,3,1,12,4,1,2,4,7,1,1,1,5,2,3,2,2,3,2,2,4,2,3,1,2,3,1,1,19,2,3,3,3,1,2,3,2,3,3,1,2,2,2,2,2,2,2,3,,1,2,2,4,5,1,6,2,,,,2,9,
IN_R528,2,3,2,3,7,1,2,7,2,10,1,1,6,4,1,1,1,1,3,3,3,1,3,1,5,1,2,6,19,1,1,1,4,1,3,1,2,3,3,3,4,1,1,3,1,1,1,4,,1,1,1,1,1,1,6,2,,,,2,9,
IN_R529,2,3,2,12,7,1,3,1,2,10,9,1,10,4,1,1,1,1,3,3,3,2,4,1,1,10,1,17,19,1,3,4,3,1,4,3,2,3,3,3,3,1,3,2,2,2,2,1,,1,2,1,1,2,1,5,2,,,,1,,2
IN_R530,1,3,1,2,4,1,3,2,1,7,8,4,16,3,3,3,2,3,1,1,3,4,4,3,2,6,2,6,19,2,2,5,2,1,1,3,2,3,3,2,3,2,1,2,3,1,1,1,,1,2,2,2,2,1,2,2,,,,2,4,
IN_R531,2,3,1,2,7,1,2,8,2,47,4,1,1,2,1,1,2,3,2,4,3,5,3,1,2,2,4,7,14,3,3,5,3,1,1,3,2,3,3,2,3,2,1,4,1,1,2,1,,1,1,2,1,2,1,3,2,,,,2,2,
IN_R532,2,3,2,12,7,1,2,2,1,4,12,3,,4,1,3,3,2,1,1,3,3,2,5,1,2,5,1,2,5,3,5,1,1,1,3,3,3,3,1,2,1,1,2,1,1,1,1,,3,1,1,1,2,1,5,2,,,,2,4,
IN_R533,1,1,2,12,7,1,1,2,5,48,2,1,15,4,1,2,3,1,4,5,3,2,3,1,1,6,1,1,40,1,1,5,5,1,2,4,1,3,1,4,4,3,3,4,1,1,1,1,,4,1,1,2,1,1,6,2,,,,2,3,
IN_R534,2,3,2,12,7,1,2,2,1,1,4,1,2,2,3,1,2,1,3,2,3,1,2,1,1,4,2,17,1,1,2,5,3,1,3,3,3,3,3,3,2,1,2,3,1,1,1,1,,1,1,1,2,1,1,6,2,,,,2,9,
IN_R535,2,3,1,12,7,1,2,8,2,1,1,3,4,2,1,3,1,1,1,2,3,2,5,1,1,10,1,2,4,1,1,5,3,1,1,1,4,3,4,2,3,2,1,4,1,1,1,1,,1,1,1,1,1,1,6,2,,,,2,6,
IN_R536,1,1,2,12,6,1,2,4,1,4,1,3,17,5,1,2,1,1,4,3,3,1,1,1,5,3,1,11,5,1,1,5,3,1,2,5,1,3,1,4,4,1,1,4,1,1,1,1,,1,1,1,1,1,1,3,2,,,,2,3,
IN_R537,2,1,2,12,7,1,2,4,2,39,4,1,11,2,1,1,1,1,1,1,3,3,2,4,3,9,1,4,1,4,1,5,3,1,2,3,1,3,1,1,3,4,1,4,1,1,1,2,,1,1,1,1,1,1,6,2,,,,2,9,
IN_R538,2,3,2,2,7,1,2,2,2,4,5,1,20,2,4,5,1,1,4,4,1,2,1,1,1,6,1,5,8,1,2,5,3,1,2,3,1,3,2,4,4,2,3,4,3,4,3,4,,1,1,1,1,1,1,5,2,,,,2,9,
IN_R539,1,3,1,3,2,1,1,4,3,10,2,1,23,2,3,2,2,3,2,4,1,4,1,4,2,4,4,1,19,5,1,4,3,1,2,2,4,3,4,2,2,2,2,4,2,2,2,2,,1,4,1,4,5,3,2,2,,,,2,9,
IN_R540,2,3,1,12,4,1,2,8,2,10,1,3,15,1,3,3,1,3,2,3,1,3,4,3,1,9,1,6,21,1,3,2,3,1,2,3,1,3,4,1,3,4,1,4,1,3,1,1,,3,2,1,1,1,1,3,2,,,,2,9,
IN_R541,2,1,2,4,7,1,2,2,1,7,4,1,12,1,5,4,2,3,1,4,4,1,2,5,1,3,4,1,2,1,2,5,3,1,1,2,3,3,3,3,1,1,1,4,1,2,3,1,,4,1,1,3,2,5,6,2,,,,2,9,
IN_R542,1,3,2,3,7,1,,2,2,1,1,1,23,1,5,3,4,3,2,3,2,4,3,2,2,5,3,3,5,5,3,4,3,1,4,2,4,3,1,4,2,2,2,4,2,1,1,1,,1,2,1,2,2,2,5,1,1,,28,1,,8
IN_R543,2,3,1,1,1,1,3,1,3,1,20,3,10,2,4,3,1,1,1,1,3,4,4,3,1,1,1,28,3,1,2,1,1,1,4,2,1,1,1,4,4,3,1,4,1,1,1,1,,4,1,1,2,1,1,3,2,,,,2,4,
IN_R544,2,4,1,12,7,2,2,2,5,1,8,3,1,2,4,3,3,4,1,4,3,3,2,3,3,4,1,6,5,2,4,4,1,1,3,2,3,3,2,2,2,4,2,4,4,4,4,1,,3,1,1,2,1,1,3,2,,,,1,,8
IN_R545,1,3,1,12,2,1,1,4,2,1,2,1,,5,4,4,1,5,1,3,2,2,4,3,2,5,3,8,2,2,2,1,3,3,3,2,2,2,4,1,2,2,3,4,2,2,3,2,,2,3,3,3,3,4,4,2,,,,2,4,
IN_R546,1,3,1,12,2,1,2,1,5,1,1,3,30,5,3,3,1,1,1,4,2,2,3,5,1,1,4,1,2,1,1,2,1,1,1,3,1,3,2,1,1,1,1,3,1,1,1,1,,1,1,1,1,2,1,2,2,,,,2,4,
IN_R547,2,3,1,1,1,1,3,4,2,1,1,1,10,2,1,1,1,1,3,2,5,1,5,3,1,1,1,4,3,1,3,5,1,1,3,4,1,2,1,1,2,2,3,1,3,3,3,3,,2,1,1,1,1,1,6,2,,,,2,1,
IN_R548,2,3,1,1,1,1,3,5,5,1,24,3,34,2,1,2,1,1,1,2,1,4,4,1,2,3,1,29,7,1,2,1,1,3,3,1,1,1,2,1,2,2,3,1,3,3,3,3,,1,1,1,1,1,1,2,2,,,,2,2,
IN_R549,2,3,1,1,1,1,3,5,5,1,24,3,34,2,1,2,1,1,1,2,1,4,4,1,2,3,1,29,7,1,2,1,1,3,3,1,1,1,2,1,2,2,3,1,3,3,3,3,,1,1,1,1,1,1,2,2,,,,2,2,
IN_R550,1,3,1,12,2,2,2,4,2,1,1,1,5,2,4,4,2,3,1,2,5,2,1,3,1,4,1,3,5,1,3,2,1,2,1,1,4,2,4,2,2,4,1,2,1,1,1,1,,1,1,1,2,2,2,6,2,,,,2,4,
IN_R551,1,2,1,12,2,1,1,2,5,9,1,13,12,1,3,3,2,3,4,1,3,4,4,3,2,6,1,6,2,2,3,2,2,2,2,3,4,1,1,2,3,4,1,2,1,1,1,1,,3,2,2,2,2,1,3,1,2,13,,1,,2
IN_R552,2,3,1,12,2,1,2,4,3,4,3,1,3,2,3,2,1,1,1,4,4,2,4,3,1,3,1,3,6,1,1,1,3,2,5,2,1,1,1,1,4,3,1,3,1,2,1,1,8,1,1,2,1,1,1,3,1,1,,28,1,,4
IN_R553,2,3,1,1,3,1,3,6,5,4,2,1,50,2,1,1,1,1,1,4,4,2,2,1,1,5,3,3,36,2,3,1,3,2,3,3,4,2,2,1,2,4,2,4,2,3,1,2,,4,2,1,1,2,1,6,2,,,,2,4,
IN_R554,2,3,1,1,2,1,3,6,2,10,2,8,11,2,3,3,1,1,3,1,1,1,2,3,1,11,1,4,9,1,1,1,3,2,4,4,2,2,4,1,3,1,1,2,1,1,1,1,,1,2,2,2,1,2,6,2,,,,2,1,
IN_R555,1,1,2,1,2,1,3,6,2,4,4,2,10,2,3,4,1,1,5,1,1,1,5,1,1,4,2,2,24,1,1,2,1,2,1,4,2,1,1,2,3,3,1,4,2,1,1,1,,1,1,1,2,1,2,2,2,,,,2,1,
IN_R556,2,3,2,2,7,1,2,2,2,4,5,1,20,2,4,5,1,1,4,4,1,2,1,1,1,6,1,5,8,1,2,2,1,2,2,4,2,2,1,4,4,2,3,1,3,4,3,4,,1,1,1,1,1,1,5,2,,,,2,9,
IN_R557,2,1,1,1,2,1,3,7,9,10,9,3,11,2,1,4,1,1,5,5,3,2,2,1,1,8,2,12,9,1,1,1,1,2,1,4,2,2,1,1,4,2,1,4,1,1,1,1,,1,1,1,1,1,1,6,2,,,,2,9,
IN_R558,2,1,2,3,2,1,2,4,2,10,4,3,4,2,5,3,1,1,4,5,5,4,4,3,1,4,3,3,2,2,3,2,1,2,2,4,2,3,1,1,2,2,2,1,3,2,3,3,,1,2,2,2,2,2,3,1,1,,3,1,,2
IN_R559,2,3,2,1,1,1,2,4,2,1,4,3,10,2,3,4,5,3,2,2,4,2,1,4,2,4,1,1,2,1,3,2,3,2,3,4,2,2,1,1,2,1,2,4,3,2,2,4,,1,1,1,1,1,1,5,2,,,,2,9,
IN_R560,2,1,2,3,2,1,1,2,1,31,1,1,4,2,3,1,3,3,5,2,4,2,1,5,1,4,1,4,6,2,1,5,2,2,3,4,2,2,1,1,3,1,2,4,2,1,1,1,,4,1,1,2,3,2,4,2,,,,2,4,
IN_R561,2,3,1,12,4,1,1,2,5,8,8,1,21,5,1,1,1,1,5,3,4,1,5,1,1,5,4,1,1,3,2,5,1,2,1,4,3,1,1,4,4,3,2,4,1,1,1,1,,1,1,1,1,1,1,3,2,,,,2,6,
IN_R562,2,3,2,12,2,1,2,2,3,12,8,1,1,5,4,3,2,1,2,2,3,4,4,3,2,6,5,6,14,5,2,1,1,5,3,4,2,2,2,4,4,2,2,2,1,1,1,1,,1,1,1,1,1,1,1,2,,,,1,,2
IN_R563,2,1,2,3,2,1,2,2,7,39,5,1,1,1,3,2,1,3,1,2,5,3,4,1,1,6,1,3,2,1,3,5,2,1,3,4,4,4,1,4,4,4,2,2,1,1,1,1,,1,1,1,1,2,1,6,2,,,,2,2,
IN_R564,1,1,2,1,4,2,1,4,1,13,1,5,17,2,3,2,3,5,2,1,5,4,1,4,5,2,4,14,14,2,2,1,2,1,1,4,3,3,2,4,4,2,2,4,1,3,3,3,,1,1,1,3,1,4,6,2,,,,2,4,
IN_R565,2,3,1,1,2,1,3,7,7,8,1,2,44,2,3,3,1,3,2,2,4,3,4,4,2,10,2,3,1,1,3,2,1,1,3,4,1,4,4,4,4,2,2,2,1,3,3,3,,2,2,1,1,1,1,6,1,2,10,,1,,8
IN_R566,2,2,2,12,2,1,2,4,2,22,13,3,2,2,3,2,2,1,1,5,3,3,3,3,2,4,1,1,6,2,2,2,1,1,1,4,3,3,2,4,4,1,2,2,1,1,1,1,,3,1,1,1,1,1,6,2,,,,2,9,
IN_R567,1,2,2,12,2,2,2,2,5,40,1,3,17,2,3,2,1,1,4,5,3,5,3,1,1,6,1,11,1,1,1,2,5,1,1,4,2,2,2,4,4,2,2,2,3,3,1,3,,2,3,2,2,3,2,3,1,1,,7,1,,4
IN_R568,2,3,2,1,2,1,2,4,1,7,10,2,17,2,1,4,1,3,1,5,2,1,4,1,1,4,2,3,2,1,1,1,2,3,2,2,3,4,1,4,4,3,2,1,1,1,1,1,,3,1,1,2,3,2,4,2,,,,2,4,
IN_R569,2,3,2,3,2,1,2,2,1,7,23,1,4,2,3,4,1,3,1,4,5,3,3,1,1,4,2,3,6,1,1,2,2,1,2,2,2,2,2,4,4,1,2,4,2,2,3,1,,1,1,1,1,2,2,6,2,,,,2,2,
IN_R570,2,3,2,1,3,1,2,8,2,3,1,3,4,2,1,1,1,1,2,5,3,3,5,1,1,9,1,4,41,1,3,2,3,2,2,3,3,3,3,2,4,1,2,4,2,1,1,1,,1,1,1,2,1,1,5,2,,,,2,8,
IN_R571,2,1,2,2,2,1,2,8,2,4,1,5,10,2,1,2,1,4,2,5,3,1,2,4,3,9,1,3,5,1,2,1,1,3,2,1,4,2,2,2,4,2,2,2,2,2,3,3,,1,1,1,3,2,4,3,2,,,,2,2,
IN_R572,2,3,1,3,4,1,2,4,2,4,1,1,2,2,3,4,3,3,1,4,4,2,1,5,2,4,1,2,4,4,3,2,3,3,2,3,4,3,2,1,3,2,2,3,1,1,1,3,,3,1,1,1,1,1,6,2,,,,2,3,
IN_R573,2,2,1,12,2,2,1,2,1,24,8,3,23,2,4,2,3,3,4,5,3,3,1,3,3,6,3,1,6,2,2,5,2,2,2,2,4,4,2,1,2,2,3,1,3,3,3,3,,2,3,3,3,2,2,2,2,,,,2,5,
IN_R574,2,4,1,12,2,1,,8,3,31,6,3,20,4,1,4,1,1,2,1,3,5,4,3,1,9,2,4,24,1,2,1,1,1,2,2,3,3,3,3,4,3,1,2,1,1,1,1,,3,1,2,3,2,2,5,1,1,,3,1,,4
IN_R575,2,2,1,3,2,1,1,2,5,24,8,1,,5,1,5,1,1,1,2,3,4,3,1,1,6,3,3,5,1,1,5,1,1,2,1,2,2,2,1,2,2,3,1,3,3,3,3,,2,1,1,3,3,2,4,2,,,,1,,1
IN_R576,2,3,2,12,2,1,1,2,2,35,5,3,22,1,4,4,1,1,5,3,3,1,2,3,2,6,2,6,6,1,3,2,2,2,2,1,3,3,2,1,2,2,2,2,1,1,1,1,,4,1,1,1,2,2,3,2,,,,2,7,
IN_R577,2,1,2,4,2,1,2,2,1,10,8,5,10,2,4,3,1,1,1,2,3,3,3,4,1,6,4,3,5,1,1,1,4,1,2,1,1,2,1,1,3,3,1,3,1,1,1,1,,1,1,1,1,1,1,5,2,,,,2,9,
IN_R578,2,3,1,12,2,1,2,2,1,14,8,1,12,2,3,5,2,4,1,2,5,3,1,4,2,5,5,3,7,4,2,5,1,2,2,1,4,2,2,1,2,2,3,1,3,3,3,3,,1,2,2,2,2,2,5,2,,,,2,4,
IN_R579,2,1,2,12,4,1,1,2,1,4,4,1,13,4,4,3,1,1,1,2,1,1,3,1,1,6,1,17,28,1,1,1,5,1,2,1,3,3,3,3,1,1,2,3,4,4,4,4,,1,5,1,3,4,5,1,2,,,,2,9,
IN_R580,2,3,2,12,2,1,2,4,2,4,1,3,4,2,1,2,1,3,5,5,3,2,1,3,5,3,1,16,14,2,1,2,2,3,2,1,2,3,4,3,3,2,2,1,2,1,2,2,,3,1,1,1,1,1,5,2,,,,2,4,
IN_R581,2,3,2,3,2,2,1,2,1,7,4,1,1,1,3,5,3,3,2,2,5,4,4,4,3,6,5,3,1,2,3,5,2,1,2,1,1,1,1,1,3,2,1,1,1,3,1,3,,1,1,2,1,1,1,5,2,,,,1,,9
IN_R582,2,2,2,2,2,1,2,8,1,4,1,1,23,2,1,4,1,3,1,5,1,2,2,1,4,2,1,4,3,1,1,1,5,1,2,4,2,2,2,2,4,3,1,1,1,1,1,3,,1,1,1,1,1,1,3,2,,,,2,3,
IN_R583,1,1,2,12,4,1,2,7,2,49,6,1,9,4,3,5,1,1,2,2,3,2,4,3,1,1,4,2,38,2,1,2,2,1,2,3,4,2,4,2,2,2,1,4,1,1,3,1,,1,2,2,1,2,2,2,2,,,,2,9,
IN_R584,,,,,,,,,,24,4,1,17,4,1,1,5,1,1,5,3,1,4,1,1,4,1,2,3,3,1,3,2,3,2,3,4,3,3,3,1,1,4,3,4,4,4,4,,3,1,1,1,1,1,6,2,,,,2,3,
IN_R585,2,3,2,2,4,1,2,4,2,1,5,1,13,2,5,4,2,3,1,4,5,1,2,5,2,4,5,6,11,1,3,1,1,1,2,3,4,2,2,1,2,1,1,3,1,2,3,3,,1,1,2,2,2,2,3,2,,,,2,8,
IN_R586,2,2,1,12,2,1,3,2,1,10,2,1,13,4,3,4,1,1,2,1,5,3,4,3,1,5,3,30,3,1,3,2,1,1,2,1,1,3,3,3,1,1,2,2,4,4,4,4,,1,1,1,1,2,1,2,2,,,,2,7,
IN_R587,2,1,2,12,4,1,2,7,2,1,1,1,13,5,3,3,2,3,1,4,4,2,2,3,2,10,4,16,2,1,3,2,3,1,2,2,2,2,4,2,3,2,2,2,1,1,1,1,,1,1,1,2,1,1,3,1,1,,29,1,,
IN_R588,2,4,1,2,4,1,2,1,2,1,1,3,5,2,4,3,2,1,1,1,1,4,1,3,3,10,2,7,2,1,1,2,2,1,2,3,4,4,4,1,3,4,2,2,1,3,1,1,,1,1,1,1,2,2,3,2,,,,2,1,
IN_R589,2,3,2,12,2,1,1,6,2,4,4,1,10,3,1,2,1,1,4,1,5,1,4,5,4,4,1,3,6,3,1,1,3,1,2,3,1,2,1,1,3,2,2,3,1,1,1,3,,1,1,1,1,1,1,6,1,2,14,,1,,10
IN_R590,2,1,2,12,4,1,2,7,2,1,1,1,13,5,3,3,2,3,1,4,4,2,2,3,2,10,4,16,2,1,3,2,3,1,2,2,2,2,4,2,3,2,2,2,1,1,1,1,,1,1,1,2,1,1,3,1,1,,22,1,,6
IN_R591,2,2,2,3,5,2,2,7,3,1,7,2,17,3,3,4,3,3,3,3,4,4,2,2,2,3,5,11,2,1,1,2,3,2,2,1,1,3,1,3,3,1,2,4,1,3,1,1,,1,2,1,1,2,2,3,1,1,,7,1,,11
IN_R592,1,1,2,1,2,1,2,4,2,22,1,1,22,2,1,3,1,4,1,5,3,1,1,1,1,3,2,1,2,1,3,5,1,1,2,4,3,3,1,2,3,1,2,1,1,1,1,1,,1,2,4,1,1,1,3,1,1,,1,1,,8
IN_R593,1,3,1,3,2,1,2,4,2,1,8,1,10,2,4,5,3,4,1,1,5,3,1,4,3,4,1,4,15,1,1,5,1,2,3,1,4,2,2,1,3,2,2,1,2,1,2,2,,4,1,1,1,2,1,6,1,1,,3,1,,2
IN_R594,1,3,1,3,2,1,2,6,7,3,1,3,1,4,1,2,1,1,4,5,1,5,3,1,1,4,2,7,7,1,1,2,2,1,2,4,2,2,2,1,3,1,2,2,2,4,2,1,,1,1,1,1,1,1,3,2,,,,2,9,
IN_R595,1,3,2,1,2,1,3,4,1,1,1,1,11,4,3,3,2,3,2,1,1,4,4,3,2,10,1,11,16,4,2,5,1,3,3,4,2,2,2,1,3,2,2,2,1,1,1,1,,1,2,2,2,2,2,2,2,,,,2,3,
IN_R596,2,2,1,12,2,1,2,1,2,10,1,2,10,2,1,3,1,1,4,2,1,3,4,1,2,10,1,12,42,1,1,1,2,1,1,4,3,3,2,2,3,1,1,3,1,1,1,1,,1,1,1,1,1,1,6,2,,,,2,1,
IN_R597,2,4,2,12,2,1,2,4,2,35,1,1,17,4,1,2,1,1,4,1,1,2,3,1,1,4,1,10,31,1,1,4,5,1,2,4,2,2,2,1,2,2,1,4,2,1,2,2,,1,2,2,2,1,2,5,2,,,,2,3,
IN_R598,1,2,1,3,4,1,2,1,9,10,1,8,3,2,4,1,1,4,5,3,4,4,1,3,2,2,4,4,2,2,3,1,3,1,4,4,2,3,2,1,1,1,1,2,1,1,1,2,,1,2,1,1,1,1,5,2,,,,2,4,
IN_R599,2,4,2,12,2,1,2,7,3,10,1,1,25,2,5,1,5,2,1,4,1,3,2,5,4,1,2,3,7,2,1,2,3,5,1,4,3,2,2,4,3,2,1,3,1,2,2,2,,1,1,1,1,1,1,1,2,,,,2,4,
IN_R600,2,1,2,12,4,1,3,2,2,4,24,1,9,4,1,3,1,1,1,2,4,1,1,3,1,3,1,3,6,1,3,5,2,5,3,4,1,3,4,3,2,2,2,4,4,2,1,3,,4,3,2,2,2,2,3,2,,,,2,1,
IN_R601,2,2,2,3,2,1,2,4,2,10,1,1,4,2,3,4,1,1,1,2,4,2,1,3,1,3,4,6,16,1,1,1,1,1,1,4,4,2,2,2,3,2,1,1,1,1,1,1,,1,1,1,1,1,1,6,1,1,,3,1,,4
IN_R602,2,3,1,3,2,1,2,4,3,18,1,1,17,5,3,4,2,3,1,4,4,5,3,4,2,3,1,3,5,1,3,5,1,1,2,4,1,2,2,1,2,2,3,1,3,3,3,3,,1,1,1,1,1,1,3,2,,,,2,4,
IN_R603,2,2,1,12,2,1,3,1,6,3,3,3,19,2,3,4,1,1,5,1,4,4,5,4,1,10,1,11,29,1,3,2,3,5,4,4,2,2,2,1,2,2,2,4,2,2,2,1,,1,2,2,2,2,2,1,2,,,,2,3,
IN_R604,2,4,1,12,2,1,3,7,6,10,6,1,11,2,3,4,5,1,3,4,4,1,2,1,1,1,2,2,2,1,1,1,4,1,1,3,1,2,1,1,2,1,1,1,1,1,1,1,,1,1,1,1,1,1,4,2,,,,2,4,
IN_R605,2,2,2,2,2,1,2,8,1,4,1,1,23,2,1,4,1,3,1,5,1,2,2,1,4,2,1,4,3,1,1,1,5,1,2,4,2,2,2,2,4,3,1,1,1,1,1,3,,1,1,1,1,1,1,3,2,,,,2,3,
IN_R606,1,2,1,2,2,1,1,2,1,22,1,3,4,2,3,4,1,1,2,1,4,2,2,1,4,10,1,1,2,1,1,4,2,1,2,4,3,3,3,3,4,3,4,4,4,4,4,4,,1,1,1,1,1,1,3,2,,,,2,3,
IN_R607,1,1,2,12,5,1,2,2,5,7,5,1,24,2,3,3,2,3,2,1,1,4,4,3,2,12,4,3,5,2,1,1,1,2,3,1,1,2,4,1,4,3,1,2,1,3,3,1,,1,2,1,2,1,2,3,1,1,,14,1,,12
IN_R608,,,,12,1,1,1,3,5,7,8,3,,5,3,5,1,3,1,5,5,2,2,4,1,5,4,3,5,1,2,5,1,1,1,1,2,2,2,1,4,3,2,1,3,3,3,3,,4,3,3,3,3,4,5,2,,,,2,4,
IN_R609,2,2,2,12,4,1,2,4,2,4,1,1,18,2,1,2,1,1,4,5,3,5,3,1,1,3,1,5,7,1,1,1,5,2,2,4,4,4,4,2,4,3,1,2,1,1,1,1,,3,1,2,1,1,2,3,2,,,,2,4,
IN_R610,2,4,2,12,2,1,1,2,3,12,1,3,20,2,3,3,1,3,1,5,5,3,4,3,2,6,1,1,14,1,2,2,1,2,1,4,2,2,2,1,4,3,1,2,1,1,1,1,,1,2,2,2,2,2,5,1,1,,7,1,,8
IN_R611,2,2,2,10,2,1,2,1,5,1,1,1,17,1,3,3,2,3,2,4,4,2,4,5,1,1,5,6,2,2,3,2,3,2,4,4,4,3,4,1,4,3,1,1,1,1,3,1,,1,1,1,3,3,1,5,2,,,,2,23,
IN_R612,2,2,2,12,2,1,2,1,5,4,1,1,12,2,3,2,2,3,2,1,4,5,4,3,2,2,2,10,2,1,2,5,2,3,3,4,2,3,2,1,4,3,2,1,3,3,3,2,,1,2,1,2,1,2,1,1,1,,3,1,,1
IN_R613,2,3,2,12,2,1,2,4,12,4,4,3,7,2,1,4,2,4,5,4,4,3,4,3,2,4,2,3,19,2,3,2,3,2,3,4,2,3,2,1,4,3,1,4,1,4,2,3,,3,2,2,2,5,3,6,2,,,,2,1,
IN_R614,2,2,1,12,4,2,2,1,2,1,8,4,17,1,4,5,2,4,5,4,4,2,1,5,3,1,4,1,1,2,3,2,3,3,3,4,4,4,4,1,3,2,1,2,1,1,1,1,,1,2,2,2,2,2,6,2,,,,2,8,
IN_R615,2,4,2,3,2,1,2,4,2,1,1,1,12,2,3,3,1,1,1,2,1,3,3,3,1,5,5,3,2,1,3,2,2,1,1,4,1,2,4,1,3,2,3,2,1,1,1,3,,3,2,2,1,1,1,5,1,1,,7,1,,13
IN_R616,,,,,,,,,,,,,,,,,,,,,,,,,,,,,,,,,,,,,,,,,,,,,,,,,,,,,,,,,,,,,,,
