Respondent_ID,Q1,Q2,Q3,Q4,Q5,Q6,Q7,Q8,Q9,Q10,Q11,Q12,Q13,Q14,Q15
KZ_R001,1,1,1,1,1,1,1,1,1,1,1,1,1,1,1
KZ_R002,2,2,2,2,1,2,2,2,2,1,1,1,1,1,1
KZ_R003,3,1,2,3,2,3,3,1,1,1,1,1,1,1,1
KZ_R004,3,3,1,4,3,1,4,1,2,2,1,1,1,2,2
KZ_R005,4,4,1,5,2,3,4,1,2,2,1,1,2,3,1
KZ_R006,5,2,1,6,1,4,5,1,2,2,2,2,2,3,2
KZ_R007,3,1,2,3,2,3,3,1,1,1,1,1,2,4,1
KZ_R008,3,4,2,5,3,3,6,2,1,1,1,1,2,4,2
KZ_R009,3,2,1,7,2,3,4,1,3,1,3,1,2,2,2
KZ_R010,3,2,1,7,2,3,4,1,3,1,3,1,2,2,2
KZ_R011,3,4,1,8,4,4,4,1,2,2,3,2,2,2,2
KZ_R012,4,2,1,3,4,1,3,1,1,3,2,2,2,3,2
KZ_R013,6,1,1,9,4,1,7,1,2,1,2,2,2,4,2
KZ_R014,1,1,2,10,4,3,4,1,1,1,1,2,2,4,2
KZ_R015,3,1,2,10,3,4,3,2,2,2,1,2,1,2,2
KZ_R016,3,2,1,9,1,3,3,2,2,1,2,2,2,3,2
KZ_R017,7,4,2,3,4,4,4,1,2,1,4,1,1,4,3
KZ_R018,3,1,2,3,3,4,3,1,2,1,1,1,3,1,2
KZ_R019,5,1,1,11,2,3,2,1,2,1,1,1,2,1,2
KZ_R020,3,1,1,3,4,1,8,2,4,2,1,1,3,1,2
KZ_R021,8,4,1,12,4,2,9,1,2,1,3,2,2,3,2
KZ_R022,3,4,1,13,1,1,5,1,2,1,2,1,2,2,3
KZ_R023,3,2,1,14,4,3,10,2,2,1,1,1,2,1,1
KZ_R024,3,1,1,9,2,3,4,1,2,1,1,1,2,3,2
KZ_R025,3,3,2,15,1,1,3,1,2,2,2,2,2,3,3
KZ_R026,3,3,1,16,4,1,5,1,2,1,2,1,2,2,2
KZ_R027,8,3,1,17,4,3,5,1,2,3,2,2,2,2,2
KZ_R028,5,4,1,18,4,1,2,1,2,1,2,1,1,2,2
KZ_R029,3,3,1,3,2,2,8,1,2,2,4,3,1,2,2
KZ_R030,9,1,1,19,4,3,5,1,2,3,2,1,2,2,2
KZ_R031,3,3,1,9,4,1,8,1,2,2,2,1,2,4,3
KZ_R032,3,4,1,8,2,1,2,1,2,3,2,2,2,3,1
KZ_R033,3,3,1,11,4,4,3,2,2,1,3,3,1,4,2
KZ_R034,3,1,1,11,2,4,4,1,3,1,2,2,2,3,2
KZ_R035,3,4,1,18,3,2,5,1,4,2,3,1,2,1,2
KZ_R036,3,4,1,18,3,2,5,1,4,2,3,1,2,1,2
KZ_R037,5,2,1,5,3,4,8,2,3,3,3,4,2,1,2
KZ_R038,10,4,1,9,4,1,3,1,2,1,2,2,4,3,3
KZ_R039,5,1,1,3,2,3,8,2,2,1,1,1,2,3,3
KZ_R040,8,2,1,5,4,4,5,1,2,1,1,1,2,3,1
KZ_R041,3,3,1,11,4,3,11,1,2,2,2,1,2,4,1
KZ_R042,3,3,1,1,4,3,12,1,3,1,4,4,4,1,1
KZ_R043,11,1,1,1,1,2,5,1,2,3,1,2,3,2,2
KZ_R044,3,4,1,12,1,1,4,1,3,3,2,1,2,3,2
KZ_R045,3,2,1,7,2,3,4,1,3,1,3,1,2,2,2
KZ_R046,3,2,1,5,1,3,1,2,2,1,2,1,2,1,2
KZ_R047,12,3,1,5,3,3,13,1,2,1,2,3,3,4,4
KZ_R048,4,1,1,20,1,1,13,1,4,1,3,2,2,2,4
KZ_R049,5,1,1,5,1,4,5,1,3,1,2,1,2,4,2
KZ_R050,5,2,1,9,1,4,14,1,2,1,2,1,2,3,2
KZ_R051,5,3,1,1,4,3,3,1,2,2,1,2,2,1,2
KZ_R052,13,1,1,9,4,3,5,1,3,3,2,2,2,2,1
KZ_R053,14,4,1,1,1,2,1,1,3,2,3,2,2,3,1
KZ_R054,15,3,1,21,3,1,5,1,2,1,2,1,2,3,2
KZ_R055,8,1,1,4,3,2,5,1,2,2,2,2,2,3,2
KZ_R056,5,2,1,8,4,3,1,2,2,1,2,1,4,1,2
KZ_R057,3,1,1,22,2,3,3,1,1,4,1,1,3,2,2
KZ_R058,16,4,1,1,3,4,15,1,3,1,3,2,2,4,2
KZ_R059,17,4,1,2,4,3,4,1,2,1,1,2,2,1,2
KZ_R060,5,1,1,1,1,4,1,1,2,1,1,1,2,1,2
KZ_R061,1,1,1,1,4,4,5,1,4,1,4,3,2,3,2
KZ_R062,18,3,1,12,4,4,13,1,3,2,1,2,4,4,3
KZ_R063,19,4,1,9,3,3,16,1,2,3,1,2,2,3,2
KZ_R064,8,3,1,9,4,4,14,1,3,1,3,2,2,4,2
KZ_R065,4,4,1,13,3,4,5,1,2,1,2,2,2,3,2
KZ_R066,3,4,1,8,4,3,11,2,2,1,1,2,2,1,2
KZ_R067,3,1,1,5,3,2,15,1,4,1,3,1,2,3,1
KZ_R068,20,1,1,1,4,2,5,1,2,2,2,3,2,2,2
KZ_R069,4,2,1,5,2,3,5,1,2,1,1,1,2,1,4
KZ_R070,3,1,1,11,4,3,2,1,3,2,2,1,2,4,2
KZ_R071,3,4,1,1,1,3,15,1,2,1,2,2,2,3,2
KZ_R072,8,3,1,12,4,2,4,1,3,1,2,2,2,4,2
KZ_R073,5,2,1,11,4,3,5,1,2,1,2,1,2,4,2
KZ_R074,21,1,1,4,4,3,7,1,2,1,1,2,2,2,3
KZ_R075,4,3,1,10,2,3,2,1,2,1,2,1,2,1,2
KZ_R076,5,2,1,23,2,4,3,1,1,4,2,3,2,4,4
KZ_R077,8,4,1,13,4,1,15,1,1,1,2,1,2,1,2
KZ_R078,5,3,1,3,4,2,3,1,2,3,3,3,1,3,2
KZ_R079,4,3,1,9,4,3,15,2,2,1,2,1,2,2,2
KZ_R080,22,3,1,5,2,4,5,1,2,1,2,1,2,3,2
KZ_R081,5,3,1,12,2,3,3,1,1,3,4,3,1,1,2
KZ_R082,6,1,1,9,4,3,1,1,4,2,1,1,2,2,2
KZ_R083,23,4,1,1,4,4,1,1,3,1,2,1,2,1,2
KZ_R084,1,1,1,3,1,4,2,1,2,2,4,1,2,4,2
KZ_R085,8,3,1,9,4,2,3,1,3,2,3,2,2,2,1
KZ_R086,3,4,1,12,1,1,2,1,1,1,1,2,3,2,1
KZ_R087,3,4,1,8,3,4,5,1,2,1,1,1,2,4,2
KZ_R088,5,4,1,9,4,3,5,1,2,2,2,1,2,4,2
KZ_R089,3,1,1,9,1,3,14,2,2,1,2,2,2,3,3
KZ_R090,8,1,1,11,4,2,11,1,2,2,3,1,4,4,2
KZ_R091,3,1,1,11,1,3,4,1,3,1,2,1,2,1,2
KZ_R092,8,1,1,19,1,4,12,1,2,2,3,2,2,4,1
KZ_R093,3,4,1,10,4,3,5,1,3,1,2,2,2,2,2
KZ_R094,24,3,1,19,4,4,4,1,3,2,2,1,2,4,3
KZ_R095,3,3,1,19,4,1,13,2,2,1,2,2,2,3,2
KZ_R096,3,3,2,24,4,3,8,2,4,1,1,3,3,1,1
KZ_R097,3,4,1,12,1,3,2,1,2,3,1,2,2,3,2
KZ_R098,3,3,1,4,4,1,3,1,2,2,4,2,4,3,2
KZ_R099,8,4,1,9,2,2,5,1,2,1,3,1,2,4,3
KZ_R100,3,1,1,25,2,4,12,2,3,2,2,3,2,4,2
KZ_R101,4,4,1,12,1,3,11,1,2,2,2,2,2,3,1
KZ_R102,3,3,1,9,4,2,1,1,3,2,2,1,1,4,2
KZ_R103,4,3,1,18,1,3,8,2,2,2,2,3,2,3,2
KZ_R104,25,2,1,1,4,2,5,1,3,3,3,2,2,3,2
KZ_R105,5,3,1,12,4,3,8,1,2,1,2,2,1,2,2
KZ_R106,3,4,2,11,4,3,8,1,2,1,3,1,2,3,2
KZ_R107,5,3,1,2,1,1,10,2,2,2,2,2,3,3,2
KZ_R108,6,2,1,13,3,3,1,1,3,1,2,1,2,3,2
KZ_R109,26,3,1,13,1,3,11,1,2,2,3,3,2,1,2
KZ_R110,3,1,1,12,4,3,8,1,2,1,2,1,2,4,3
KZ_R111,27,4,1,9,4,3,16,1,2,1,2,2,2,1,2
KZ_R112,28,3,1,26,2,2,10,1,4,4,3,2,2,4,1
KZ_R113,5,1,2,11,4,2,13,1,2,1,3,2,2,4,3
KZ_R114,3,2,2,3,3,3,3,2,4,1,1,1,3,1,1
KZ_R115,3,1,2,5,1,3,5,1,3,1,3,3,3,1,1
KZ_R116,3,3,1,5,4,3,6,2,2,2,2,1,2,2,2
KZ_R117,3,4,1,5,1,4,15,2,2,2,1,2,2,4,2
KZ_R118,2,2,2,9,1,3,16,1,2,2,1,2,2,4,2
KZ_R119,4,3,1,12,4,4,3,1,3,3,4,3,2,2,2
KZ_R120,3,2,1,1,4,3,15,1,3,1,2,3,2,1,2
KZ_R121,3,3,1,11,1,2,5,1,2,2,1,1,1,1,2
KZ_R122,3,3,1,3,4,4,17,1,2,2,2,1,2,2,3
KZ_R123,26,3,2,9,4,3,5,1,2,1,1,1,2,3,2
KZ_R124,3,4,1,11,4,3,16,1,1,3,2,1,2,4,3
KZ_R125,1,4,1,12,4,3,5,1,3,1,3,2,2,2,2
KZ_R126,3,4,1,8,4,4,2,1,2,1,1,1,2,2,2
KZ_R127,4,2,1,11,4,3,1,1,2,2,2,1,1,3,2
KZ_R128,5,1,1,12,2,2,3,1,1,4,4,4,2,4,4
KZ_R129,3,4,1,11,4,2,10,2,3,2,1,1,3,1,1
KZ_R130,19,3,1,27,2,3,16,1,1,1,4,3,2,4,2
KZ_R131,4,2,2,9,1,3,15,1,2,,2,1,1,4,2
KZ_R132,3,2,1,28,4,2,2,1,3,1,1,2,2,2,2
KZ_R133,3,4,1,3,2,1,15,1,3,3,1,1,2,2,2
KZ_R134,4,4,1,9,4,3,4,1,2,1,2,2,4,1,2
KZ_R135,3,3,1,9,1,4,3,1,1,2,2,2,2,4,1
KZ_R136,3,1,2,11,2,3,13,1,4,1,1,1,3,1,2
KZ_R137,4,2,1,9,4,1,17,2,2,1,1,2,2,2,3
KZ_R138,4,2,1,9,4,3,1,1,2,2,2,1,1,1,2
KZ_R139,5,3,1,2,4,4,3,1,1,2,2,3,2,1,2
KZ_R140,26,3,1,1,3,1,18,1,2,1,3,4,2,2,2
KZ_R141,13,3,1,3,4,4,2,1,3,2,2,1,2,2,3
KZ_R142,3,4,1,1,4,3,13,1,2,2,2,2,2,2,2
KZ_R143,4,4,1,18,4,4,4,1,2,1,2,2,2,2,2
KZ_R144,3,3,1,15,1,1,15,1,3,2,2,3,2,2,2
KZ_R145,3,2,1,26,4,1,2,2,2,2,2,1,2,2,3
KZ_R146,3,1,1,1,3,3,13,1,2,1,3,1,3,3,2
KZ_R147,8,4,1,11,1,3,6,2,2,1,1,1,2,1,2
KZ_R148,29,1,2,29,4,3,15,1,3,1,2,2,4,2,4
KZ_R149,5,3,2,12,4,4,10,2,1,1,1,2,4,2,2
KZ_R150,5,3,2,12,4,4,10,2,1,1,1,2,4,2,2
KZ_R151,8,3,1,1,3,3,1,1,2,1,3,1,2,4,2
KZ_R152,5,3,1,5,4,3,4,1,2,1,2,1,2,2,2
KZ_R153,5,4,1,3,1,1,3,1,2,1,1,1,1,2,3
KZ_R154,5,1,1,30,2,4,3,1,2,2,2,2,2,4,2
KZ_R155,30,4,1,10,1,1,7,1,4,1,1,1,2,1,1
KZ_R156,3,4,1,5,4,3,15,1,3,1,2,2,1,4,2
KZ_R157,5,4,2,5,1,1,3,1,2,2,1,1,4,1,2
KZ_R158,5,2,1,2,3,3,2,1,2,1,2,1,2,1,1
KZ_R159,7,2,1,5,1,2,6,2,2,1,2,1,2,3,3
KZ_R160,5,3,1,1,4,1,4,1,2,2,2,2,2,3,3
KZ_R161,5,1,1,5,4,4,4,1,3,2,3,2,2,2,2
KZ_R162,3,2,1,11,4,1,3,1,4,1,1,1,3,1,2
KZ_R163,5,1,1,9,4,4,5,1,3,1,2,1,2,4,3
KZ_R164,3,2,1,12,4,3,15,1,1,1,3,1,2,2,2
KZ_R165,5,1,1,9,4,4,5,1,3,1,2,2,2,4,3
KZ_R166,3,3,1,31,4,2,8,1,4,2,1,2,2,4,2
KZ_R167,3,3,1,3,4,2,3,1,3,3,3,3,2,4,4
KZ_R168,31,3,1,1,1,3,15,1,2,1,2,2,2,3,2
KZ_R169,3,3,2,12,1,3,19,1,2,3,2,2,3,3,2
KZ_R170,5,3,1,2,1,4,2,1,2,1,2,1,2,3,2
KZ_R171,5,1,1,11,4,2,15,1,3,1,2,2,2,4,3
KZ_R172,3,3,1,9,4,2,2,2,2,2,2,2,2,2,2
KZ_R173,3,4,1,19,3,3,10,2,3,2,2,1,2,1,3
KZ_R174,3,2,1,11,1,4,4,1,2,1,2,1,2,4,2
KZ_R175,3,2,1,1,4,4,1,2,1,1,2,1,2,1,2
KZ_R176,3,2,1,11,3,4,3,2,4,1,1,1,4,1,1
KZ_R177,3,2,1,5,1,3,1,2,2,1,1,1,2,1,3
