Respondent_ID,Q1,Q2,Q3,Q4,Q5,Q6,Q7,Q8,Q9,Q10,Q11,Q12,Q13,Q14,Q15,Q16,Q17,Q18,Q19,Q20,Q21,Q22,Q23,Q24,Q25,Q26,Q27,Q28,Q29,Q30,Q31,Q32,Q33,Q34,Q35,Q36,Q37,Q38,Q39,Q40,Q41,Q42,Q43,Q44,Q45,Q46,Q47,Q48,Q49,Q50,Q51,Q52,Q53,Q54,Q55,Q56,Q57,Q58,Q59,Q60,Q61,Q62,Q63,Q64,Q65,Q66,Q67,Q68,Q69,Q70,Q71,Q72,Q73,Q74,Q75,Q76,Q77,Q78,Q79,Q80,Q81,Q82,Q83,Q84,Q85,Q86,Q87,Q88,Q89,Q90
ID_R001,1,1,1,1,1,1,1,1,1,1,1,1,1,1,1,1,1,1,1,1,1,1,1,1,1,1,1,1,1,1,1,1,1,1,1,1,1,1,1,1,1,1,1,1,1,1,1,1,1,1,1,1,1,1,1,1,1,1,1,1,1,1,1,1,1,1,1,1,1,1,1,1,1,1,1,1,1,1,1,1,1,1,1,1,1,1,,,,
ID_R002,1,1,1,2,1,2,2,2,2,2,2,2,2,2,2,2,2,2,2,2,2,2,2,2,2,2,2,2,2,2,2,2,2,2,2,2,2,2,2,2,2,2,2,2,2,2,2,2,2,2,2,2,2,2,1,1,2,2,2,2,2,2,2,2,2,2,2,2,2,1,2,2,2,2,2,2,1,2,2,2,2,2,2,2,2,2,1,1,1,1
ID_R003,2,2,1,2,1,1,1,3,3,3,3,3,3,1,3,3,3,3,3,3,3,3,3,3,3,1,1,1,1,3,3,3,3,3,3,3,3,3,3,3,1,3,3,3,3,3,3,3,3,3,3,3,3,3,2,2,3,3,3,3,3,3,3,3,3,3,3,3,3,2,3,3,1,3,3,3,2,3,2,2,3,3,3,3,2,2,2,2,2,1
ID_R004,1,1,1,2,2,1,3,2,3,3,4,4,4,3,4,4,4,4,4,4,4,4,4,4,4,3,3,3,3,4,4,4,4,4,4,4,4,4,4,4,3,4,4,4,4,4,4,4,4,4,4,4,4,4,3,3,4,4,4,4,4,4,4,4,4,4,4,4,4,3,2,2,2,2,4,2,3,2,3,2,2,2,2,2,2,2,3,3,3,2
ID_R005,1,1,1,2,1,1,4,3,1,4,3,3,5,4,5,1,2,1,1,5,5,1,2,1,1,1,4,3,3,4,5,4,4,4,4,5,4,4,3,3,4,3,3,3,3,3,1,1,5,5,3,3,3,3,2,2,3,3,3,3,3,2,2,2,2,2,2,1,1,2,1,3,3,3,2,3,2,3,2,3,4,1,1,1,1,3,4,2,4,2
ID_R006,1,1,1,2,2,1,5,1,2,2,1,2,2,2,2,2,2,2,1,1,5,5,5,1,5,2,2,2,2,2,2,2,3,1,1,1,2,1,5,2,2,2,2,2,2,2,2,2,2,2,2,2,2,2,4,4,5,5,1,1,1,2,5,5,5,5,5,1,1,2,1,1,1,2,1,2,3,2,3,2,2,2,2,2,2,2,5,4,4,2
ID_R007,1,1,1,1,1,1,4,1,4,4,5,5,5,5,3,3,3,3,3,1,5,5,5,1,3,1,1,4,1,1,5,3,3,5,5,5,5,5,3,4,4,3,5,5,5,5,5,5,5,3,3,3,3,5,2,2,3,3,3,3,3,5,1,1,3,3,3,5,5,1,1,3,1,3,2,1,1,3,2,1,4,1,1,1,1,4,5,5,3,2
ID_R008,1,1,1,1,3,1,4,1,5,4,3,4,3,1,3,5,5,4,3,3,1,3,3,3,3,3,1,4,3,4,4,4,3,5,3,4,3,4,3,5,1,4,4,3,5,3,5,4,3,3,5,4,3,4,4,2,3,3,4,5,3,4,3,4,3,3,4,3,3,4,2,4,1,1,4,2,1,2,3,1,2,3,2,3,2,4,3,2,1,2
ID_R009,1,1,1,2,3,3,2,3,2,1,2,2,5,4,5,2,2,2,2,2,2,2,2,2,2,2,2,5,4,2,1,2,5,1,5,2,1,3,2,2,2,1,3,5,2,3,5,2,1,1,2,2,2,2,1,1,2,2,2,2,2,5,2,2,2,2,2,2,5,4,4,1,3,3,2,1,4,2,4,1,4,3,2,2,2,2,1,1,1,3
ID_R010,1,1,1,2,1,1,1,1,4,5,4,4,4,3,4,4,4,4,4,4,4,4,4,4,5,4,5,4,2,3,5,4,4,4,4,5,4,4,4,4,2,2,4,4,5,5,4,3,5,5,2,2,5,4,4,2,1,2,5,5,4,4,4,1,1,3,4,4,4,1,3,3,2,4,5,2,3,2,3,2,2,2,2,2,2,2,3,4,3,3
ID_R011,1,2,1,1,2,1,5,1,5,5,1,1,1,5,1,5,5,1,1,1,5,1,5,1,1,1,1,1,1,1,5,3,5,5,5,5,5,5,5,1,5,5,1,1,1,1,1,1,1,1,5,5,5,5,4,4,5,5,1,5,5,2,5,5,5,1,5,1,1,2,1,1,1,1,1,1,1,1,1,3,4,1,1,1,3,3,5,5,4,2
ID_R012,1,1,1,2,2,1,2,1,5,5,5,5,5,5,1,5,5,1,1,1,5,5,5,1,1,1,1,1,1,1,5,3,5,5,5,5,5,5,5,5,1,1,5,5,5,5,5,5,5,5,5,5,5,5,4,4,5,5,5,5,5,5,1,1,1,1,1,5,5,2,2,1,2,1,3,3,5,2,5,1,3,3,3,2,4,4,5,5,5,2
ID_R013,2,2,1,2,2,1,2,1,4,4,3,3,3,1,3,3,3,3,3,3,3,3,3,3,3,5,4,4,5,3,3,5,3,3,3,3,3,3,3,3,4,3,3,3,3,3,3,3,3,3,3,3,3,3,2,2,3,3,3,3,3,3,3,3,3,3,3,3,3,2,3,1,1,1,1,1,1,1,1,1,4,1,1,1,1,3,2,2,2,3
ID_R014,1,1,1,2,3,1,3,1,5,5,5,5,5,5,1,5,2,5,2,2,2,2,2,1,5,4,5,1,4,4,1,5,3,5,3,5,1,3,5,1,5,1,1,1,5,3,5,1,1,5,1,5,1,5,5,4,1,5,1,5,1,2,5,2,2,1,2,2,1,2,1,1,2,3,2,2,1,3,1,1,3,1,1,3,2,3,1,4,4,3
ID_R015,1,1,1,2,1,1,3,2,1,1,1,2,1,5,1,5,1,3,5,5,5,5,1,1,3,5,4,1,1,1,3,3,4,3,3,5,5,3,3,3,4,1,3,3,3,5,1,3,3,3,5,5,1,5,5,2,5,5,1,5,5,3,3,3,1,3,3,3,5,2,1,4,4,2,2,3,1,1,4,3,1,3,1,3,4,4,2,2,5,2
ID_R016,1,1,1,1,2,2,5,2,1,1,1,1,1,4,5,1,2,5,2,5,1,5,2,1,3,4,5,5,4,1,1,1,1,1,5,1,1,5,3,1,5,5,1,1,1,5,3,1,1,5,1,1,1,2,5,5,1,5,1,5,2,1,5,1,5,5,5,1,1,2,1,1,3,2,2,3,4,3,4,3,4,1,1,3,4,3,5,1,4,4
ID_R017,2,1,1,2,1,1,4,1,5,5,5,5,5,5,1,5,5,1,1,1,5,5,5,1,1,1,1,1,1,3,5,5,3,5,5,5,5,5,5,5,1,1,5,3,5,3,5,5,5,3,5,5,5,5,4,4,5,5,5,3,5,3,3,1,3,3,1,5,5,2,3,1,1,1,1,1,1,1,1,1,4,1,1,1,1,4,5,5,2,2
ID_R018,1,2,1,2,2,2,1,1,1,1,1,1,1,4,5,1,1,5,5,5,1,1,1,5,1,1,1,4,1,3,5,3,5,3,3,3,3,1,5,1,5,5,5,1,5,1,1,1,1,1,2,1,1,1,5,5,1,1,1,1,1,2,1,1,1,5,5,2,5,1,3,4,5,3,1,2,4,3,5,3,2,1,1,1,1,4,4,5,5,2
ID_R019,1,1,1,2,1,2,1,1,4,4,4,4,5,1,3,5,5,4,3,4,5,5,3,3,1,1,4,4,1,1,4,4,5,3,3,3,5,3,5,3,4,3,3,3,5,5,4,4,5,5,3,3,3,3,3,3,5,5,5,4,4,5,3,3,1,3,4,4,4,1,1,2,2,1,1,3,2,2,3,3,3,3,1,1,1,4,5,5,5,2
ID_R020,1,1,1,2,1,1,6,1,1,1,1,1,1,4,5,1,1,5,5,5,1,1,1,5,5,4,5,5,4,5,1,1,1,1,1,1,1,1,1,1,5,5,1,1,1,1,1,1,1,1,1,1,1,1,5,5,1,1,1,1,1,1,5,5,5,5,5,1,1,2,3,1,1,1,1,1,1,1,1,1,4,1,1,1,2,3,4,4,4,4
ID_R021,1,1,1,1,1,1,4,1,4,4,3,3,3,1,3,3,3,3,3,3,3,3,3,3,3,5,4,4,5,3,3,5,3,3,3,3,3,3,3,3,4,3,3,3,3,3,3,3,3,3,3,3,3,3,2,2,3,3,3,3,3,3,3,3,3,3,3,3,3,1,1,3,3,3,2,3,2,3,2,3,3,3,3,3,4,4,2,2,2,4
ID_R022,1,1,1,2,1,2,5,2,2,2,2,2,2,2,2,2,2,2,2,2,2,2,2,2,5,2,2,2,2,5,1,1,1,5,5,1,1,1,3,3,4,3,3,3,3,3,3,3,3,3,1,1,1,1,2,5,1,1,1,1,1,1,5,5,5,5,5,1,1,3,2,3,3,3,2,3,2,3,2,3,3,3,3,3,2,2,1,4,4,1
ID_R023,1,1,1,2,1,4,4,1,2,5,2,5,5,5,1,2,5,1,1,1,2,5,5,1,5,4,5,5,4,1,5,3,1,2,2,2,5,5,5,5,5,1,5,5,5,5,1,5,5,5,5,1,5,1,5,4,5,5,5,5,1,2,2,5,1,1,1,2,5,2,3,4,1,4,4,2,5,2,5,1,2,2,2,2,2,2,5,4,5,2
ID_R024,1,2,1,1,1,1,2,1,1,1,5,5,5,5,1,5,5,1,1,1,5,5,5,1,1,1,1,1,1,1,5,3,5,5,5,5,5,5,5,5,1,1,5,5,5,5,5,5,5,5,5,5,5,5,4,4,5,5,5,5,5,5,1,1,1,1,1,5,5,2,3,1,1,1,1,1,1,1,1,1,4,1,1,1,1,3,5,5,5,3
ID_R025,2,1,1,2,1,1,3,1,5,5,3,3,1,5,5,5,3,1,1,1,5,3,3,3,3,1,4,4,5,3,3,5,3,3,3,3,3,3,3,3,4,3,3,5,5,3,3,5,3,3,5,5,5,3,4,4,5,5,5,5,5,5,1,1,1,1,1,5,5,2,1,3,3,3,4,3,2,2,3,2,3,2,2,3,1,4,2,2,5,2
ID_R026,1,2,1,2,1,1,4,1,5,5,5,3,5,5,1,3,5,1,1,3,5,5,3,1,3,5,4,1,1,1,5,3,5,5,5,5,5,5,3,3,4,3,5,5,5,5,5,5,5,5,5,5,5,5,4,4,5,5,5,5,3,3,3,3,1,1,1,5,5,1,1,3,3,3,2,3,2,3,2,3,3,3,3,3,2,2,5,5,5,2
ID_R027,1,1,1,3,3,1,1,3,3,5,5,5,5,5,1,5,5,1,1,1,5,5,5,1,1,1,1,1,1,1,5,3,5,5,5,5,5,5,5,5,1,1,5,5,5,5,5,5,5,5,5,5,5,5,4,4,5,5,5,5,5,5,1,1,1,1,1,5,5,2,3,3,1,1,1,1,1,1,1,2,4,1,1,1,1,3,4,5,5,3
ID_R028,2,1,1,2,2,1,5,1,5,5,5,5,5,5,1,5,5,3,3,1,3,3,3,3,1,1,1,1,1,3,5,3,5,3,5,3,5,5,5,5,1,1,3,3,3,3,3,3,3,3,5,1,5,5,4,4,5,5,5,5,5,1,1,1,1,1,1,5,5,2,1,1,3,3,3,1,1,1,1,3,1,3,1,1,1,4,2,2,5,3
ID_R029,1,1,1,2,1,1,2,3,4,4,3,3,3,1,3,3,5,3,1,1,5,5,5,3,1,1,4,4,5,1,5,5,5,3,3,3,5,5,3,3,4,1,3,3,3,3,5,3,5,5,3,5,5,3,4,4,5,5,3,5,3,5,1,3,1,3,1,3,3,1,1,3,4,1,1,4,2,3,1,3,4,3,1,1,1,3,2,2,2,2
ID_R030,1,1,1,2,1,1,4,2,1,5,5,5,5,5,3,5,5,5,3,1,1,5,1,1,5,1,1,1,4,3,1,1,1,5,1,3,1,3,3,5,1,3,3,3,5,5,5,3,3,5,1,3,5,5,2,4,5,1,5,5,1,3,1,3,1,1,3,5,3,1,2,3,3,1,2,3,2,2,1,2,3,3,3,2,4,4,5,5,5,2
ID_R031,1,1,1,2,1,2,4,1,5,5,1,5,5,5,3,5,3,3,1,4,5,1,3,1,3,1,1,4,1,1,1,3,5,3,1,5,3,5,5,3,1,1,5,5,5,5,5,3,5,3,5,5,5,5,4,4,5,5,5,5,5,1,1,5,1,1,5,5,5,4,4,4,4,5,3,1,1,3,1,1,4,4,4,4,1,1,5,5,5,1
ID_R032,2,1,1,2,3,1,1,1,2,2,2,2,2,2,2,2,2,2,1,2,2,2,2,2,1,2,2,5,4,1,2,2,5,2,1,1,2,2,5,2,5,1,2,5,2,5,5,2,2,5,2,2,2,2,1,4,2,2,2,2,2,2,2,2,2,2,1,2,3,1,3,2,2,3,1,2,3,2,4,3,2,2,3,3,1,2,1,1,1,3
ID_R033,1,1,1,1,1,1,4,1,1,5,1,5,5,5,5,3,5,1,3,3,5,1,1,1,5,1,4,5,1,1,3,5,5,3,5,5,5,5,5,1,1,3,3,3,3,5,5,3,5,5,5,5,1,5,2,2,5,3,5,5,5,2,1,5,1,3,3,1,5,2,1,3,3,1,1,3,1,1,2,1,3,2,3,3,2,4,5,5,4,4
ID_R034,2,1,1,2,3,5,2,1,5,1,5,5,5,5,1,5,5,1,1,1,5,5,5,1,5,4,1,5,4,5,5,1,5,1,3,5,5,5,5,5,1,3,3,3,5,3,5,5,5,5,5,1,5,5,4,4,5,5,5,5,5,5,1,1,5,1,1,1,5,2,1,2,3,2,2,3,2,2,1,2,3,2,2,2,2,2,5,4,4,1
ID_R035,1,1,1,2,1,1,1,3,3,1,5,5,1,4,5,1,1,5,3,5,5,5,1,5,1,5,1,5,4,3,3,5,5,3,5,5,5,1,3,3,4,1,3,3,3,3,1,3,3,3,3,3,5,3,2,4,1,3,5,5,3,1,5,1,3,3,3,5,3,2,2,3,4,1,1,2,3,3,4,3,3,3,1,1,4,4,5,4,5,3
ID_R036,1,1,1,2,1,1,3,1,2,1,5,5,5,2,1,2,2,2,1,2,5,5,2,2,2,4,5,2,2,2,2,2,3,1,5,2,2,2,5,3,5,5,5,1,1,2,5,2,2,1,2,1,2,5,4,1,2,2,2,2,1,1,2,2,2,2,2,5,2,1,1,2,2,2,2,2,1,3,1,2,3,3,2,2,2,2,1,4,4,2
ID_R037,2,1,1,1,1,2,4,1,1,5,1,5,5,4,1,1,2,5,5,1,1,1,1,1,1,2,5,5,4,5,2,3,3,3,5,2,1,5,3,5,1,3,3,5,1,5,5,2,3,5,2,5,1,5,4,5,1,1,1,5,5,1,2,5,5,1,5,5,1,2,2,1,3,1,2,2,2,2,2,2,3,1,3,1,1,3,1,1,1,2
ID_R038,2,1,1,2,3,6,1,3,1,4,5,5,1,4,1,5,5,1,2,5,1,5,3,1,1,1,2,1,2,1,5,3,3,5,5,1,2,1,1,1,5,1,3,5,1,1,3,1,1,1,1,2,1,1,5,5,5,2,1,1,5,1,5,2,1,3,1,5,3,2,5,4,1,2,1,3,5,2,1,2,5,1,4,3,4,4,4,4,1,2
ID_R039,1,1,1,2,1,2,5,1,1,2,1,5,1,5,1,5,2,2,1,2,1,1,2,1,5,4,5,2,2,3,2,5,5,3,5,3,3,3,1,5,4,1,5,5,2,5,5,1,5,5,5,5,5,5,4,4,5,5,5,5,5,5,1,1,1,1,1,5,5,2,2,1,4,5,3,2,2,2,5,4,3,1,4,1,4,4,5,4,5,2
ID_R040,1,1,1,1,1,2,3,1,4,4,3,3,3,1,1,1,1,3,3,1,1,1,1,5,1,1,1,1,1,3,5,5,3,5,3,5,3,3,3,5,1,5,3,3,5,5,3,3,3,3,5,1,3,3,2,2,1,1,1,1,5,5,1,1,3,3,3,3,5,2,1,3,2,3,4,2,1,2,2,2,3,3,3,2,4,4,4,5,4,4
ID_R041,1,1,1,2,1,2,4,4,1,5,2,5,1,2,5,1,3,2,3,5,5,3,1,5,1,4,5,5,4,2,2,3,2,1,1,2,1,5,3,1,5,2,1,3,1,3,5,1,1,5,3,1,1,2,4,4,1,5,1,5,2,2,5,5,3,5,4,1,5,1,2,3,2,2,4,2,2,2,1,2,2,1,2,2,2,2,4,4,5,1
ID_R042,1,1,1,2,2,1,4,1,4,5,3,3,3,1,3,3,3,3,3,3,3,3,3,3,3,5,4,4,5,3,3,5,3,3,3,3,3,3,3,3,4,1,3,3,3,3,3,3,3,3,3,3,3,3,2,2,3,3,3,3,3,3,3,3,3,3,3,3,3,1,2,3,3,3,2,3,2,3,2,3,3,3,3,3,4,4,2,2,2,3
ID_R043,1,1,1,2,2,1,4,5,3,5,4,3,4,1,1,1,4,3,3,4,4,4,4,4,3,5,4,1,5,3,3,5,3,3,3,3,4,4,1,3,4,3,3,3,3,4,4,3,3,3,3,3,3,3,2,2,3,3,3,3,4,4,3,1,1,3,3,3,3,1,1,3,1,1,2,1,1,3,2,3,3,3,1,3,1,3,3,3,2,2
ID_R044,1,1,1,2,3,4,2,1,5,5,5,5,5,5,1,5,5,1,1,1,5,5,5,1,1,1,1,1,1,1,5,3,5,5,5,5,5,5,5,5,1,1,5,5,5,5,5,5,5,5,5,5,5,5,4,4,5,5,5,5,5,5,1,1,1,1,1,5,5,2,3,1,1,1,1,1,1,1,1,1,4,1,1,1,1,3,5,5,5,2
ID_R045,1,1,1,2,3,1,1,3,3,4,3,3,3,1,3,3,3,3,3,3,3,3,3,3,3,5,4,1,1,1,3,1,5,5,5,1,3,3,5,5,1,1,5,5,5,5,5,5,3,5,5,5,5,5,4,4,5,5,5,5,5,5,1,1,1,1,1,5,5,2,3,3,1,1,2,1,1,1,1,1,3,1,1,1,2,3,2,2,5,4
ID_R046,2,1,1,2,2,1,1,1,3,3,5,5,3,1,1,5,5,1,1,1,5,5,5,1,1,1,1,1,1,1,5,3,5,5,5,5,5,5,5,5,1,1,5,5,5,5,5,5,5,5,5,5,5,5,4,4,5,5,5,5,5,5,1,1,1,1,1,5,5,2,3,1,3,3,2,1,1,1,1,1,4,1,1,1,1,3,5,5,5,2
ID_R047,2,1,1,2,2,5,5,1,5,1,1,1,3,5,1,5,5,1,1,1,5,5,5,1,1,1,5,1,1,1,5,3,5,5,5,5,5,5,5,5,4,1,1,5,5,3,5,3,5,5,5,5,5,5,4,4,5,5,5,5,5,5,1,1,1,1,1,5,5,1,3,1,1,1,1,1,1,1,2,1,4,1,1,1,2,3,5,5,5,3
ID_R048,1,1,1,2,1,1,4,1,5,5,5,5,5,5,1,5,5,1,1,1,5,5,5,1,1,1,1,1,1,1,5,3,5,5,5,5,5,5,5,5,1,1,5,5,5,5,5,5,5,5,5,5,5,5,4,4,5,5,5,5,5,5,1,1,1,1,1,5,5,2,3,1,1,1,1,1,1,1,1,1,4,1,1,1,1,3,5,5,5,3
ID_R049,2,1,1,2,2,5,3,2,5,5,5,5,5,5,1,5,5,1,1,1,5,5,5,1,1,1,1,4,5,3,5,3,5,5,5,5,5,5,5,5,1,1,5,5,5,5,5,5,5,3,5,5,5,5,4,4,5,5,5,5,5,5,1,1,1,1,1,5,5,2,3,1,1,1,1,1,1,1,1,3,2,2,2,1,2,3,5,5,5,3
ID_R050,1,1,1,2,1,1,1,1,4,4,3,3,3,1,3,3,3,3,3,3,3,3,3,3,3,5,4,4,5,3,3,5,3,3,3,3,3,3,3,3,4,3,3,3,3,3,3,3,3,3,3,3,3,3,2,2,3,3,3,3,5,5,1,3,3,1,1,3,3,1,1,3,1,1,2,1,2,1,2,1,3,1,3,1,4,3,2,2,2,3
ID_R051,1,1,1,2,4,1,4,3,5,5,5,3,3,1,3,5,3,3,3,3,3,3,3,3,3,5,4,4,5,5,3,5,5,5,2,3,3,3,3,3,1,3,3,3,1,3,1,3,5,3,5,3,3,5,4,2,1,1,5,3,3,3,3,1,1,3,1,3,3,4,1,5,3,3,2,3,1,3,1,3,3,3,3,3,4,3,2,2,5,2
ID_R052,1,1,1,2,1,1,3,1,3,3,3,1,5,1,3,3,1,5,1,1,5,1,1,1,1,1,1,1,1,1,5,3,5,5,5,5,5,5,5,5,1,1,5,5,5,5,5,5,5,5,5,5,5,5,4,4,5,5,5,5,5,5,1,1,1,1,1,5,5,2,3,1,1,1,1,1,1,1,1,1,4,1,1,1,1,3,5,5,5,3
ID_R053,2,1,1,2,2,5,2,1,5,5,5,5,5,5,1,5,5,1,1,1,5,5,5,1,4,5,4,1,4,1,5,3,5,5,5,5,5,5,5,5,1,1,5,5,5,5,5,5,5,5,5,5,5,5,4,4,5,5,5,5,5,5,1,1,1,1,1,5,5,2,3,1,1,1,1,1,1,1,1,2,3,3,2,3,2,2,5,5,5,1
ID_R054,2,1,1,2,2,5,2,1,5,5,5,5,5,5,1,5,5,1,3,1,5,5,5,1,3,1,4,4,1,1,5,5,3,3,3,5,5,5,5,5,1,1,5,5,5,5,5,5,5,5,5,5,5,5,4,4,5,5,5,5,5,5,1,1,1,1,1,5,5,2,3,1,1,1,1,1,1,1,1,3,3,1,1,1,1,3,5,5,5,1
ID_R055,1,1,1,2,2,2,5,5,2,4,5,5,5,1,5,3,5,5,1,5,5,2,1,2,1,1,1,1,1,1,5,3,5,5,5,5,5,5,1,1,5,5,5,5,1,1,1,5,1,3,1,5,1,1,4,5,5,3,1,3,5,1,1,5,1,1,5,1,1,4,3,4,3,1,2,1,2,4,2,4,3,1,1,3,3,3,4,5,5,3
ID_R056,2,1,1,2,1,1,4,1,1,5,1,1,3,5,5,3,1,1,3,5,2,5,5,3,1,1,1,1,1,1,5,3,5,5,5,5,5,5,5,5,1,1,5,5,5,5,5,5,5,5,5,5,3,3,2,2,3,3,5,5,5,4,1,3,3,3,3,3,3,2,1,3,3,1,2,1,1,1,1,2,4,1,1,1,1,3,2,5,2,3
ID_R057,1,1,1,2,1,5,4,5,1,5,1,1,1,4,1,1,5,5,5,5,3,5,1,3,3,5,4,4,5,1,3,1,3,1,3,1,1,5,3,3,4,3,3,3,3,3,3,3,3,3,4,3,3,3,2,2,3,3,3,3,3,3,3,3,3,3,3,3,3,2,3,1,1,1,3,4,4,4,1,4,3,3,1,4,4,3,2,5,2,4
ID_R058,1,1,1,1,1,1,1,1,5,5,5,5,5,5,1,5,5,1,1,1,5,5,5,3,3,5,4,4,1,3,3,5,4,3,3,3,3,3,5,5,1,1,5,5,5,5,5,5,5,5,5,5,5,5,4,4,5,5,5,5,5,5,1,1,1,1,1,5,5,2,3,1,1,1,1,1,1,1,1,2,4,1,1,1,2,2,5,2,5,1
ID_R059,2,1,1,2,1,6,1,3,5,5,5,5,5,5,1,5,5,1,1,1,5,5,5,1,1,1,1,1,1,1,5,3,5,5,5,5,5,5,5,5,1,1,5,5,5,5,5,5,5,5,5,5,5,5,4,4,5,5,5,5,5,5,1,1,1,1,1,5,5,5,5,1,1,1,1,3,1,3,4,3,4,2,1,1,1,3,5,5,5,2
ID_R060,1,1,1,2,1,1,1,1,3,3,4,4,4,3,4,4,4,4,4,4,4,4,4,4,3,5,4,4,5,4,4,4,4,4,4,4,4,4,4,4,3,4,4,4,4,4,4,4,4,4,3,1,5,5,3,3,3,4,4,4,4,4,4,4,4,4,4,4,4,2,1,1,3,3,3,2,3,2,1,2,1,2,2,2,2,2,3,3,3,4
ID_R061,2,1,1,2,3,4,5,3,1,1,1,5,1,1,1,1,3,3,4,3,3,3,1,3,3,5,5,4,1,3,3,5,3,3,3,4,1,4,3,2,4,3,5,1,3,4,3,5,1,3,1,1,1,1,2,2,3,1,5,3,1,1,5,2,5,3,3,2,2,1,1,1,2,5,1,3,4,2,1,3,3,4,3,3,4,4,5,4,4,4
ID_R062,2,1,1,2,2,1,1,1,4,5,5,5,5,1,3,3,3,3,3,3,3,3,4,3,1,1,1,1,1,3,3,5,3,3,3,3,3,3,3,3,4,3,3,3,3,3,3,3,3,3,3,3,3,3,2,2,3,5,3,3,3,5,3,3,3,3,3,3,3,1,4,4,1,1,2,3,1,3,4,2,1,3,3,3,1,4,3,2,5,2
ID_R063,1,1,1,2,2,1,2,1,5,5,5,5,5,5,1,5,5,1,1,1,5,5,5,1,1,1,1,1,1,1,5,3,5,5,5,5,5,5,5,5,1,1,5,5,5,5,5,5,5,5,5,5,5,5,4,4,5,5,5,5,5,5,1,1,1,1,1,5,5,2,3,1,1,1,1,1,1,1,1,2,4,1,1,1,1,3,5,5,5,4
ID_R064,2,1,1,2,3,1,3,3,4,4,5,5,3,1,3,5,3,3,3,3,3,3,5,3,3,5,4,4,5,1,3,5,3,3,3,3,3,3,3,3,4,3,3,3,3,5,3,5,5,5,5,5,5,5,4,4,3,5,3,5,3,5,1,1,1,3,1,3,5,1,1,3,1,1,1,3,1,1,1,3,3,1,1,1,4,4,2,2,5,2
ID_R065,2,1,1,3,2,1,1,1,1,5,1,5,2,5,1,5,5,3,4,4,5,5,2,3,1,1,1,1,1,1,5,3,5,3,5,5,5,5,3,5,5,1,4,5,5,5,5,5,5,5,5,5,5,5,4,4,5,5,5,5,5,5,1,1,3,3,1,3,3,2,3,1,1,1,1,1,1,1,1,2,4,1,1,1,4,3,5,5,5,2
ID_R066,1,1,1,2,1,6,2,2,5,5,5,5,5,5,1,5,5,1,3,3,3,3,3,3,1,1,4,4,1,1,5,3,5,5,5,5,5,5,5,5,1,1,5,5,3,5,5,5,5,5,5,5,5,5,4,4,5,5,3,5,5,5,1,1,1,1,1,5,5,2,3,3,1,1,1,1,1,1,1,1,4,1,1,1,1,3,2,5,5,2
ID_R067,2,1,1,2,2,5,3,2,5,1,5,5,1,1,1,5,5,1,1,1,5,5,5,1,1,1,1,1,1,1,5,3,5,5,5,5,5,5,5,5,4,3,5,5,3,5,5,5,5,3,5,3,5,5,4,4,5,5,5,5,5,5,1,1,1,1,1,5,5,2,3,1,1,1,1,1,1,1,1,1,4,1,1,1,1,3,5,5,5,2
ID_R068,2,1,1,2,3,5,5,1,2,5,1,1,1,5,3,1,1,1,3,1,3,5,5,1,4,3,3,3,1,3,3,5,4,5,5,1,5,4,4,3,1,3,3,5,5,3,5,5,5,5,5,1,1,1,5,4,1,5,5,3,5,5,1,1,5,3,5,3,1,2,2,4,3,3,4,2,4,2,1,2,3,4,1,1,2,2,2,5,4,3
ID_R069,2,1,1,1,1,1,3,3,3,5,5,5,3,5,1,5,5,1,1,1,3,3,5,3,1,1,1,1,1,1,5,3,5,5,5,5,5,5,5,5,1,1,5,5,5,5,5,5,5,5,5,5,5,5,4,4,5,5,5,5,5,5,1,1,1,1,1,5,5,1,1,3,3,3,2,3,2,3,2,3,3,3,3,3,4,4,5,5,5,5
ID_R070,1,1,1,2,2,2,5,1,1,1,1,1,5,5,5,1,1,1,1,1,5,5,5,1,1,1,1,1,1,1,5,3,3,3,3,3,5,5,5,5,1,1,3,1,1,5,1,1,5,5,1,1,1,1,5,5,1,1,1,1,1,2,5,5,5,5,5,1,1,4,1,3,1,3,2,3,2,3,1,1,3,3,3,3,4,4,5,2,4,2
ID_R071,2,1,1,2,2,1,2,3,3,4,3,3,3,1,5,1,5,1,3,1,3,3,4,3,3,1,1,1,1,1,5,3,5,5,3,5,5,5,5,3,1,1,5,5,5,5,5,5,5,5,5,1,5,1,4,4,5,5,5,5,5,5,1,1,3,4,1,3,5,4,4,2,2,2,1,3,1,2,4,2,1,2,1,4,4,2,5,5,4,1
ID_R072,1,1,1,2,2,1,1,3,3,5,3,5,5,4,5,5,5,1,1,1,5,5,5,1,5,4,5,1,1,1,5,3,5,5,5,5,5,5,5,5,1,1,5,5,5,5,5,5,5,5,5,5,5,5,4,4,5,5,5,5,5,1,5,5,1,1,1,5,5,2,3,3,1,3,1,3,2,2,1,1,1,3,3,3,4,4,5,5,5,3
ID_R073,1,1,1,2,2,1,4,3,4,4,3,3,3,1,3,3,3,3,3,3,3,3,3,3,1,1,1,1,1,1,5,3,5,5,5,5,5,5,5,5,1,1,5,5,5,5,5,5,5,5,5,5,5,5,4,4,5,5,5,5,5,5,1,1,1,1,1,5,5,4,3,1,1,1,1,1,1,1,1,3,3,3,3,3,4,4,2,5,5,5
ID_R074,2,1,1,2,1,1,4,1,4,5,5,5,5,5,1,5,5,1,1,1,5,5,5,1,1,1,1,1,1,1,5,3,5,5,5,5,5,5,5,5,1,1,5,5,5,5,5,5,5,5,5,5,5,5,4,4,5,5,5,5,5,5,1,1,1,1,1,5,5,2,3,1,3,4,2,1,1,1,1,3,4,1,1,1,4,4,5,5,5,3
ID_R075,2,1,1,2,1,1,4,1,4,4,5,3,5,1,3,3,3,3,1,3,5,5,5,1,3,5,4,4,1,1,5,3,5,3,3,5,5,5,5,3,1,3,3,3,3,5,5,5,5,5,5,5,5,5,2,4,5,5,5,3,5,5,1,1,1,1,1,5,5,2,5,4,4,3,3,4,2,2,5,2,1,1,3,1,1,3,5,5,5,3
ID_R076,2,1,1,1,2,5,2,1,4,4,5,3,5,5,3,3,5,1,3,1,3,5,5,1,3,5,4,5,1,3,5,3,3,5,5,3,5,5,5,1,5,1,3,5,5,5,3,1,5,5,5,3,5,5,4,5,5,5,5,3,5,5,1,3,1,3,3,5,5,2,3,1,3,3,2,1,2,1,4,3,4,1,3,1,4,3,2,5,5,3
ID_R077,2,1,1,2,3,1,2,3,5,5,5,1,1,4,5,1,1,5,5,5,1,1,1,5,2,2,5,5,2,2,2,2,1,1,1,1,1,1,1,2,2,2,2,2,2,2,2,2,1,1,2,1,1,1,5,5,1,1,2,2,2,2,2,2,2,5,5,2,1,4,2,2,2,2,2,2,1,2,1,3,3,3,3,2,4,2,4,4,4,3
ID_R078,1,1,2,2,4,1,3,3,5,5,5,5,5,5,1,5,5,1,1,1,5,5,5,1,1,1,1,1,1,1,5,3,5,5,5,5,5,5,5,5,1,1,5,5,5,5,5,5,5,5,5,5,5,5,4,4,5,5,5,5,5,5,1,1,1,1,1,5,5,2,3,1,1,1,1,1,1,1,1,1,4,1,1,1,1,3,5,5,5,2
ID_R079,1,1,1,1,3,1,2,1,2,2,2,2,2,2,2,2,2,2,2,2,2,2,2,2,2,2,2,2,2,2,2,2,2,2,2,2,2,2,2,2,2,2,2,5,2,2,2,2,2,2,2,2,2,2,1,1,2,2,2,2,2,2,2,2,2,2,2,2,2,1,1,3,3,3,2,3,2,3,2,3,3,3,3,3,2,4,1,1,1,6
ID_R080,2,1,1,1,3,1,3,1,5,5,5,5,5,5,1,5,5,1,1,1,5,5,5,1,1,1,1,1,5,1,5,3,3,5,5,5,5,5,3,3,1,1,5,5,5,5,3,3,5,5,3,5,3,3,4,2,5,5,5,5,5,3,1,1,1,1,1,5,5,2,1,1,1,1,3,3,2,2,1,2,2,3,3,3,1,2,5,5,2,4
ID_R081,2,1,1,2,2,1,5,1,1,5,5,5,5,5,1,5,5,1,1,1,5,5,5,1,1,1,1,1,1,1,5,3,5,5,5,5,5,5,5,5,1,1,5,5,5,5,5,5,5,5,5,5,5,5,4,4,5,5,5,5,5,5,1,1,1,1,1,5,5,2,3,1,1,1,1,1,1,1,1,1,4,1,1,1,1,3,5,5,5,3
ID_R082,1,1,1,2,1,1,5,1,2,5,5,5,5,5,1,5,2,5,3,5,5,5,1,1,3,4,5,4,1,3,3,5,3,3,3,3,3,3,5,5,1,1,5,5,5,5,5,5,5,5,5,5,5,5,4,4,5,5,5,5,5,5,1,1,1,1,1,5,5,2,3,1,1,1,1,2,1,1,1,2,3,1,2,2,2,4,5,5,5,3
ID_R083,1,2,1,2,3,1,4,3,1,1,1,1,1,5,5,1,1,5,1,5,1,1,2,5,3,4,2,5,4,2,5,1,1,1,5,5,5,3,1,2,5,2,1,2,1,1,1,5,2,1,2,1,2,1,5,5,1,5,1,5,1,2,2,2,2,2,2,1,1,1,3,3,3,1,4,2,1,1,1,1,3,3,3,3,2,2,4,4,1,6
ID_R084,2,1,1,2,2,1,2,1,1,1,1,1,1,5,5,1,1,5,5,5,1,1,1,1,5,4,5,5,4,5,1,1,1,1,1,1,1,1,5,1,5,5,1,1,1,1,1,1,1,1,1,1,1,1,5,5,1,1,1,1,1,1,5,5,5,5,5,1,1,4,1,1,3,2,2,2,4,2,5,2,4,2,3,3,4,2,4,4,4,5
ID_R085,2,1,1,2,1,1,5,1,5,5,5,5,5,5,1,5,5,1,1,1,5,5,5,1,1,1,5,2,2,2,2,2,2,2,2,2,2,2,4,1,1,1,5,5,5,5,5,5,5,5,5,5,5,5,4,4,5,5,5,5,5,5,1,1,1,1,1,4,3,3,2,3,3,1,1,2,3,3,2,1,4,1,2,1,3,3,5,1,5,2
ID_R086,1,1,2,2,2,2,1,1,1,5,5,3,3,1,3,3,3,3,3,3,3,3,3,3,3,4,4,4,4,3,3,5,3,3,3,3,3,3,3,3,4,4,3,4,4,4,3,3,3,3,3,3,3,3,2,2,3,3,3,3,3,3,3,3,3,3,3,3,3,1,1,3,3,3,2,3,2,3,2,3,3,3,3,3,4,4,2,2,2,2
ID_R087,1,1,1,2,3,5,1,1,5,5,5,5,5,5,1,5,5,1,1,1,5,5,5,1,1,1,1,1,1,1,5,3,5,5,5,1,1,3,3,1,5,3,3,1,1,5,5,5,3,1,5,5,5,5,4,4,5,5,5,5,5,5,1,1,1,1,1,5,5,2,3,1,1,1,1,1,1,1,1,3,1,3,1,1,4,3,5,4,5,3
ID_R088,2,1,1,1,2,2,1,3,4,4,1,5,1,5,1,5,5,1,1,1,5,5,5,1,1,1,1,1,1,3,1,3,3,5,3,1,1,1,5,5,1,1,5,5,5,5,5,5,5,5,5,5,5,5,4,4,5,5,5,5,5,5,1,1,1,1,1,5,5,2,1,4,1,5,1,1,1,1,1,1,4,1,1,1,3,3,5,4,4,2
ID_R089,2,1,1,2,3,1,5,1,5,3,3,5,3,2,2,2,2,1,2,5,1,1,2,1,5,2,4,5,4,1,3,3,4,3,3,1,5,3,5,1,2,3,3,3,1,5,2,5,1,5,2,5,5,1,5,4,2,5,5,3,1,2,4,3,1,3,1,1,1,1,2,3,1,1,4,2,3,2,5,2,1,2,2,3,4,2,4,1,1,3
ID_R090,1,1,1,2,2,1,3,1,5,4,3,5,3,5,3,3,5,3,1,3,3,5,5,1,1,1,4,4,1,1,5,3,3,5,3,3,3,5,5,5,1,1,5,3,5,5,5,5,5,5,3,3,3,5,4,4,5,5,5,3,3,5,1,1,1,1,3,3,5,2,3,3,1,1,3,3,1,4,1,3,4,4,1,4,4,3,5,5,5,1
ID_R091,2,1,1,2,2,1,5,1,5,1,5,5,3,1,3,3,5,3,3,3,3,3,3,3,4,4,1,4,4,3,3,5,3,3,1,3,3,3,3,5,1,3,3,3,3,5,5,5,5,5,3,1,5,5,4,4,5,5,5,5,5,5,1,1,1,1,1,5,5,2,2,3,3,3,2,2,1,3,2,3,3,3,3,3,4,4,5,4,4,1
ID_R092,2,1,2,2,1,5,1,1,5,1,3,1,5,4,1,5,5,5,3,5,3,3,5,3,4,1,1,1,4,3,4,3,4,3,3,5,5,5,4,3,1,1,4,5,3,3,5,1,5,1,1,5,5,5,2,4,5,5,5,5,1,3,3,5,1,1,1,3,5,2,1,3,1,1,2,2,1,2,1,3,4,3,1,4,2,4,5,4,5,3
ID_R093,1,1,1,2,1,1,5,1,3,3,4,4,4,3,4,4,4,4,4,4,4,4,4,4,3,3,3,3,3,4,4,4,4,4,4,4,4,4,4,4,3,4,4,4,4,4,4,4,4,4,4,4,4,4,3,3,4,4,4,4,4,4,4,4,4,4,4,4,4,4,4,3,3,3,2,3,4,1,1,3,2,3,3,1,2,1,3,3,2,4
ID_R094,2,1,1,2,2,1,4,1,1,1,5,5,1,5,3,5,5,1,1,1,5,3,5,3,1,4,5,2,1,1,5,3,4,5,3,5,5,5,3,5,1,1,5,5,3,4,3,3,3,5,5,1,5,5,4,4,5,5,5,5,3,1,1,1,1,3,1,5,3,2,1,3,3,3,2,2,1,2,4,2,4,2,2,3,2,4,5,4,5,2
ID_R095,2,1,1,2,2,1,5,1,5,5,5,5,5,5,1,5,5,1,1,1,5,5,5,1,5,4,5,5,4,1,5,3,5,5,5,5,5,5,5,5,1,1,5,5,5,5,5,5,5,5,5,5,5,5,4,4,5,5,5,5,5,5,1,1,1,1,1,5,5,2,3,1,1,4,1,3,1,2,1,2,4,1,1,1,4,3,5,5,5,3
ID_R096,2,1,1,2,1,1,4,1,1,1,1,1,1,4,5,1,1,5,5,5,1,1,1,5,5,4,5,5,4,5,1,1,1,1,1,1,1,1,1,1,5,5,1,1,1,1,1,1,1,1,1,1,1,1,5,5,1,1,1,1,1,1,5,5,5,5,5,1,1,4,1,3,3,2,4,3,2,3,2,2,2,3,3,3,2,2,4,4,4,3
ID_R097,1,1,1,2,1,7,4,1,2,2,2,2,2,2,2,2,2,2,1,2,2,2,2,2,5,2,2,2,2,3,2,2,2,2,2,2,2,2,2,2,2,2,2,2,2,2,2,2,2,2,2,2,2,2,1,1,2,2,2,2,2,2,2,2,2,2,2,2,2,5,2,4,5,4,5,2,4,2,1,2,2,2,2,2,2,2,1,1,1,4
ID_R098,1,1,1,4,1,2,1,1,4,4,5,5,5,5,1,3,5,3,1,3,3,5,5,1,5,5,1,1,4,1,5,5,3,5,5,3,5,5,5,5,1,3,5,1,5,3,3,5,1,5,1,1,5,1,4,4,1,5,5,5,1,5,3,1,3,3,5,5,5,4,3,1,1,1,2,1,2,1,5,1,1,1,1,4,1,3,5,4,4,2
ID_R099,1,1,1,2,1,1,2,3,4,1,3,2,1,4,5,3,2,2,1,4,5,3,5,5,1,4,5,4,4,3,1,5,1,4,1,3,5,3,5,5,1,3,3,5,3,3,3,1,3,3,3,2,3,1,4,2,3,1,5,3,3,5,3,5,2,1,1,1,3,2,1,2,3,3,4,1,1,2,4,1,3,1,1,2,4,4,5,5,5,3
ID_R100,1,1,1,2,3,1,3,1,1,5,5,3,3,5,2,2,2,1,3,3,2,3,5,3,2,2,1,5,1,1,1,3,5,1,3,5,3,5,4,4,3,3,4,4,4,4,5,4,4,4,4,4,4,4,3,3,4,4,4,4,4,2,5,5,1,1,1,5,5,3,2,2,2,2,4,2,3,2,3,2,2,2,2,2,2,2,5,5,5,1
ID_R101,2,1,1,1,3,5,2,1,5,5,5,5,5,5,1,5,5,1,1,1,5,5,5,1,1,1,1,1,1,1,5,3,5,5,5,5,5,5,5,5,1,1,5,5,5,5,5,5,5,5,5,5,5,5,4,4,5,5,5,5,5,5,1,1,1,1,1,5,5,2,3,1,1,1,1,1,1,1,1,1,4,1,1,1,1,3,5,5,5,2
ID_R102,1,1,1,1,2,1,1,1,4,4,3,3,3,1,3,3,3,3,3,3,3,3,3,3,3,5,4,4,5,3,3,5,3,3,3,3,3,3,3,3,4,3,3,3,3,3,3,3,3,3,3,3,3,3,2,2,3,3,3,3,3,3,3,3,3,3,3,3,3,1,1,3,3,3,2,3,2,3,2,3,3,3,3,3,4,4,2,2,2,2
ID_R103,1,1,1,1,3,6,6,3,4,4,3,5,5,1,3,3,3,1,3,3,3,3,5,3,3,5,1,4,5,3,3,5,3,3,3,4,3,3,5,3,4,3,5,5,3,5,5,3,3,3,3,5,3,5,4,2,4,3,5,5,5,3,3,3,3,1,3,3,3,3,1,3,1,2,2,1,3,3,3,3,3,3,1,3,4,4,2,2,3,4
ID_R104,1,1,1,2,2,1,1,1,5,3,3,3,3,1,3,3,3,3,3,3,3,3,3,3,1,1,1,1,1,1,5,3,5,5,5,5,5,5,5,5,1,1,5,5,5,5,5,5,5,5,5,5,5,5,4,4,5,5,5,5,5,5,1,1,1,1,1,5,5,2,3,1,1,1,1,1,1,1,1,2,4,1,3,3,1,4,3,5,5,2
ID_R105,2,1,1,2,1,5,4,1,4,5,5,5,5,1,3,3,3,3,3,3,5,5,5,1,1,1,1,1,1,1,5,3,5,5,5,5,5,5,5,5,1,1,5,5,5,5,5,3,5,3,5,5,5,5,4,4,5,5,5,5,5,5,1,1,1,1,1,5,5,3,2,2,2,2,4,2,3,2,3,2,2,2,2,3,1,3,5,5,5,3
ID_R106,1,1,1,2,1,1,5,4,2,2,2,2,2,2,2,2,2,2,2,2,2,2,2,2,2,2,2,2,2,2,2,2,2,2,2,2,2,2,2,2,2,2,2,2,2,2,2,2,2,2,2,2,2,2,1,1,2,2,2,2,2,2,2,2,2,2,2,2,2,1,2,3,2,2,4,2,3,2,3,2,2,2,2,2,2,2,1,1,1,6
ID_R107,1,1,1,2,1,2,4,3,4,3,1,5,3,4,3,1,4,4,3,1,3,5,4,3,3,4,4,3,3,1,3,3,3,5,5,3,4,4,4,5,4,1,4,4,5,4,4,5,4,5,3,1,4,3,4,2,5,4,3,3,3,5,1,5,3,1,4,5,4,3,3,4,2,2,4,3,1,1,3,2,2,1,1,3,2,3,2,2,5,3
ID_R108,2,1,1,2,3,5,2,1,4,4,3,3,3,1,3,3,3,3,3,3,3,3,3,3,3,4,4,5,4,3,3,1,3,1,3,1,1,5,1,3,5,3,1,1,5,3,3,3,1,3,1,1,1,1,2,2,3,3,3,3,5,1,5,5,5,5,5,1,1,1,3,1,3,3,1,1,1,1,1,1,3,3,1,1,1,3,2,5,1,2
ID_R109,1,1,1,1,2,4,3,3,1,1,1,1,1,4,5,5,1,5,3,1,5,1,1,5,1,4,1,1,1,1,5,3,5,5,5,5,5,5,5,5,1,1,5,5,5,5,5,5,5,5,5,5,5,5,4,4,5,5,5,5,5,5,1,1,1,1,1,5,5,2,3,1,1,1,1,1,1,1,1,1,4,1,1,1,1,3,4,5,5,2
ID_R110,1,1,1,1,2,5,2,1,5,5,5,5,5,5,1,5,5,1,1,1,5,5,5,1,1,1,1,1,1,1,5,3,5,5,5,5,5,5,3,5,4,3,5,3,3,3,5,5,3,3,5,5,5,5,4,4,5,5,5,5,5,5,1,1,1,1,1,5,5,2,3,1,1,1,1,1,1,1,1,4,3,2,2,2,2,2,5,5,5,2
ID_R111,1,1,1,2,2,1,2,1,1,1,1,5,1,5,5,5,1,1,5,5,1,1,2,5,3,4,5,1,4,2,2,2,1,3,3,1,2,2,2,2,2,2,2,2,2,2,2,2,2,2,2,2,5,2,4,1,2,2,1,2,2,1,5,5,5,5,5,1,1,4,3,1,4,2,1,2,5,2,1,2,2,4,2,2,1,4,1,1,4,3
ID_R112,2,1,1,2,1,1,4,2,4,4,3,3,3,1,3,3,3,3,3,3,3,3,3,3,3,5,4,4,5,3,3,5,3,3,3,3,3,3,3,3,4,3,3,3,3,3,3,3,3,3,3,3,3,3,2,2,3,3,3,3,3,3,3,3,3,3,3,3,3,1,1,3,3,1,2,2,2,2,2,3,2,1,3,3,4,4,2,2,2,3
ID_R113,2,1,1,2,1,1,4,3,1,5,1,1,5,1,5,5,5,1,1,1,1,5,5,3,5,1,5,1,4,3,1,4,4,3,5,5,5,5,1,3,5,1,5,5,3,3,3,3,5,5,1,5,5,5,4,5,1,1,3,3,3,1,5,5,5,1,1,5,5,2,3,4,3,3,1,1,1,1,1,2,3,3,3,1,1,4,2,5,5,2
ID_R114,1,1,1,2,1,1,5,1,1,4,5,5,3,5,3,3,3,1,5,1,5,5,2,1,1,2,5,5,1,3,1,1,5,1,1,1,5,1,5,5,1,1,4,1,2,5,5,5,3,5,5,5,5,5,4,4,5,5,5,5,3,2,5,5,5,1,1,1,5,1,2,1,1,1,4,2,1,2,3,2,4,1,3,1,4,3,5,4,5,3
ID_R115,2,1,1,2,3,1,2,1,5,5,5,5,5,5,1,5,5,1,1,1,5,5,5,1,5,1,1,1,1,1,5,3,5,5,5,5,5,5,3,5,1,1,5,5,5,5,5,5,5,5,5,5,5,5,4,4,5,5,5,5,5,5,1,1,1,1,1,5,5,4,4,3,3,1,3,1,1,1,1,2,3,2,1,1,1,3,5,5,5,3
ID_R116,2,1,1,2,1,5,5,1,5,5,5,5,5,5,1,5,5,1,1,1,5,5,5,1,1,1,1,1,1,1,5,3,5,5,5,5,5,5,5,5,1,1,5,5,5,5,5,5,5,5,5,5,5,5,4,4,5,5,5,5,5,5,1,1,1,1,1,5,5,4,2,1,1,1,1,1,1,1,1,3,3,1,1,1,1,3,5,5,5,3
ID_R117,1,1,1,2,3,1,3,1,5,5,5,5,5,5,1,5,5,1,1,1,5,5,5,1,1,1,1,1,1,1,5,3,5,5,5,5,5,5,5,5,1,1,5,5,5,5,5,5,5,5,5,5,5,5,4,4,5,5,5,5,5,5,1,1,1,1,1,5,5,4,1,3,3,3,4,3,2,3,2,3,3,3,3,3,4,2,5,5,5,4
ID_R118,1,1,1,1,1,1,3,1,5,5,5,5,5,5,1,5,5,1,1,1,5,5,5,1,1,1,1,1,1,1,5,3,5,5,5,5,5,5,5,5,1,1,5,5,5,5,5,5,5,5,5,5,5,5,4,4,5,5,5,5,5,5,1,1,1,1,1,5,5,1,3,3,3,1,1,1,1,1,1,1,4,1,1,1,1,3,5,5,5,4
ID_R119,2,1,1,2,1,1,5,2,5,5,5,5,5,5,1,5,5,1,1,1,5,5,5,1,3,1,3,1,1,4,4,4,5,5,5,5,5,3,5,5,1,1,3,5,5,5,5,5,5,5,3,5,5,3,2,2,3,3,5,5,5,3,3,1,1,1,1,3,3,4,4,1,1,1,3,1,2,1,1,1,3,3,1,3,1,3,5,2,2,3
ID_R120,2,1,2,2,2,4,2,2,1,1,1,1,1,4,5,1,1,5,5,5,1,1,1,5,5,4,5,5,1,5,1,1,1,1,1,1,1,1,3,1,5,1,1,1,1,1,1,1,1,5,1,1,1,1,5,5,1,1,1,1,1,1,5,5,5,5,5,1,1,1,3,2,2,2,4,2,3,2,1,2,3,3,3,3,4,4,4,4,4,4
ID_R121,1,1,1,1,1,1,1,1,4,3,3,3,4,5,4,3,5,3,3,1,4,4,3,4,3,3,3,4,3,3,3,5,3,5,4,5,3,4,3,4,3,3,5,5,4,3,3,5,4,4,1,5,4,3,2,3,5,4,3,3,1,5,3,3,4,5,3,5,3,2,3,3,1,5,2,1,4,3,4,3,3,1,3,4,4,3,5,2,3,3
ID_R122,1,1,1,2,3,1,2,3,3,3,4,4,4,3,4,4,4,4,4,4,4,4,4,4,4,3,3,3,3,4,4,4,4,4,4,4,4,4,4,4,3,4,4,4,4,4,4,4,4,4,4,4,4,4,3,3,4,4,4,4,4,4,4,4,4,4,4,4,4,3,2,2,2,2,4,2,3,2,3,2,2,2,2,2,2,2,3,3,3,3
ID_R123,2,1,1,2,1,1,5,1,4,4,3,3,3,1,1,5,5,3,1,3,5,5,5,5,1,1,1,1,1,1,5,3,5,5,5,5,5,5,5,5,1,1,5,5,5,5,5,5,5,5,5,5,5,5,4,4,5,5,5,5,5,5,1,1,1,1,1,5,5,2,3,1,1,1,1,1,1,1,1,1,4,1,1,1,1,3,2,5,5,2
ID_R124,1,1,1,2,2,1,4,1,4,4,5,3,5,4,3,1,3,1,4,5,4,3,1,3,1,5,1,3,4,4,3,1,4,5,5,3,1,5,1,1,4,5,1,1,3,1,5,5,1,1,1,3,1,1,4,2,3,5,1,1,1,3,5,5,3,3,5,5,1,4,3,4,3,5,3,1,2,2,4,3,3,2,2,3,4,3,4,2,2,2
ID_R125,2,1,1,1,3,1,4,1,5,5,5,5,1,5,1,5,5,1,1,1,5,5,5,1,1,1,1,1,1,1,5,3,5,5,5,5,5,5,5,5,1,1,5,5,5,5,5,5,5,5,5,5,5,5,4,4,5,5,5,5,5,5,1,1,1,1,1,5,5,2,3,1,1,1,1,1,1,1,3,2,2,2,2,2,2,2,5,5,5,3
ID_R126,1,1,1,2,1,1,1,1,1,5,5,1,5,5,3,1,1,5,5,5,3,5,5,1,1,4,5,1,1,1,5,3,5,5,5,5,5,5,3,3,1,1,1,3,5,3,3,1,3,5,1,3,1,5,4,5,1,5,1,5,5,3,1,1,1,5,1,5,3,1,1,3,3,3,2,3,2,3,2,3,3,3,3,3,4,4,5,5,4,2
ID_R127,1,1,1,2,2,1,1,3,4,4,5,3,3,1,3,5,3,3,3,3,3,3,3,3,3,1,4,4,1,3,5,5,3,3,3,3,5,5,3,5,4,3,3,3,3,5,4,3,4,3,3,3,5,5,4,2,3,3,3,3,5,3,3,3,3,3,1,3,3,1,1,3,1,3,2,3,2,2,1,3,3,3,3,3,4,4,5,2,2,1
ID_R128,1,1,1,2,1,1,1,1,5,1,5,5,5,5,1,5,5,1,1,1,5,5,5,1,1,1,1,1,1,1,5,3,5,5,5,5,5,5,5,5,1,1,5,5,5,5,5,5,5,5,5,5,5,5,4,4,5,5,5,5,5,5,1,1,1,1,1,5,5,4,4,4,4,5,3,4,1,1,1,1,4,1,1,1,1,3,5,5,5,2
ID_R129,1,1,1,2,2,1,4,1,4,1,1,5,1,4,5,1,5,5,5,5,1,1,1,1,3,5,4,1,1,5,1,3,3,1,3,1,3,1,3,3,1,5,1,3,5,5,3,1,3,3,1,3,3,1,4,4,3,1,1,3,1,3,5,5,3,5,3,1,5,2,3,1,1,1,3,1,1,1,1,1,4,1,1,4,2,3,5,4,5,2
ID_R130,2,1,1,2,2,1,2,1,5,1,3,1,5,5,1,5,5,1,5,1,1,1,1,5,3,3,5,1,1,1,5,1,1,3,5,1,2,3,1,1,5,1,3,5,1,1,1,1,5,1,5,5,1,5,5,5,5,5,5,1,1,1,1,1,1,1,1,5,5,2,3,1,1,1,1,1,1,1,1,1,4,1,1,1,1,3,5,5,5,3
ID_R131,2,1,1,1,1,3,4,1,3,3,5,5,5,5,1,5,5,1,1,3,3,3,3,1,1,1,4,4,5,3,3,5,3,3,3,3,3,3,5,5,1,1,5,5,5,5,5,5,5,5,5,5,5,5,4,4,5,5,5,5,5,5,1,1,1,1,1,5,5,5,4,4,1,1,1,1,1,1,1,4,1,4,1,1,3,1,2,2,5,2
ID_R132,1,1,1,2,2,1,1,4,1,5,5,5,5,5,3,5,5,1,1,1,1,5,5,1,1,1,4,4,1,1,3,3,4,5,5,3,5,3,5,5,4,1,5,5,5,5,3,5,5,5,5,5,5,3,4,4,5,5,5,5,5,3,3,1,1,1,1,3,3,2,3,1,3,1,3,3,4,3,2,3,3,3,3,1,4,4,5,2,5,5
ID_R133,1,1,1,2,1,1,1,1,4,5,2,2,1,4,5,3,1,5,1,5,5,5,2,1,3,4,4,4,4,3,3,5,4,3,3,4,1,3,4,5,3,3,3,5,3,1,3,5,4,2,3,1,5,4,3,5,2,4,1,4,5,1,5,4,5,3,2,4,5,1,2,2,2,2,4,2,3,2,3,2,2,2,2,2,2,2,4,2,5,1
ID_R134,2,1,1,2,3,4,2,1,1,1,1,1,1,5,5,1,1,5,1,1,5,1,5,5,5,4,5,5,4,5,1,1,5,5,1,5,1,5,1,5,1,1,5,1,1,3,5,1,1,1,1,1,1,1,4,4,1,1,5,1,1,1,5,5,5,5,5,1,5,4,3,1,1,1,1,3,1,2,4,1,4,1,1,1,1,3,5,4,4,2
ID_R135,1,1,1,2,1,1,4,1,1,1,2,1,5,5,1,5,2,2,5,2,2,5,2,1,5,4,4,1,4,5,3,3,5,1,3,5,1,5,5,1,5,5,1,3,5,3,1,5,5,5,3,1,5,3,4,4,3,1,1,5,5,1,2,5,5,5,5,2,1,2,1,3,5,5,3,2,4,3,5,3,4,3,4,3,2,4,1,1,1,3
ID_R136,2,1,1,2,2,1,4,1,1,5,1,1,5,4,3,5,1,1,3,1,1,5,1,5,1,1,5,5,4,5,1,3,5,1,5,5,1,1,1,5,1,5,1,5,1,1,5,5,1,5,5,5,1,3,2,2,3,5,1,3,5,5,3,5,1,1,3,3,3,2,4,4,1,1,3,1,2,4,4,2,4,1,1,1,1,4,5,4,4,2
ID_R137,2,1,1,2,2,1,3,1,1,5,5,5,5,5,5,5,5,1,1,1,5,5,5,1,5,1,1,1,1,1,5,3,5,5,5,5,5,5,5,5,1,1,5,5,5,5,5,5,5,5,5,5,5,5,4,4,5,5,5,5,5,5,1,1,1,1,1,5,5,2,3,3,1,3,2,2,2,3,2,3,3,3,3,1,1,3,5,5,5,3
ID_R138,1,1,1,2,2,5,4,1,5,1,5,5,3,4,3,5,1,1,1,1,5,3,5,3,5,4,5,1,2,1,1,1,3,5,5,3,1,3,3,5,5,1,5,3,3,3,3,5,5,3,3,3,3,3,2,2,3,3,3,3,3,3,3,3,3,3,3,3,3,1,2,2,2,2,1,2,3,2,2,2,3,3,1,4,2,3,5,2,2,3
ID_R139,2,1,1,1,2,1,4,1,5,5,5,5,5,5,1,5,5,1,1,1,5,5,5,1,1,1,1,1,1,1,5,3,5,5,5,5,5,5,5,5,1,1,5,5,5,5,5,5,5,5,5,5,5,5,4,4,5,5,5,5,5,5,1,1,1,1,1,5,5,2,3,1,1,1,2,3,1,1,1,1,4,1,1,1,1,3,5,5,5,3
ID_R140,2,1,1,2,1,5,5,1,3,3,4,4,4,3,4,4,4,4,4,4,4,4,4,4,3,5,4,4,5,3,3,5,3,3,3,3,3,3,3,3,4,3,3,3,3,3,3,3,3,3,3,3,3,3,2,2,3,5,5,5,5,5,1,1,1,1,1,5,5,2,4,1,1,5,3,3,2,2,1,2,4,3,3,3,4,4,3,2,5,2
ID_R141,2,1,1,2,2,1,2,1,5,5,5,5,5,5,1,5,5,1,1,1,5,5,5,1,3,5,4,4,5,3,3,5,3,3,3,3,3,3,3,3,4,3,5,5,3,5,5,3,3,3,5,5,5,5,4,4,5,5,5,5,5,5,1,1,1,1,1,5,5,2,3,3,1,1,1,1,1,1,1,3,4,3,1,1,1,3,5,2,5,2
ID_R142,2,1,1,2,2,4,1,1,5,4,1,1,3,5,1,3,5,1,3,3,5,5,5,3,3,1,1,5,4,3,5,1,1,5,5,5,5,1,5,3,5,3,5,5,5,5,3,5,1,5,1,5,5,5,4,4,5,5,5,5,5,5,1,1,1,1,1,5,5,1,3,1,3,3,1,3,1,3,4,3,4,3,1,1,1,3,4,5,5,2
ID_R143,2,1,1,1,1,1,4,2,4,1,1,1,5,5,1,5,5,1,5,1,1,5,1,1,3,4,5,5,4,1,5,3,5,5,5,5,1,5,5,1,5,3,3,5,5,5,3,3,1,5,5,5,5,3,4,2,5,5,1,5,5,3,3,1,1,1,3,5,5,2,4,4,4,3,3,3,1,1,4,3,4,3,1,3,4,4,5,5,5,3
ID_R144,2,1,1,2,2,4,4,1,1,1,1,1,1,4,5,1,1,5,1,5,5,3,1,1,1,1,1,1,1,1,5,3,5,3,5,1,1,5,3,1,5,5,1,1,1,3,3,1,1,1,1,3,5,3,4,4,5,3,3,5,5,1,5,1,5,1,1,3,5,2,1,3,3,3,2,3,2,3,1,3,3,3,3,3,4,4,4,5,4,3
ID_R145,2,1,1,2,1,5,1,3,3,4,1,1,1,4,5,3,3,3,5,5,3,3,1,5,3,4,1,5,4,5,1,1,3,3,1,1,1,1,3,5,5,3,3,3,3,3,1,3,3,3,3,3,3,3,2,2,1,1,3,3,3,1,5,3,3,3,3,3,3,4,4,5,1,5,3,3,4,3,4,3,1,4,4,3,4,4,5,4,4,3
ID_R146,2,1,3,1,2,1,2,2,5,5,5,5,5,5,1,5,5,1,1,1,5,5,5,1,1,1,1,1,1,1,5,3,5,5,5,5,5,5,5,5,1,1,5,5,5,5,5,5,5,5,5,5,5,5,4,4,5,5,5,5,5,5,1,1,1,1,1,5,5,2,3,1,1,1,1,1,1,1,1,1,1,1,1,1,1,3,2,5,5,2
ID_R147,2,1,1,2,2,5,2,1,1,5,5,1,3,5,3,5,1,5,1,5,5,3,1,1,3,5,5,5,4,3,3,3,4,4,3,1,1,5,4,5,1,1,5,5,5,5,5,5,5,5,5,5,5,5,4,4,5,5,5,5,5,5,1,1,1,1,5,3,5,1,2,3,1,1,4,2,3,3,2,2,3,3,3,2,2,2,5,4,5,2
ID_R148,2,1,1,1,1,1,2,1,5,1,5,1,3,1,1,3,5,1,1,3,5,3,1,5,3,1,4,5,4,3,3,3,4,1,3,1,2,4,1,2,5,3,3,3,3,3,1,1,5,3,5,3,5,3,4,4,5,3,5,3,3,4,3,5,5,1,1,3,3,4,5,1,1,1,5,3,1,3,1,3,1,3,4,1,4,3,5,4,4,3
ID_R149,1,1,1,2,2,1,2,1,4,5,5,5,5,5,1,5,5,1,1,1,5,5,5,1,1,1,1,1,1,1,5,3,5,5,5,5,5,5,5,5,1,1,5,5,5,5,5,5,5,5,5,5,5,5,4,4,5,5,5,5,5,5,1,1,1,1,1,5,5,2,3,1,1,1,1,1,1,1,1,1,4,1,1,1,1,3,5,5,5,3
ID_R150,1,1,1,2,1,1,4,1,1,2,1,1,3,4,3,5,5,1,1,1,5,5,5,1,1,1,5,5,5,1,3,1,1,5,3,3,3,1,5,5,1,3,5,3,5,1,1,1,3,5,5,3,3,5,4,4,5,3,3,3,1,3,3,3,5,5,1,1,5,1,3,1,3,1,1,1,1,1,1,1,3,1,4,1,4,4,5,5,5,1
ID_R151,1,1,1,2,1,1,4,2,5,5,5,5,5,5,1,5,5,1,1,1,5,5,5,1,1,1,1,1,1,1,5,3,5,5,5,5,5,5,5,5,1,1,5,5,5,5,5,5,5,5,5,5,5,5,4,4,5,5,5,5,5,5,1,1,1,1,1,5,5,2,3,1,1,1,1,1,1,1,1,1,4,1,1,1,1,3,5,5,5,4
ID_R152,1,1,1,1,4,1,3,2,5,5,5,5,5,5,1,5,5,1,1,1,5,5,5,1,1,1,1,1,1,1,5,3,5,5,5,5,5,5,5,5,1,1,5,5,5,5,5,5,5,5,5,5,5,5,4,4,5,5,5,5,5,5,1,1,1,1,1,5,5,2,3,1,1,1,1,1,1,1,1,1,4,1,1,1,1,3,5,5,5,4
ID_R153,1,1,1,2,1,1,3,3,5,5,5,5,5,5,1,5,5,1,1,1,5,5,5,1,1,1,1,1,1,1,5,3,5,5,5,5,5,5,5,5,1,1,5,5,5,5,5,5,5,5,5,5,5,5,4,4,5,5,5,5,5,5,1,1,1,1,1,5,5,2,3,1,1,1,1,1,1,1,1,1,4,1,1,1,1,3,5,5,5,2
ID_R154,1,1,1,1,1,5,1,1,1,1,5,5,5,5,1,5,1,5,1,1,5,5,5,1,1,1,1,1,1,1,5,3,5,5,5,5,5,5,5,5,1,1,5,5,5,5,5,5,5,5,5,5,5,5,4,4,5,5,5,5,5,5,1,1,1,1,1,5,5,1,2,3,3,3,2,3,2,1,2,3,3,3,3,3,4,4,5,5,5,3
ID_R155,2,1,1,2,2,1,1,1,5,1,1,5,3,4,1,3,5,5,3,3,1,5,3,5,3,4,5,1,1,3,3,3,3,3,3,5,1,5,3,1,1,1,1,3,3,3,5,1,5,3,1,3,5,3,2,5,3,3,3,1,3,5,3,3,3,3,1,5,5,1,4,1,1,3,2,1,1,3,1,3,2,1,3,1,1,3,2,4,4,3
ID_R156,1,1,1,2,2,1,6,1,5,5,5,5,5,5,1,5,1,5,1,1,5,5,2,5,5,4,5,5,4,2,1,1,2,2,2,2,2,2,5,2,5,5,1,1,1,1,1,1,1,1,2,2,2,2,1,1,2,1,2,2,2,2,5,5,5,5,5,1,1,2,2,2,2,2,4,2,3,2,1,2,2,2,2,2,2,2,1,1,4,2
ID_R157,1,1,1,1,3,2,4,1,2,2,2,2,2,4,2,2,2,2,5,2,1,1,1,2,2,2,2,5,2,5,2,2,5,1,1,2,2,2,2,1,2,1,2,5,2,2,2,2,2,2,2,2,2,2,4,4,1,2,2,5,2,2,2,2,2,2,2,2,2,3,1,3,3,3,4,3,2,3,2,3,4,1,2,2,2,5,1,1,4,6
ID_R158,1,1,1,2,1,1,5,1,5,1,5,5,5,5,1,1,1,1,1,1,5,5,1,1,3,1,1,5,1,1,5,3,5,5,5,5,5,5,5,5,1,1,5,5,5,5,5,5,5,5,5,5,5,5,4,4,5,5,5,5,5,1,1,1,1,1,1,1,5,2,1,3,3,3,2,3,1,3,4,3,3,3,1,3,2,2,5,4,4,3
ID_R159,2,1,1,2,1,6,2,3,1,5,5,5,3,4,5,5,1,1,5,5,1,5,5,1,1,4,5,4,4,1,1,1,1,1,1,1,1,1,5,5,1,1,5,5,5,5,5,5,5,5,5,5,5,5,4,4,5,5,5,5,5,5,1,1,1,1,1,5,5,2,3,1,1,1,1,1,1,1,1,1,1,1,1,1,3,3,4,5,5,3
ID_R160,1,1,1,2,1,1,1,1,5,1,1,5,5,5,1,5,5,1,5,5,5,5,1,5,3,4,5,5,4,1,1,1,5,1,3,1,1,5,3,1,5,1,5,5,3,5,3,1,1,5,5,1,5,1,5,4,5,1,5,5,1,1,1,1,5,5,5,5,5,1,2,1,1,2,1,3,1,2,4,3,4,1,1,3,4,4,4,4,5,3
ID_R161,1,1,1,2,3,1,4,1,2,2,1,2,5,4,2,1,2,2,5,1,2,2,2,2,3,1,5,2,2,1,1,3,2,1,5,1,1,3,5,5,1,5,5,1,1,3,3,2,5,2,2,2,5,1,4,1,2,1,1,5,2,5,5,2,1,2,1,1,5,3,2,2,2,2,1,2,2,2,1,1,2,4,2,2,2,2,4,1,5,3
ID_R162,1,1,1,1,1,1,2,2,1,2,2,2,2,2,2,2,2,2,2,1,5,2,1,2,5,2,2,2,4,2,2,2,5,4,5,2,2,1,1,1,5,2,4,2,2,2,2,2,2,2,2,2,2,2,5,1,2,2,2,2,2,5,1,2,5,2,2,5,3,2,4,4,4,3,5,3,4,4,5,1,5,4,3,4,2,2,4,1,3,3
ID_R163,2,1,1,2,3,1,3,1,5,1,1,2,5,5,1,5,1,3,3,5,5,5,1,1,3,5,4,4,1,5,3,3,1,3,3,1,5,1,5,5,5,5,1,5,1,5,5,5,5,5,5,5,1,5,4,4,5,1,1,1,5,2,5,5,1,1,1,5,5,4,4,4,4,3,3,4,4,3,5,1,5,3,3,3,2,4,5,5,5,3
ID_R164,1,1,4,2,3,1,4,2,1,1,1,1,1,4,2,2,2,2,1,5,2,1,1,5,3,4,5,2,4,3,1,2,3,1,2,2,2,5,5,2,2,5,3,5,2,3,2,2,2,5,2,2,2,2,5,1,2,2,2,1,1,2,2,2,2,2,2,2,2,3,2,2,2,2,4,2,2,3,2,2,2,2,2,2,2,2,4,1,1,3
ID_R165,1,1,2,2,1,2,2,1,5,5,5,5,5,5,1,5,5,1,1,1,5,5,5,1,5,4,2,5,4,3,1,1,1,5,3,1,1,5,5,5,5,1,1,2,1,1,5,5,1,1,5,1,5,5,5,4,1,1,5,5,5,3,1,1,1,1,1,5,5,2,5,5,4,1,4,3,1,3,5,2,1,3,3,4,3,4,5,4,5,1
ID_R166,1,1,1,1,1,2,6,1,5,5,5,5,5,5,1,5,5,1,1,1,5,5,5,1,1,1,1,1,1,1,5,3,5,5,5,5,5,5,5,5,1,1,5,5,5,5,5,5,5,5,5,5,5,5,4,4,5,5,5,5,5,5,1,1,1,1,1,5,5,2,3,1,1,1,1,1,1,1,1,1,4,1,1,1,1,3,5,5,5,4
ID_R167,1,1,1,2,1,5,4,1,5,5,5,5,5,5,1,5,5,1,1,1,5,5,5,1,5,1,5,5,4,5,5,3,5,5,5,4,5,5,1,5,1,1,5,5,5,5,5,5,5,5,5,5,5,5,4,4,5,5,5,5,5,5,1,1,1,1,1,5,5,2,3,3,3,3,3,1,1,4,1,1,4,3,4,1,4,4,5,5,5,3
ID_R168,2,1,1,2,2,5,1,1,5,1,5,5,3,5,1,1,5,1,1,1,5,5,5,1,1,4,1,5,4,1,5,3,3,5,5,5,5,5,5,5,1,1,5,5,5,5,5,5,5,5,5,5,5,5,4,4,5,5,5,5,5,3,5,1,1,1,1,5,5,1,1,3,1,1,2,3,1,1,1,3,3,3,3,1,4,4,5,5,5,2
ID_R169,1,2,1,1,1,2,1,1,5,5,1,5,1,5,5,5,5,1,1,1,5,5,3,3,5,5,4,4,1,1,3,5,3,5,3,1,5,5,3,5,1,3,5,3,5,3,5,3,3,3,3,5,5,3,4,4,5,3,5,5,3,5,3,1,3,1,1,5,3,1,3,1,1,1,2,3,4,3,1,3,4,1,1,3,4,4,5,2,2,2
ID_R170,1,2,1,2,1,1,3,1,1,5,5,5,5,5,1,5,5,1,1,1,5,5,5,5,5,1,4,1,4,3,5,3,3,1,5,5,1,5,5,3,4,1,5,5,3,5,5,5,5,3,5,3,5,5,4,4,5,1,1,5,5,5,1,1,1,1,1,5,5,1,3,3,1,3,3,3,1,2,4,1,3,1,1,1,4,3,4,2,5,2
ID_R171,1,1,1,2,3,1,3,1,5,5,5,5,5,5,1,5,5,1,1,1,5,5,5,1,3,5,4,4,5,3,3,5,3,3,3,3,3,3,3,3,4,3,3,3,3,3,3,3,3,3,5,5,5,5,4,4,5,5,5,5,5,5,1,1,1,1,1,5,5,2,3,1,2,1,1,1,1,1,1,1,4,1,1,1,1,3,5,2,5,2
ID_R172,1,1,1,2,4,6,3,3,1,2,1,5,1,4,5,1,2,1,1,5,2,5,2,3,5,2,2,5,4,2,2,2,2,2,5,1,5,5,5,5,4,3,1,3,5,4,5,5,5,3,2,2,2,1,1,5,1,1,2,2,2,2,5,2,5,2,2,2,2,3,2,4,4,3,2,3,2,3,2,2,3,5,2,2,4,2,4,4,1,2
ID_R173,1,1,1,2,2,8,2,3,2,1,1,1,1,4,5,1,1,5,5,5,1,1,1,5,5,4,5,5,4,5,1,1,1,1,1,1,2,1,1,1,5,1,1,1,1,5,5,5,5,5,5,5,1,1,5,5,2,1,1,1,1,1,5,1,2,2,2,2,5,1,1,1,1,1,1,2,3,3,1,1,4,1,1,1,1,3,4,1,5,3
ID_R174,2,1,1,1,3,4,2,1,2,5,5,5,5,5,1,5,5,1,1,1,5,5,5,1,1,3,2,2,4,1,5,3,5,5,5,5,1,5,1,1,2,5,3,5,1,5,5,5,5,5,1,1,1,1,5,5,1,1,1,1,1,2,2,2,5,1,1,1,5,4,4,3,3,1,1,4,1,1,1,3,3,1,1,2,2,2,5,5,5,2
ID_R175,1,1,1,2,2,5,1,1,4,4,5,5,3,5,5,5,5,5,1,1,5,5,3,1,3,4,4,1,1,3,5,5,4,3,3,5,5,5,3,5,1,3,3,5,3,3,3,5,3,3,3,3,3,3,2,4,5,5,3,3,5,3,1,1,3,3,1,5,5,1,1,3,4,1,3,1,4,1,1,1,4,1,4,4,4,4,5,5,2,2
ID_R176,1,1,2,2,2,1,1,1,4,4,3,3,3,4,3,1,3,5,5,3,1,3,3,1,3,5,4,5,1,3,5,5,1,1,3,3,1,3,5,3,1,5,1,3,1,3,3,5,1,3,3,5,1,2,2,2,3,5,1,5,3,3,3,5,3,5,3,5,3,1,4,3,4,3,2,4,2,4,2,3,2,1,4,3,1,4,5,2,4,2
ID_R177,1,1,1,2,1,2,1,1,2,1,1,1,1,1,5,1,1,5,5,5,5,1,1,5,3,5,4,4,4,3,1,5,5,3,5,3,5,5,1,1,5,3,5,5,1,5,2,1,1,1,5,5,5,5,5,4,1,3,1,1,5,1,5,5,1,5,5,1,1,2,1,3,1,3,1,1,2,1,4,3,4,1,3,1,2,2,4,5,1,2
ID_R178,1,2,1,1,1,1,2,1,2,2,2,2,1,4,1,5,5,1,5,2,5,2,2,5,1,2,5,1,1,1,5,3,5,5,3,2,1,1,1,1,2,3,5,4,5,3,3,2,2,2,1,1,5,2,1,1,2,1,2,1,1,5,1,1,1,1,1,2,1,3,4,3,1,2,3,2,1,1,5,2,2,1,2,5,4,2,1,5,4,4
ID_R179,1,1,1,2,2,1,4,1,1,5,1,2,1,5,5,5,5,1,1,5,1,5,5,1,3,1,1,1,4,5,5,3,5,5,5,5,5,5,3,5,1,1,5,5,5,5,5,5,5,5,5,5,5,5,4,4,5,5,5,5,5,5,1,1,3,1,1,5,5,1,2,1,1,3,3,1,1,1,1,1,4,3,3,3,2,3,5,5,4,2
ID_R180,1,1,1,2,1,2,4,1,1,1,2,1,1,4,5,2,2,5,2,2,5,1,2,1,1,1,1,1,1,1,5,3,5,3,3,3,1,3,3,3,4,3,3,4,3,3,1,1,1,3,1,1,1,2,5,4,2,2,2,2,2,2,5,3,5,1,1,5,5,3,1,1,3,1,1,2,2,3,2,5,4,2,3,2,2,2,1,2,1,4
ID_R181,1,1,1,1,1,5,2,1,5,4,1,1,5,5,1,5,5,5,3,1,3,3,1,1,1,1,1,1,1,1,5,3,5,5,3,1,3,3,5,5,1,1,5,5,5,5,5,5,5,5,3,5,5,5,4,2,5,3,5,5,5,2,1,1,1,1,1,5,5,2,2,3,3,3,4,3,2,3,2,3,2,1,2,2,2,4,5,5,5,3
ID_R182,2,1,1,2,2,1,5,2,5,4,3,3,5,1,3,4,4,4,1,4,4,4,4,4,1,4,5,5,1,1,5,3,5,1,5,1,5,1,3,5,1,5,5,1,1,5,3,5,5,1,1,5,5,5,5,5,5,5,1,5,5,1,1,5,1,5,1,5,5,2,3,1,1,5,1,4,4,4,4,2,3,1,1,4,1,3,3,5,5,2
ID_R183,2,1,1,2,1,1,3,1,5,4,1,1,5,5,3,5,1,5,1,5,5,5,1,3,5,5,1,5,1,5,5,1,5,1,3,5,1,5,3,5,4,3,3,5,3,5,3,5,3,3,1,5,1,5,5,4,1,1,1,1,5,5,5,5,1,1,1,1,1,1,3,3,3,3,4,3,2,3,1,3,2,3,3,3,2,4,5,4,5,3
ID_R184,1,1,1,2,2,5,2,1,5,5,1,1,1,4,1,1,1,1,1,1,5,5,5,1,3,1,4,5,2,1,5,5,5,3,1,3,1,5,5,3,1,4,4,3,5,3,3,3,5,3,3,5,3,3,2,2,5,5,5,5,5,4,3,3,3,3,3,3,3,1,1,3,3,1,3,2,2,2,2,3,2,2,2,3,4,2,5,5,2,3
ID_R185,2,1,1,1,1,6,5,3,4,4,4,3,4,1,4,3,4,3,4,3,4,3,4,3,3,3,4,3,5,4,3,4,3,4,3,4,5,3,5,3,1,3,5,3,5,3,5,3,5,5,3,5,3,5,2,4,3,5,3,5,3,3,1,3,1,3,4,3,3,1,1,3,3,3,2,3,2,3,2,2,2,2,2,3,2,4,3,5,3,5
ID_R186,2,1,1,2,2,5,2,1,4,4,3,3,3,1,3,3,3,3,3,3,3,3,3,3,1,1,1,1,1,1,5,3,5,5,5,5,5,5,5,5,1,3,5,3,5,3,3,5,5,3,3,3,3,3,2,2,3,3,3,3,3,3,3,3,3,3,3,3,3,1,1,3,3,3,2,3,2,3,2,2,3,3,3,3,1,4,2,5,2,2
ID_R187,2,1,1,1,3,1,2,1,5,5,5,5,5,5,1,5,5,1,1,1,5,5,5,1,1,4,5,1,4,5,5,3,1,1,5,5,5,5,5,5,1,1,5,5,5,5,5,5,5,5,5,5,5,5,4,4,5,5,5,5,5,5,1,1,1,1,1,5,5,2,1,1,1,1,1,1,1,1,1,1,1,3,1,1,1,4,5,5,5,1
ID_R188,1,1,1,2,2,1,1,1,5,5,5,5,5,5,1,5,5,1,1,1,5,5,5,1,3,1,4,1,5,1,3,4,4,4,5,5,3,5,5,3,3,4,4,3,3,4,4,4,3,4,5,1,5,5,4,2,3,3,3,5,3,5,1,1,1,3,3,3,3,2,1,2,3,2,1,3,1,1,4,1,4,3,3,1,2,4,5,2,2,6
ID_R189,2,1,1,2,2,1,5,1,1,5,1,5,3,5,3,3,5,1,1,3,3,3,3,3,3,5,4,4,5,3,3,5,3,3,3,5,3,3,3,3,4,3,3,3,3,3,3,3,3,3,3,3,3,3,2,2,3,3,3,3,3,3,3,3,3,3,3,3,3,1,2,1,3,3,2,3,2,2,4,3,4,1,3,3,4,3,2,2,2,2
ID_R190,2,1,1,2,2,1,5,1,1,5,1,5,5,4,1,5,1,1,1,5,1,3,1,1,3,1,1,1,4,5,5,5,1,1,5,5,1,5,3,1,1,1,3,3,1,5,1,5,3,3,5,1,5,5,4,4,1,5,5,1,1,1,5,5,1,1,1,1,1,2,1,3,1,3,1,3,1,2,4,2,1,3,3,1,2,4,2,5,5,4
ID_R191,2,1,1,1,2,1,2,3,1,1,5,2,1,4,1,5,1,1,5,5,1,3,5,1,5,1,5,4,1,1,3,3,1,1,1,5,1,1,5,1,1,3,1,5,5,1,1,1,5,5,5,5,3,3,5,5,1,5,1,5,5,1,3,1,1,1,5,1,5,4,3,1,1,1,5,5,1,4,4,2,2,3,3,3,2,3,5,4,4,1
ID_R192,1,1,1,2,1,1,3,1,4,4,3,3,5,5,1,3,1,1,1,1,5,3,3,1,5,4,5,5,4,1,5,1,3,5,5,1,5,5,5,1,5,1,3,5,5,5,1,5,5,3,3,3,5,3,4,4,1,1,1,1,3,1,1,5,3,3,4,2,3,5,3,3,3,3,3,1,4,2,5,2,3,3,1,2,4,4,4,5,4,3
ID_R193,2,1,1,2,2,1,5,1,2,2,5,5,3,1,3,3,3,3,4,4,4,4,4,4,4,3,3,3,5,4,4,4,4,4,4,4,4,4,4,3,3,4,4,4,4,4,4,4,4,4,4,4,4,4,3,3,4,3,3,5,5,3,3,4,4,4,4,5,3,2,3,4,1,1,1,1,1,1,1,1,4,1,1,2,2,2,3,3,2,3
ID_R194,1,1,1,2,1,1,4,1,1,1,2,2,2,4,2,1,1,2,2,2,1,1,1,5,3,4,5,5,5,3,1,3,4,4,3,1,2,2,3,1,2,4,3,2,2,2,2,2,2,2,2,2,2,2,1,4,1,1,2,2,2,4,4,4,1,4,4,4,4,2,3,1,1,1,1,1,1,1,1,1,4,1,1,1,1,3,4,1,3,1
ID_R195,1,1,1,2,1,1,5,1,4,4,3,3,3,1,3,5,5,1,3,3,3,3,5,3,5,1,1,1,1,3,1,3,5,5,3,5,5,3,3,5,1,3,5,5,3,3,3,5,5,5,5,1,3,5,2,2,3,5,5,5,5,3,3,1,1,3,3,3,5,1,1,3,3,3,2,1,2,3,2,3,3,5,2,1,4,3,2,5,2,2
ID_R196,1,1,1,1,3,1,2,1,2,2,2,2,1,2,2,2,1,2,2,2,1,1,1,5,2,2,2,5,4,2,2,2,1,1,1,1,5,5,1,1,5,5,5,1,1,2,3,2,1,2,1,1,1,1,5,1,1,2,5,5,2,1,1,1,3,5,5,1,1,2,1,3,1,1,2,2,2,2,5,2,3,3,3,2,2,4,4,5,1,4
ID_R197,1,1,1,2,3,1,2,3,3,4,3,3,5,1,1,3,3,3,3,3,1,5,1,1,3,1,4,4,5,1,3,3,3,3,3,5,3,3,5,5,1,3,5,5,1,3,5,3,5,3,1,1,5,5,4,4,5,5,5,5,5,2,1,1,1,1,1,5,5,2,1,1,1,3,2,3,2,1,4,1,4,1,1,1,2,3,5,2,5,6
ID_R198,2,1,1,2,3,4,2,1,1,1,1,1,5,5,1,5,1,1,3,1,5,3,1,5,1,4,5,1,4,1,5,3,1,1,1,5,1,3,5,1,5,5,1,5,5,5,5,3,3,5,5,2,1,1,4,4,5,5,5,5,5,2,5,2,5,1,1,5,5,4,3,1,3,1,1,2,1,1,1,1,4,3,4,1,2,2,5,4,4,4
ID_R199,1,1,1,1,1,1,1,1,4,5,5,3,5,3,4,4,4,4,4,3,3,4,4,4,3,4,4,5,2,4,3,3,1,1,1,3,2,4,4,5,4,4,4,3,3,4,4,5,4,5,1,4,3,3,3,2,3,5,3,4,3,3,4,5,3,4,4,4,4,3,2,1,2,5,5,2,4,2,4,2,3,2,2,1,2,5,3,2,1,4
ID_R200,2,1,1,2,1,1,5,1,1,1,1,2,2,4,2,2,2,2,2,2,2,2,2,2,1,4,2,2,2,2,2,2,2,2,1,2,2,2,5,1,5,3,1,1,3,1,1,1,1,1,1,1,1,1,5,5,1,1,1,1,1,2,2,2,2,2,2,2,2,2,3,3,3,3,2,3,2,3,4,3,4,2,3,2,4,4,1,1,1,3
ID_R201,1,1,1,2,1,1,4,3,4,4,1,1,3,1,3,3,1,3,3,3,3,4,1,4,4,5,4,4,5,3,3,4,3,3,5,3,3,3,3,3,4,3,3,3,3,3,3,3,3,3,3,3,3,1,2,3,3,1,3,3,3,3,3,3,3,3,3,3,3,1,1,1,2,2,1,2,1,3,5,3,3,3,2,2,2,2,2,2,1,2
ID_R202,1,1,1,2,2,5,1,1,4,1,5,1,3,5,1,3,3,1,1,3,1,4,3,1,3,5,1,1,5,4,1,3,1,1,5,1,3,5,3,5,5,5,1,3,1,5,1,3,5,1,3,5,1,1,4,5,5,1,1,5,1,2,5,2,2,1,5,5,1,4,1,4,1,5,1,3,1,4,2,3,2,1,4,3,4,4,2,4,4,4
ID_R203,1,1,1,2,2,1,1,1,1,1,3,3,5,5,1,5,4,3,3,1,3,3,1,3,5,4,2,5,2,3,1,2,3,1,3,2,1,3,5,4,4,1,1,1,3,1,1,4,3,3,3,3,3,3,2,2,4,1,3,3,3,4,3,5,3,1,5,3,1,1,2,1,1,1,1,2,1,2,2,2,3,1,3,2,2,4,5,5,1,3
ID_R204,1,1,1,2,2,1,2,1,5,5,5,5,5,5,1,5,5,1,1,1,5,5,5,1,1,1,1,1,1,1,5,3,3,5,5,5,5,5,5,5,1,1,5,5,5,5,5,5,5,5,1,1,1,1,4,4,1,1,5,1,3,2,3,1,3,1,3,5,5,2,2,3,1,1,1,1,2,3,5,3,3,3,3,2,1,1,5,4,4,4
ID_R205,2,1,1,2,1,1,3,2,5,5,5,5,1,5,5,5,5,1,1,1,5,5,5,1,5,4,1,1,1,1,1,3,5,5,5,5,1,5,5,5,1,1,5,5,5,5,1,5,5,5,5,5,5,5,4,4,5,5,5,5,5,5,1,1,1,1,1,5,5,2,1,1,1,1,2,3,1,1,1,3,4,1,1,1,1,3,5,5,5,4
ID_R206,2,1,1,2,2,1,4,1,1,4,5,3,3,1,3,1,3,3,4,1,3,3,3,3,3,4,5,5,4,3,1,5,4,3,3,1,3,3,4,3,3,3,3,3,3,4,1,3,3,3,5,3,3,3,2,2,3,3,3,3,3,3,3,3,3,3,3,3,3,2,2,3,4,1,5,1,1,2,4,2,3,1,3,1,4,4,2,4,2,2
ID_R207,1,1,1,2,1,1,3,1,5,5,3,3,5,1,1,3,3,1,3,3,3,3,1,3,1,4,1,5,5,3,3,1,3,5,3,5,3,5,3,3,4,1,5,3,3,3,3,3,3,3,3,3,3,3,2,2,3,3,3,3,3,3,3,3,3,1,1,5,5,1,2,1,3,2,2,2,4,2,1,2,4,1,3,2,4,2,2,2,2,2
ID_R208,1,1,1,2,1,6,3,3,4,4,3,5,3,1,1,5,3,1,3,1,5,3,5,3,1,1,1,5,4,1,1,3,5,5,5,5,5,3,5,5,1,1,5,5,5,5,1,1,5,1,5,5,5,5,4,5,5,1,5,5,1,2,5,5,1,5,1,5,5,2,4,3,3,1,1,1,1,4,4,3,4,3,1,3,4,4,5,4,4,3
ID_R209,1,1,1,2,3,5,1,1,5,5,3,1,1,1,3,1,5,5,3,1,1,5,1,5,5,5,1,5,4,1,1,3,1,3,3,3,3,3,3,3,4,3,5,5,5,3,1,1,5,3,5,1,5,3,2,4,1,1,1,1,1,2,2,5,1,1,5,1,3,1,1,3,3,3,1,3,2,3,4,3,3,3,3,3,2,4,5,2,2,2
ID_R210,2,1,1,2,1,5,2,1,1,1,1,1,1,4,5,1,5,5,3,5,5,3,3,5,3,4,4,3,4,1,3,3,4,3,3,1,1,3,3,1,5,1,3,5,3,3,5,5,3,3,3,3,5,3,2,4,3,1,3,3,1,1,5,5,1,1,1,2,1,2,3,3,3,3,1,2,2,2,4,2,1,2,3,3,4,4,5,5,5,3
ID_R211,1,1,1,2,1,1,2,5,5,5,5,5,5,5,1,5,5,1,1,1,5,5,5,1,1,1,1,1,1,1,5,3,5,5,5,5,5,5,5,5,1,1,5,5,5,5,5,5,5,5,5,5,5,5,4,4,5,5,5,5,5,5,1,1,1,1,1,5,5,2,3,1,1,1,1,1,1,1,1,1,4,1,1,1,1,3,5,5,5,3
ID_R212,1,1,1,2,2,5,2,4,1,2,1,2,5,4,2,5,2,2,1,5,5,5,2,5,1,4,4,1,1,5,5,1,5,1,1,1,5,1,5,3,4,3,3,3,5,3,3,3,3,3,1,3,5,5,2,2,5,3,1,5,1,1,5,5,5,5,5,1,1,1,2,3,3,2,2,3,2,3,1,3,2,3,3,3,2,1,4,4,4,5
ID_R213,2,1,1,2,3,1,5,1,5,5,5,5,3,1,1,5,3,3,3,1,3,3,1,5,3,1,4,5,4,3,3,5,4,4,3,3,5,3,3,3,4,3,3,3,3,3,3,3,3,3,5,5,5,3,4,4,3,5,5,3,1,2,1,1,1,1,1,5,5,4,3,3,3,3,4,2,5,4,4,2,4,2,1,4,3,2,5,2,5,3
ID_R214,1,1,1,2,1,2,5,1,2,2,2,2,1,2,5,2,2,2,5,5,2,2,2,2,2,2,2,2,2,5,2,2,2,2,2,1,2,2,5,1,2,2,1,1,2,3,5,1,1,1,1,2,1,5,5,5,2,1,1,1,2,2,5,5,5,5,1,2,2,1,2,3,2,3,2,2,2,2,1,2,3,2,3,1,4,2,1,1,1,1
ID_R215,1,1,1,1,1,1,1,5,2,4,1,3,1,4,1,1,1,3,1,1,5,5,5,1,3,4,4,4,1,2,5,5,1,5,3,5,5,3,1,1,5,1,1,5,5,1,3,1,1,1,2,1,1,1,5,2,5,5,1,1,1,1,5,1,3,5,3,3,3,2,5,1,1,5,2,3,2,5,5,3,3,3,3,3,4,3,5,1,5,6
ID_R216,1,1,1,2,1,1,3,1,4,5,4,4,3,1,1,5,3,4,4,3,5,3,3,3,3,5,4,4,5,1,5,3,5,3,3,3,5,3,1,4,3,4,4,4,4,4,3,5,4,4,5,3,3,3,4,2,3,3,3,5,3,4,3,4,4,3,1,3,4,2,2,1,3,2,1,3,1,3,1,2,2,2,3,1,4,2,3,5,5,2
ID_R217,1,1,1,2,2,1,2,1,1,1,5,2,1,4,5,1,5,5,3,5,1,5,1,5,3,1,1,5,1,5,1,3,5,5,1,1,1,5,1,5,5,3,3,3,3,3,1,3,1,3,3,2,1,1,5,5,2,1,1,1,1,3,3,2,5,5,5,5,1,3,2,2,2,2,1,4,2,3,2,2,2,1,2,2,3,2,4,1,4,2
ID_R218,1,1,1,2,3,5,1,1,5,5,3,1,5,1,3,1,5,5,3,1,5,5,1,5,5,5,1,5,4,1,1,3,1,3,3,1,3,3,3,3,1,3,5,5,3,3,3,1,5,3,5,1,5,5,2,2,3,5,3,5,5,2,2,5,1,1,5,5,5,1,1,3,3,3,1,3,2,3,2,3,3,3,2,2,4,2,5,2,5,2
ID_R219,2,1,1,1,3,2,2,2,1,4,2,2,2,4,2,2,2,2,2,2,2,2,2,2,2,2,2,2,2,2,2,2,2,3,4,2,2,2,2,2,2,2,1,2,1,2,2,2,3,5,2,2,2,2,1,5,5,5,1,1,1,2,2,5,2,2,2,2,2,2,2,2,2,2,4,2,3,2,3,2,2,2,2,2,2,2,1,1,1,2
ID_R220,1,1,1,1,1,2,1,1,1,1,1,1,5,5,1,5,1,5,5,1,5,5,1,1,3,1,1,1,1,3,3,3,1,5,3,1,5,5,5,5,5,5,5,5,5,5,5,5,5,5,5,5,5,5,4,4,5,5,5,5,1,1,1,5,1,1,1,5,5,2,3,1,1,5,3,1,1,3,4,3,4,3,1,2,4,1,5,5,4,1
ID_R221,1,1,1,2,1,5,2,1,5,5,5,5,5,5,1,5,5,1,1,1,5,5,5,1,1,1,1,1,1,1,5,3,5,5,5,5,5,5,5,5,1,1,5,5,5,5,5,5,5,5,5,5,5,5,4,4,5,5,5,5,5,5,1,1,1,1,1,5,5,2,3,1,1,1,1,1,1,1,1,1,4,1,1,1,1,3,5,5,5,2
ID_R222,2,1,1,2,1,1,1,2,5,5,5,5,5,5,1,5,5,1,1,1,5,5,5,1,5,4,1,1,1,1,5,3,5,5,5,5,5,5,5,5,1,1,5,5,5,5,5,5,5,5,5,5,5,5,4,4,5,5,5,5,5,5,1,1,1,1,1,5,5,2,3,1,1,1,1,1,1,1,1,1,4,1,1,1,1,3,5,5,5,2
ID_R223,2,1,1,2,2,1,1,1,5,5,5,5,5,5,1,5,5,1,1,1,5,5,5,1,1,1,1,1,1,1,5,3,5,5,5,5,5,5,5,5,1,1,5,5,5,5,5,5,5,5,5,5,5,5,4,4,5,5,5,5,5,5,1,1,1,1,1,5,5,2,3,1,1,1,1,1,1,1,1,3,2,2,2,2,2,2,5,5,5,3
ID_R224,1,2,1,2,1,2,1,1,1,5,1,1,5,5,1,5,5,5,1,1,1,5,5,1,5,4,5,5,4,5,1,1,1,1,1,1,1,1,5,1,5,1,1,1,1,1,1,1,1,1,1,1,1,1,5,5,1,1,1,1,1,5,1,1,1,1,1,5,5,2,3,1,1,1,1,1,1,1,1,1,4,1,1,1,1,3,5,4,5,2
ID_R225,1,1,1,1,1,5,3,1,1,1,1,5,5,5,5,5,5,1,3,1,5,5,3,1,3,1,1,1,4,3,1,5,3,5,1,5,3,5,3,5,1,4,3,5,1,3,1,1,1,5,1,5,1,5,5,4,1,5,5,5,5,2,5,1,1,5,5,3,1,1,2,1,1,1,2,1,2,2,2,2,2,3,3,2,2,2,5,4,1,2
ID_R226,2,1,1,2,1,5,3,1,2,2,2,2,2,2,2,2,2,2,2,2,2,2,2,2,2,2,2,2,2,2,2,2,2,2,2,2,2,2,2,2,2,2,2,2,2,2,2,2,2,2,2,2,2,2,1,1,2,2,2,2,2,2,2,2,2,2,2,2,2,1,1,3,3,3,2,2,2,2,2,2,3,2,3,2,2,3,1,1,1,1
ID_R227,1,1,1,2,1,1,4,2,5,5,5,5,5,5,1,5,5,1,1,1,5,5,5,1,1,1,1,1,1,1,5,3,5,5,5,5,5,5,5,5,1,1,5,5,5,5,5,5,5,5,5,5,5,5,4,4,5,5,5,5,5,5,1,1,1,1,1,5,5,2,3,1,1,1,1,1,1,1,1,2,3,3,3,3,4,4,5,5,5,3
ID_R228,2,1,1,2,1,5,1,1,3,3,5,5,4,3,3,3,3,3,4,4,4,3,5,4,3,5,1,1,1,3,3,5,4,3,4,4,4,4,4,4,3,4,4,4,4,4,4,4,4,4,3,4,4,4,3,3,4,4,4,4,4,4,4,4,4,4,4,4,3,3,2,1,1,1,3,2,4,3,4,1,3,2,5,1,2,2,2,3,5,2
ID_R229,1,1,1,2,1,2,4,2,5,1,1,5,1,5,3,1,5,1,1,5,5,5,1,3,3,1,5,2,4,1,1,2,3,1,5,2,5,5,5,5,1,1,5,5,5,5,5,5,5,5,1,1,2,1,5,5,2,1,1,2,1,5,1,1,1,1,1,1,5,1,1,1,1,3,1,3,2,2,2,3,3,3,2,2,1,2,5,5,4,5
ID_R230,1,2,1,2,1,2,1,1,5,1,5,3,3,5,1,5,5,1,3,1,5,5,3,3,5,1,5,2,2,5,1,1,1,1,1,1,1,1,3,5,1,1,1,5,1,3,1,5,5,5,3,1,5,3,2,4,5,1,5,5,5,1,1,5,3,3,1,2,3,1,2,2,3,2,1,2,4,2,1,2,2,1,2,2,2,3,5,4,4,3
ID_R231,1,1,1,2,1,2,4,1,1,1,1,1,1,4,5,1,1,5,5,5,1,1,1,5,1,1,1,5,4,1,5,3,5,5,5,5,1,5,5,1,5,5,1,5,1,5,1,5,1,1,5,5,1,1,1,4,1,5,5,5,5,5,1,1,1,1,1,5,5,1,1,2,2,2,2,2,2,2,1,2,3,2,2,2,2,2,4,5,5,2
ID_R232,1,1,1,2,1,1,3,1,5,5,5,5,5,5,3,5,5,1,1,1,5,5,5,1,1,1,1,4,1,1,3,5,3,5,3,1,5,5,3,5,1,1,5,3,5,3,5,5,5,5,5,5,5,5,4,4,5,5,5,5,5,5,1,1,1,1,1,5,5,2,3,1,1,5,2,3,1,2,4,3,4,3,3,3,2,4,5,5,5,3
ID_R233,1,1,1,2,1,1,1,3,1,1,1,5,3,5,5,5,5,5,5,2,2,2,2,5,3,1,5,4,5,4,5,5,2,3,5,3,3,3,1,2,2,1,3,5,2,4,1,1,5,1,2,2,2,2,5,1,2,1,1,5,5,3,3,3,1,1,3,4,5,1,1,3,3,3,4,2,2,2,5,3,2,3,1,2,4,2,1,2,5,2
ID_R234,1,1,1,1,1,1,1,1,5,1,1,1,3,5,2,5,1,3,5,1,2,5,5,3,4,4,4,5,2,5,1,3,3,3,3,1,5,3,3,5,5,5,1,3,1,3,3,3,5,3,3,2,5,3,5,4,5,1,3,5,3,2,1,5,3,1,3,3,3,2,1,1,5,5,1,3,2,3,5,3,4,4,5,3,4,4,4,1,4,4
ID_R235,1,2,1,2,2,2,2,2,1,5,5,5,3,3,5,5,5,2,1,1,2,1,1,1,3,2,4,4,4,2,5,3,3,3,5,5,5,5,1,1,5,5,3,5,1,3,3,1,3,5,5,2,1,2,4,4,1,2,1,5,1,2,2,2,1,1,2,3,5,2,3,3,1,1,2,3,2,2,2,3,2,3,1,1,1,3,3,1,1,4
ID_R236,2,1,1,2,1,2,5,1,5,1,2,3,3,5,5,3,5,2,5,5,1,3,1,1,5,4,2,2,2,5,2,2,2,2,1,1,2,5,1,2,2,2,1,5,2,5,2,2,1,5,3,1,1,1,4,4,2,5,5,5,2,3,1,5,3,5,1,2,5,5,1,5,5,1,3,1,4,2,5,3,5,1,4,2,4,4,4,5,1,2
ID_R237,2,1,1,2,3,1,1,3,1,1,1,1,5,4,1,5,5,2,2,1,5,1,5,4,5,2,2,2,2,1,2,1,3,2,5,1,3,3,1,2,5,5,5,5,1,3,2,5,2,2,1,2,2,5,5,1,2,2,1,2,2,2,5,2,5,2,5,2,2,4,3,3,4,5,3,4,5,4,5,1,3,1,3,2,2,4,2,5,1,2
ID_R238,2,1,1,2,1,1,1,3,1,1,1,1,1,4,5,1,1,5,5,5,5,5,1,1,3,1,1,1,1,3,5,3,1,5,5,5,5,5,3,1,1,1,5,5,5,5,3,5,3,3,3,5,5,1,4,4,5,5,5,5,5,3,1,1,5,1,1,3,5,2,2,2,2,3,4,2,2,3,2,2,2,2,2,2,2,2,2,4,4,3
ID_R239,1,1,1,2,2,1,2,1,5,1,5,1,1,5,5,5,1,1,1,5,5,1,1,1,1,1,1,5,1,1,5,3,1,5,5,5,5,5,5,5,1,1,5,3,5,5,5,5,3,3,1,5,1,5,5,5,5,1,1,1,1,1,5,1,1,1,5,5,5,2,1,1,1,3,1,2,2,1,4,2,4,3,1,3,1,4,5,5,5,3
ID_R240,1,1,1,2,1,1,3,1,2,2,1,1,1,4,5,2,1,2,2,2,2,5,2,2,1,4,1,5,4,5,1,1,1,1,1,5,1,1,1,1,5,5,3,1,3,5,5,5,5,5,5,5,5,5,4,4,5,5,5,5,5,5,1,1,1,1,1,5,5,2,1,3,3,3,2,3,2,3,2,3,4,3,1,1,1,3,1,5,5,4
ID_R241,2,1,1,2,3,1,2,1,5,5,5,5,5,5,1,5,5,1,1,1,5,5,5,1,1,1,1,1,1,1,5,3,5,5,5,5,5,5,5,5,1,1,5,5,5,5,5,5,5,5,5,5,5,5,4,4,5,5,5,5,5,5,1,1,1,1,1,5,5,2,3,1,1,1,1,1,1,1,1,1,4,1,1,1,1,3,5,5,5,3
ID_R242,1,1,1,2,1,1,1,1,1,5,2,1,5,1,3,1,1,5,5,1,1,3,2,1,5,4,5,1,4,5,5,5,1,2,3,1,2,2,5,1,5,3,3,5,1,3,4,1,5,1,3,2,5,5,5,5,2,1,1,5,5,2,5,1,5,1,1,1,3,2,2,2,1,3,4,4,4,2,5,3,4,4,5,2,2,2,5,1,1,3
ID_R243,1,1,1,2,2,6,2,1,1,5,2,1,1,1,3,1,1,1,3,1,1,3,2,1,5,1,5,1,4,5,2,5,1,2,3,1,2,2,3,1,5,1,3,3,1,3,4,2,5,1,3,2,2,5,4,5,2,1,1,1,5,2,2,5,2,1,1,5,3,4,2,2,1,1,4,2,1,2,5,3,4,5,5,2,2,2,5,1,1,2
ID_R244,1,1,1,2,1,1,4,1,4,4,5,1,3,5,4,1,4,1,3,1,4,2,3,1,3,4,4,1,2,4,3,5,5,3,4,4,5,3,4,4,4,3,4,3,3,5,3,3,5,5,5,5,1,3,4,2,3,4,3,1,3,4,3,3,4,1,3,4,3,2,1,3,1,5,2,3,1,3,2,4,1,3,3,1,4,1,5,4,2,2
ID_R245,2,1,1,1,2,1,4,3,4,4,3,3,3,1,3,3,3,3,3,3,3,3,3,3,1,4,1,5,4,5,1,1,1,1,1,1,1,1,3,5,1,5,3,1,3,3,3,3,3,3,3,3,3,3,5,2,3,3,5,3,5,1,3,3,3,1,1,5,3,1,1,3,3,3,1,3,2,1,2,3,3,3,3,3,4,4,2,4,2,3
ID_R246,2,1,1,2,1,1,2,1,5,5,5,5,5,5,1,5,5,1,1,1,5,5,5,1,1,1,1,1,1,1,5,3,5,5,5,5,5,5,5,5,1,1,5,5,5,5,5,5,5,5,5,5,5,5,4,4,5,5,5,5,5,5,1,1,1,1,1,5,5,2,3,1,1,1,1,1,1,1,1,2,4,1,1,1,2,4,5,5,5,2
ID_R247,1,1,1,2,1,1,4,1,1,5,5,5,5,5,1,5,5,1,1,5,1,1,1,1,5,4,5,2,4,3,1,1,1,1,5,1,1,5,5,5,5,1,1,5,5,5,5,5,5,5,5,5,5,5,4,4,5,1,1,5,1,2,5,5,5,1,1,1,5,4,3,5,1,1,1,4,1,3,4,1,4,1,1,1,1,3,5,1,4,3
ID_R248,1,1,1,1,2,2,1,1,5,4,5,3,3,1,3,3,5,3,3,3,3,3,3,3,3,5,4,4,5,3,3,5,3,3,3,5,3,5,3,3,1,3,3,3,3,3,3,3,3,3,3,3,5,3,2,2,3,3,3,3,3,5,1,1,1,1,3,3,3,2,3,1,1,1,1,1,1,1,1,3,4,1,1,1,1,3,2,2,2,1
ID_R249,2,1,1,2,3,1,1,4,5,5,5,5,5,5,1,5,5,1,1,1,5,5,5,1,1,1,1,1,1,1,5,3,5,5,5,5,5,5,5,1,1,1,5,5,5,5,5,5,5,5,5,5,5,5,4,4,5,5,5,5,5,5,1,1,1,1,1,5,5,2,3,1,1,1,1,1,1,1,1,1,4,1,1,1,1,3,5,5,5,3
ID_R250,2,1,1,2,1,1,5,1,1,5,1,1,5,5,1,5,5,1,1,1,5,5,5,1,1,1,1,1,1,1,5,3,5,5,5,5,5,5,5,5,1,1,5,5,5,5,5,5,5,5,5,5,5,5,4,4,5,5,5,5,5,5,1,1,1,1,1,5,5,2,3,1,1,1,1,1,1,1,1,3,4,1,1,1,1,3,5,5,5,4
ID_R251,1,1,1,2,3,3,2,4,5,5,1,1,1,5,5,5,2,5,5,1,1,1,1,2,2,2,2,2,2,2,2,2,2,2,1,5,1,5,1,1,5,5,5,5,5,5,5,5,5,5,5,5,5,5,4,4,5,5,5,5,5,5,1,1,1,1,1,5,5,2,3,1,1,1,1,1,1,1,1,1,4,1,1,1,1,3,1,4,5,6
ID_R252,1,1,1,1,2,1,1,5,1,4,1,1,1,4,5,1,1,5,5,5,1,1,1,5,1,5,4,5,5,3,3,5,3,3,3,1,3,1,3,3,4,1,5,1,1,1,3,3,3,3,3,3,1,3,2,2,3,3,3,3,1,3,3,3,3,1,1,3,3,1,1,1,3,1,2,1,1,3,2,3,4,3,3,3,1,4,4,2,2,1
ID_R253,1,1,1,2,1,1,1,1,1,1,1,1,5,4,1,5,5,1,1,1,5,5,5,1,1,1,1,1,1,1,5,3,5,5,5,5,5,5,5,5,1,1,5,5,5,5,5,5,5,5,5,5,5,5,4,4,5,5,5,5,5,5,1,1,1,1,1,5,5,4,4,1,4,1,3,1,1,3,4,1,1,1,3,1,4,1,5,5,5,3
ID_R254,1,1,1,2,3,7,1,2,2,2,2,2,3,5,2,5,1,3,5,2,1,3,5,5,5,2,1,2,4,5,2,2,2,1,5,5,2,3,2,1,2,2,2,2,5,5,5,1,2,5,1,2,2,2,1,1,1,2,2,1,3,2,2,2,2,2,5,2,3,4,5,5,4,1,5,5,5,1,5,4,5,5,5,5,5,1,4,4,1,1
ID_R255,2,1,1,2,1,5,2,1,5,5,5,5,5,5,1,5,5,1,1,1,5,5,5,1,1,1,1,1,1,1,5,3,5,5,5,5,5,5,5,5,1,1,5,5,5,5,5,5,5,5,5,5,5,5,4,4,5,5,5,5,5,5,1,1,1,1,1,5,5,2,4,4,4,5,3,4,5,4,4,3,4,2,1,4,1,2,5,5,5,4
ID_R256,2,1,1,1,1,1,1,3,1,1,5,5,5,5,1,5,5,1,1,1,5,5,5,1,3,1,1,1,5,1,5,3,5,5,5,5,5,3,5,5,1,1,5,5,5,5,5,5,1,1,1,1,1,1,5,4,5,5,5,5,5,1,1,5,5,1,1,5,5,4,1,3,1,1,1,1,1,1,4,1,3,3,3,3,2,4,5,2,5,2
ID_R257,2,1,1,2,2,1,3,1,5,5,5,5,5,5,1,5,5,1,1,1,5,5,5,1,1,1,1,1,1,1,5,3,5,5,5,5,5,5,5,5,1,1,5,5,5,5,5,5,5,5,5,5,5,5,4,4,5,5,5,5,5,5,1,1,1,1,1,5,5,2,3,1,1,1,1,1,1,1,1,3,3,3,3,3,4,4,5,5,5,4
ID_R258,2,1,1,1,1,1,3,1,5,5,5,5,5,5,1,5,5,1,1,1,5,5,5,1,1,1,1,1,1,1,5,3,5,5,5,5,5,5,5,5,4,1,5,5,5,5,5,5,5,5,5,5,5,5,4,4,5,5,5,5,5,5,1,1,1,1,1,5,5,2,3,1,1,1,1,1,1,1,1,1,4,1,1,1,1,3,5,5,5,2
ID_R259,2,1,1,2,2,1,2,1,5,5,5,5,5,5,1,5,5,1,1,1,5,5,5,1,5,4,5,1,5,3,5,3,3,5,5,5,5,5,3,5,1,3,3,3,5,1,3,3,5,5,5,5,5,5,4,4,5,5,5,5,5,1,5,5,5,5,1,5,5,4,4,1,1,3,2,3,1,4,4,3,3,3,3,3,1,4,5,4,5,3
ID_R260,1,1,1,2,1,1,4,1,2,2,2,2,2,2,5,2,2,2,2,2,1,1,1,5,1,1,5,5,4,1,1,1,1,1,1,1,1,1,5,1,5,5,1,1,1,1,1,1,1,1,1,1,1,1,5,5,1,1,1,1,1,1,5,5,5,5,5,1,1,4,4,4,1,1,1,3,2,3,2,3,2,2,2,2,2,2,4,4,4,2
ID_R261,2,1,1,3,1,1,4,2,5,5,5,5,5,5,1,5,5,1,1,1,5,5,5,1,1,1,1,1,1,1,5,3,5,5,5,5,5,5,5,5,1,1,5,5,5,5,5,5,5,5,3,1,5,3,2,4,5,5,5,5,3,5,1,1,1,1,1,1,5,2,3,1,3,1,4,2,1,3,3,2,1,2,3,3,4,4,5,5,5,3
ID_R262,1,1,1,2,1,5,1,1,1,5,1,1,1,4,3,1,3,5,3,5,3,1,1,3,3,4,4,2,4,3,1,1,2,1,3,1,1,1,3,1,5,3,3,3,1,1,3,1,3,1,1,1,3,1,2,5,3,1,3,3,1,1,3,5,3,3,5,1,3,4,1,1,3,5,2,1,3,3,2,2,2,2,2,2,2,2,2,4,2,3
ID_R263,2,1,1,2,1,4,1,1,3,5,1,1,5,5,1,5,5,1,1,1,5,5,5,1,5,2,2,5,2,3,5,2,4,2,1,2,5,5,2,1,1,2,2,2,2,5,3,5,5,5,5,5,5,5,4,4,5,5,5,5,5,5,1,1,1,1,1,5,5,2,3,1,1,1,1,1,1,1,1,4,4,1,1,1,1,3,5,1,5,2
ID_R264,1,1,1,2,1,9,3,3,2,2,2,2,2,2,2,2,2,2,1,2,2,2,2,2,5,2,2,2,2,2,2,2,5,2,2,2,2,2,5,3,2,3,1,3,2,2,2,2,2,2,2,2,2,2,1,1,2,2,2,2,2,2,2,2,2,2,2,2,2,1,2,3,3,1,4,2,1,2,4,3,2,1,3,2,2,4,1,1,1,3
ID_R265,1,1,1,2,2,1,4,3,1,5,5,1,4,5,3,5,1,1,5,5,1,5,2,1,5,4,1,1,4,3,1,5,1,1,3,3,5,3,4,3,4,4,3,3,1,3,3,3,4,3,1,3,1,3,2,2,1,1,1,5,5,1,5,5,5,1,1,1,5,1,3,2,3,1,4,3,2,2,2,2,3,3,2,3,2,3,4,4,4,4
ID_R266,2,1,1,2,1,1,3,1,4,4,3,4,4,3,3,3,3,1,3,3,5,3,3,3,5,1,4,5,2,1,5,1,4,3,5,5,3,3,3,3,1,1,4,4,4,3,3,4,3,5,3,3,4,4,2,2,3,4,3,3,4,1,4,3,1,3,4,1,4,4,3,2,2,3,3,3,3,2,4,2,1,1,3,2,1,3,2,2,2,4
ID_R267,2,1,1,2,2,1,5,1,1,4,3,1,1,5,1,5,5,5,5,1,5,2,1,1,3,4,5,4,1,3,3,1,5,5,1,3,5,5,5,5,5,1,5,5,1,5,5,1,5,3,1,5,5,1,4,2,3,2,5,5,1,1,3,3,5,1,1,5,5,1,1,3,4,4,2,2,1,3,4,3,3,1,1,2,2,2,4,4,5,3
ID_R268,1,1,1,2,1,1,4,1,5,1,1,2,2,2,5,5,1,2,2,5,2,1,2,2,1,5,5,2,4,1,1,5,3,1,3,5,5,1,3,3,1,3,1,1,3,1,5,1,5,1,3,1,1,3,5,2,1,5,3,1,3,1,3,5,3,1,5,3,3,1,1,3,3,1,3,3,2,2,4,3,2,2,3,3,4,3,1,2,4,3
ID_R269,1,1,1,2,1,2,6,4,5,1,1,1,1,1,1,2,1,1,1,3,1,3,2,2,3,5,4,2,1,5,1,1,5,5,5,2,2,5,5,5,1,1,5,5,5,5,5,5,5,5,3,3,3,3,2,2,3,3,3,3,3,3,3,5,5,5,5,1,1,3,2,2,2,2,4,2,3,2,3,2,2,2,2,2,2,2,5,1,4,4
ID_R270,2,1,1,2,1,5,1,1,1,1,2,3,2,4,1,2,2,2,3,5,1,5,1,5,5,2,2,2,4,5,1,2,5,1,5,2,1,5,3,2,2,2,3,1,1,3,5,2,4,2,1,2,2,1,5,1,1,2,1,3,2,2,5,2,5,4,4,3,4,2,3,4,1,1,3,2,1,2,4,3,3,3,3,1,1,2,4,1,1,3
ID_R271,2,1,1,1,1,1,4,3,2,2,2,2,1,2,2,2,2,2,2,2,1,2,2,2,5,1,5,5,4,3,3,5,4,4,1,1,1,1,3,2,5,5,2,1,2,3,1,2,5,4,2,2,2,2,1,1,2,2,1,1,2,2,2,2,2,2,2,1,2,1,2,2,2,2,3,2,3,2,2,2,2,2,2,2,4,2,1,1,1,1
ID_R272,2,1,1,2,3,1,3,3,4,5,5,5,4,3,1,3,3,3,5,1,3,5,4,4,5,4,5,5,2,2,2,1,2,2,2,2,2,2,1,2,2,2,2,1,1,2,2,2,2,2,4,3,5,2,2,5,1,2,1,1,2,2,2,5,2,2,2,2,2,1,3,3,1,1,2,2,2,2,1,2,3,4,2,2,2,2,2,4,1,3
ID_R273,1,1,1,2,4,1,6,2,2,2,2,2,2,2,2,2,2,2,3,2,2,2,1,2,2,2,5,2,2,2,2,5,2,2,2,2,2,4,3,1,5,5,1,1,1,4,4,2,2,2,4,4,4,3,2,5,3,3,4,3,2,2,4,2,5,2,2,2,2,5,5,5,5,4,5,1,5,5,5,4,4,5,5,3,3,5,1,1,1,1
ID_R274,1,1,1,2,3,5,1,1,5,1,1,1,5,1,3,3,3,3,5,1,3,1,3,1,2,5,5,5,4,5,1,3,3,1,3,3,5,3,3,1,4,1,1,3,1,3,3,4,1,3,1,3,5,5,5,2,1,3,1,3,1,3,1,5,5,1,3,1,5,3,2,3,3,3,2,5,2,3,3,3,3,3,3,3,4,2,2,4,5,2
ID_R275,1,1,1,2,3,5,2,1,1,1,5,2,5,5,5,1,2,2,1,1,5,5,5,2,4,3,5,2,1,5,2,3,3,2,2,2,2,5,2,4,3,4,3,5,4,4,4,5,4,3,5,2,1,5,1,5,3,1,5,4,5,3,3,1,3,5,5,5,5,2,3,4,5,4,1,1,1,5,1,4,2,2,2,1,1,3,4,4,5,2
ID_R276,1,1,1,2,1,1,2,1,1,1,1,1,2,4,2,2,2,3,5,3,3,1,3,5,3,5,5,5,5,2,3,2,3,1,4,4,1,4,3,1,5,3,4,1,3,3,4,3,2,2,3,1,3,4,2,5,1,2,4,3,3,3,3,3,4,5,4,1,3,2,1,3,2,3,4,3,2,1,5,1,4,3,1,1,2,4,2,4,2,1
ID_R277,1,1,1,1,3,5,3,2,5,5,5,5,1,4,5,5,5,1,1,1,5,5,5,1,1,1,1,1,1,1,5,3,5,5,5,5,3,3,5,5,1,1,5,5,5,5,5,5,5,5,5,5,5,5,4,4,5,5,5,5,5,5,1,1,1,1,1,5,5,2,3,1,1,1,1,1,1,1,1,1,4,1,1,1,1,3,5,5,5,4
ID_R278,1,1,1,2,1,1,3,1,1,1,1,5,5,5,1,5,5,1,3,3,3,3,3,3,3,5,4,4,5,3,3,5,3,3,3,3,3,3,3,3,4,3,3,3,3,3,3,3,3,3,3,3,3,3,2,2,3,3,3,3,3,3,3,3,3,3,3,3,3,1,3,1,1,3,1,3,2,3,2,3,2,2,2,1,2,2,2,2,2,3
ID_R279,1,1,1,2,1,1,4,1,4,4,3,3,3,1,3,3,3,3,3,3,3,3,3,3,5,4,5,5,4,5,1,1,1,1,1,1,1,1,5,1,5,1,5,5,5,1,1,1,1,1,1,1,1,2,5,5,1,1,1,1,1,2,5,5,5,5,2,1,1,4,4,1,1,3,2,1,1,1,4,1,1,1,1,1,4,3,2,4,4,2
ID_R280,1,1,1,2,1,2,4,1,1,1,1,1,1,4,5,1,1,5,5,5,1,1,1,5,1,4,5,5,4,5,1,1,1,1,1,1,1,1,1,1,5,5,1,1,1,1,1,1,1,1,1,1,1,1,5,5,1,1,1,1,1,1,5,5,5,5,5,1,1,4,1,3,1,1,2,1,1,1,4,1,3,1,1,1,1,3,4,4,4,1
ID_R281,2,1,1,2,2,1,2,1,1,2,1,1,5,5,1,2,5,1,5,5,5,5,5,1,3,1,3,4,1,1,5,5,3,1,1,5,1,5,5,5,5,3,3,5,5,3,5,1,5,3,5,1,3,5,2,5,5,5,3,1,1,5,5,1,1,3,3,5,3,2,2,2,3,2,4,2,2,3,1,2,2,3,2,3,2,4,5,5,5,2
ID_R282,1,1,1,2,1,1,4,2,5,5,5,5,5,5,1,5,5,1,1,1,5,1,5,1,3,4,1,1,4,1,1,5,1,1,1,5,1,5,5,1,2,1,5,5,5,3,5,1,1,5,1,1,1,1,5,5,1,1,1,1,1,5,1,1,1,1,1,5,5,2,1,3,1,1,1,3,1,2,1,1,4,1,3,3,4,4,5,5,5,3
ID_R283,1,1,1,2,2,1,1,1,5,1,5,5,5,4,1,5,1,1,3,1,1,5,1,1,1,4,1,5,4,3,3,5,3,5,5,5,5,5,5,5,1,1,5,5,5,5,5,5,5,5,3,5,5,5,4,4,5,5,5,5,5,1,1,1,1,1,1,5,5,1,1,1,1,3,2,3,1,1,1,3,3,1,1,3,4,3,4,5,5,3
ID_R284,1,1,1,2,1,2,4,1,2,5,1,5,1,4,3,1,5,5,1,1,5,5,2,1,1,4,4,3,1,4,3,5,4,4,3,3,5,4,3,1,3,4,3,5,5,1,4,4,3,2,4,3,3,4,2,4,3,3,3,5,3,4,3,3,1,1,4,5,4,3,1,3,2,2,2,3,1,2,3,2,2,3,2,3,2,4,5,3,3,4
ID_R285,2,1,1,2,3,4,2,1,1,2,5,5,5,5,1,5,1,1,1,1,5,5,5,3,3,4,1,5,4,1,3,5,1,1,2,5,1,5,5,5,1,5,1,5,5,5,5,1,3,5,5,2,1,1,5,4,1,5,5,1,5,3,1,1,1,1,1,1,1,2,2,4,4,4,1,2,3,2,4,2,1,2,4,2,2,2,5,3,1,6
ID_R286,1,1,1,2,4,1,6,3,3,3,1,1,1,5,3,3,2,2,5,1,1,3,1,5,5,4,1,1,1,1,5,2,2,2,1,1,1,1,5,5,2,5,1,1,1,3,3,1,2,2,5,5,5,5,2,4,5,5,5,5,5,5,1,1,1,1,1,5,5,1,2,2,2,2,4,2,3,2,3,2,2,2,2,2,2,2,3,4,5,4
ID_R287,2,1,1,2,3,1,5,1,1,1,1,5,5,5,3,1,5,1,1,1,5,5,5,1,3,5,1,5,1,3,5,3,5,3,3,1,5,5,3,1,5,5,5,5,5,5,5,5,5,5,3,3,3,3,2,4,5,5,5,5,5,5,1,1,1,1,1,5,5,3,3,1,3,3,2,3,1,1,1,2,3,1,1,1,4,2,5,5,5,2
ID_R288,2,1,1,1,1,4,2,1,2,2,2,1,1,5,2,5,1,5,1,5,5,1,5,1,5,4,2,5,2,2,2,2,5,1,3,1,2,3,5,1,5,1,3,5,2,3,4,1,1,1,2,2,2,2,5,5,1,1,1,2,1,2,2,2,2,2,2,2,2,2,2,1,1,3,2,3,1,1,1,2,1,3,3,1,2,3,4,1,1,3
ID_R289,1,1,1,1,1,2,2,1,5,5,5,5,5,5,1,5,5,1,1,1,5,5,5,1,1,1,4,1,1,3,4,3,5,3,5,4,3,5,4,3,1,1,4,3,5,4,3,5,4,3,5,3,3,3,4,3,3,5,4,3,3,3,3,1,4,1,1,3,4,2,1,3,1,5,1,4,2,2,3,2,3,2,3,1,4,2,5,5,3,3
ID_R290,1,1,1,2,1,4,4,1,2,5,1,1,3,5,1,1,2,5,1,2,1,3,5,3,5,1,1,5,4,1,1,1,1,5,2,5,5,3,5,5,1,1,3,5,3,5,5,5,5,1,1,1,2,5,4,5,1,1,5,1,1,2,5,3,3,5,1,1,5,2,1,2,1,2,3,2,1,2,1,2,4,2,1,4,2,2,5,4,5,2
ID_R291,1,1,1,2,2,5,1,1,5,5,5,5,5,1,1,3,5,3,3,1,5,5,5,3,3,5,4,4,1,1,5,3,3,5,3,3,5,3,5,5,4,1,5,5,5,2,5,5,5,5,5,5,5,5,4,4,5,5,5,5,5,5,1,1,1,1,1,5,5,2,1,3,1,1,2,1,2,3,1,3,4,3,3,1,4,3,5,5,5,2
ID_R292,1,1,1,2,1,2,3,1,2,5,1,1,1,4,5,1,1,5,1,5,5,5,1,5,5,4,5,1,4,3,1,3,1,1,5,5,1,5,5,5,5,1,5,1,5,3,3,1,5,5,1,2,5,1,4,4,5,5,3,5,1,4,2,5,1,1,5,1,3,1,1,2,3,5,1,2,2,2,5,3,3,2,3,1,4,2,5,4,5,2
ID_R293,1,1,1,2,1,1,4,1,1,1,5,1,3,5,1,1,5,1,3,1,5,5,5,3,3,5,2,4,1,1,1,1,1,5,5,1,1,5,5,1,5,5,5,5,1,4,5,5,5,4,1,2,5,5,4,4,5,1,5,5,2,1,1,1,1,1,1,5,5,2,1,4,3,2,1,2,1,2,1,2,4,2,2,3,2,5,5,4,4,2
ID_R294,2,1,1,1,2,5,5,4,3,1,1,2,3,5,3,5,5,5,1,2,5,5,1,3,1,5,4,5,1,5,5,1,4,5,3,1,5,5,5,1,1,3,3,5,1,5,5,3,5,5,5,3,5,5,4,5,5,5,1,1,3,4,1,3,1,5,1,3,5,1,1,3,1,3,1,3,1,2,4,1,3,3,1,3,4,4,5,4,2,3
ID_R295,1,1,1,2,1,1,3,1,1,1,3,3,1,1,3,2,1,5,3,5,1,1,3,5,3,4,5,5,4,3,3,5,2,3,3,5,3,3,3,3,5,3,1,1,3,1,3,1,1,1,1,1,1,1,2,5,1,1,2,1,2,1,2,5,5,5,3,1,2,2,1,1,4,2,2,3,2,3,4,3,3,3,3,1,4,4,5,4,4,4
ID_R296,2,1,1,1,1,2,3,1,1,1,5,1,3,5,5,2,2,1,5,1,3,3,3,3,5,1,5,5,1,3,3,5,5,3,3,5,5,3,3,5,5,2,5,5,1,3,3,5,1,3,5,3,5,3,4,2,5,3,5,5,2,2,1,1,3,3,2,5,5,4,1,2,1,1,1,2,4,1,4,2,3,3,3,4,2,2,5,4,1,4
ID_R297,1,1,1,2,1,2,1,1,1,1,1,1,1,5,5,1,2,2,1,1,5,1,2,2,1,4,2,2,2,5,1,2,5,5,5,2,5,1,3,5,1,3,5,3,3,3,5,1,3,3,2,2,1,2,4,4,1,5,3,5,1,2,2,1,3,1,1,2,5,2,1,2,1,3,1,3,4,3,5,3,2,1,2,2,2,4,1,1,5,3
ID_R298,1,1,1,2,2,5,4,1,1,1,5,1,5,4,1,1,5,2,3,5,5,3,2,1,3,1,1,1,2,1,1,5,5,5,1,5,1,5,3,5,1,3,5,3,5,3,1,5,5,3,5,1,1,1,4,4,1,5,5,5,5,2,5,5,5,1,5,1,5,1,3,4,1,1,4,1,1,1,2,4,4,1,1,1,4,3,5,4,5,1
ID_R299,1,1,1,2,4,1,4,1,3,3,4,4,4,3,4,4,2,4,4,4,4,4,4,4,2,2,2,2,2,4,2,2,2,2,2,2,2,4,4,5,2,1,2,4,2,2,2,2,4,2,4,4,4,4,3,3,4,4,4,4,4,4,4,4,2,4,4,4,4,5,5,5,2,2,4,2,5,2,5,2,5,2,5,5,5,2,3,1,1,2
ID_R300,2,1,1,2,2,4,5,1,5,5,5,5,5,5,1,5,5,1,1,3,3,1,3,1,1,1,1,1,1,3,5,3,5,5,5,5,5,5,5,5,1,1,3,3,1,5,5,1,5,3,5,5,5,5,4,4,5,3,1,5,5,5,1,1,1,1,3,3,3,4,1,1,3,1,2,2,2,2,3,3,3,3,3,3,2,2,5,5,5,4
ID_R301,1,1,1,1,1,1,2,1,1,1,1,1,5,5,1,1,5,5,1,1,5,5,5,1,3,5,4,1,4,2,5,3,5,3,5,5,5,5,1,1,5,5,1,5,1,1,5,5,5,5,5,1,5,2,5,4,1,2,5,5,1,5,5,1,1,5,1,5,1,4,4,5,4,1,4,1,1,1,4,2,2,1,1,1,1,3,5,5,5,2
ID_R302,1,1,1,2,1,1,3,1,4,4,3,3,3,1,3,3,3,3,3,3,5,3,3,3,3,5,4,4,5,3,3,5,3,3,3,3,3,3,3,3,4,3,3,3,3,3,3,3,3,3,3,3,3,3,2,2,3,3,3,3,3,3,3,3,3,3,3,3,3,2,3,1,1,1,1,1,1,1,1,2,2,2,1,1,2,2,2,2,2,3
ID_R303,1,1,1,2,1,1,1,3,5,5,5,5,5,5,1,5,5,1,1,1,5,5,5,1,1,1,1,1,1,1,5,3,5,5,5,1,5,3,3,3,1,1,3,3,3,3,3,3,3,3,5,5,5,3,2,2,3,3,3,3,3,3,3,3,3,3,3,3,3,2,3,1,3,3,2,3,2,3,2,3,3,3,3,3,4,4,5,2,2,3
ID_R304,1,1,1,2,2,2,1,1,4,4,3,3,3,1,3,3,3,3,3,3,3,3,3,3,1,1,1,1,1,3,5,3,5,5,5,5,5,5,3,3,4,3,3,3,3,3,3,3,3,3,3,3,3,3,2,2,3,3,3,3,3,3,3,3,3,3,3,3,3,1,1,3,3,3,2,3,2,3,2,3,3,3,3,3,4,2,2,5,2,1
ID_R305,1,1,1,2,4,1,3,3,5,5,5,5,5,5,1,5,5,1,1,1,5,5,5,1,1,1,1,1,1,1,5,3,5,5,5,5,5,5,5,5,1,1,5,5,5,5,5,5,5,5,5,5,5,5,4,4,5,5,5,5,5,5,1,1,1,1,1,5,5,2,3,1,1,1,1,1,1,1,1,1,4,1,1,1,1,3,5,5,5,3
ID_R306,1,1,1,2,1,5,1,1,4,4,3,3,3,1,3,3,3,3,3,3,3,3,3,3,5,4,1,5,4,1,1,3,3,1,5,1,5,5,3,3,4,3,3,3,3,3,3,3,3,3,1,1,1,1,5,5,1,1,1,1,1,3,3,3,3,3,3,3,3,2,1,4,4,3,2,1,2,3,2,3,4,3,1,1,2,4,2,5,2,1
ID_R307,1,1,1,2,2,1,4,2,5,5,5,5,5,5,1,5,5,1,1,1,5,5,5,1,1,1,1,1,1,1,5,3,5,5,5,5,5,5,5,5,1,1,5,5,5,5,5,5,5,5,5,5,5,5,4,4,5,5,5,5,5,5,1,1,1,1,1,5,5,2,2,1,1,2,4,3,1,2,5,2,2,1,3,2,1,2,5,5,5,2
ID_R308,1,1,1,2,1,2,3,1,1,1,1,1,1,4,2,2,1,5,5,1,1,1,1,5,1,4,4,5,3,2,5,4,1,4,5,3,1,3,3,5,4,1,3,2,1,2,5,5,3,4,3,4,1,3,4,4,2,3,5,4,3,4,3,2,3,4,3,5,1,3,4,3,1,2,4,4,3,4,3,4,3,2,2,2,2,2,4,3,3,3
ID_R309,1,1,1,2,1,1,1,5,3,3,4,3,5,3,1,5,5,1,4,3,3,3,3,4,3,5,3,4,1,4,3,4,3,5,4,3,4,3,3,4,1,3,4,4,4,4,4,3,4,4,3,4,3,4,2,3,3,3,4,3,4,4,3,3,4,3,4,3,4,2,3,1,2,3,2,3,2,3,2,3,3,3,1,3,4,4,2,3,2,4
ID_R310,1,1,1,2,1,2,5,1,2,5,1,1,5,4,1,2,1,2,1,5,1,1,2,1,5,4,1,5,4,1,5,3,5,1,1,1,1,1,1,5,5,1,5,5,5,1,2,5,5,5,2,2,2,2,1,5,1,1,1,5,5,1,5,5,1,5,5,2,5,1,1,3,3,3,2,3,2,3,1,3,3,3,3,3,2,2,5,1,4,1
ID_R311,1,1,1,1,1,1,3,1,5,5,5,5,5,1,3,5,5,1,3,1,5,5,5,1,1,1,1,1,1,1,5,3,5,5,5,5,5,5,5,5,1,1,5,5,5,5,5,5,5,5,5,5,5,5,4,4,5,5,5,5,5,5,1,1,1,1,1,5,5,2,3,1,1,1,1,1,1,1,1,1,3,3,3,3,4,4,5,5,5,4
ID_R312,1,1,1,2,1,1,4,1,5,4,5,5,1,4,1,5,1,3,3,1,3,3,1,1,1,1,1,1,5,1,5,5,5,3,3,3,5,3,3,5,1,3,3,3,3,3,3,3,5,3,3,3,5,3,2,2,5,5,3,5,1,1,1,1,1,5,1,1,5,1,2,3,3,2,1,3,3,2,1,3,4,2,2,3,4,2,5,5,4,2
ID_R313,1,1,1,2,3,1,2,1,4,5,3,3,5,1,3,5,3,3,1,3,3,3,3,4,5,4,1,5,4,3,5,1,3,5,1,1,5,3,4,5,4,3,3,5,3,3,1,3,3,5,3,3,3,3,2,2,4,5,3,3,3,3,4,5,3,3,4,1,3,3,2,2,2,2,2,2,3,2,2,2,2,2,2,2,2,2,5,1,2,2
ID_R314,1,2,1,2,3,1,5,3,4,1,1,5,5,5,5,1,1,1,1,3,5,3,3,1,1,1,1,1,1,1,5,3,5,5,5,5,5,5,5,5,1,1,5,5,5,5,5,5,5,5,5,5,5,5,4,4,5,5,5,5,5,5,1,1,1,1,1,5,5,1,1,2,3,3,2,3,2,3,2,3,4,3,3,3,4,3,5,5,5,1
ID_R315,1,1,1,2,1,1,1,1,1,5,1,1,1,4,5,1,1,1,5,5,1,5,2,5,5,4,5,5,4,5,1,1,1,1,1,1,1,3,1,1,5,5,1,1,1,1,1,1,1,1,1,1,1,1,5,5,1,1,3,1,1,1,5,5,5,5,5,1,1,1,3,4,4,2,4,3,1,3,5,3,3,3,3,3,4,2,4,4,4,2
ID_R316,1,1,1,1,1,5,2,1,5,1,5,1,3,5,1,3,5,3,3,1,1,5,5,1,5,1,1,1,4,1,1,3,5,1,1,5,5,5,3,3,1,1,3,5,5,3,5,3,5,5,5,5,5,5,4,4,5,5,5,5,5,5,1,1,1,1,1,5,5,2,1,2,3,3,1,4,1,1,1,4,1,1,1,1,1,3,5,5,5,4
ID_R317,1,1,1,2,1,1,3,4,4,3,5,5,4,1,4,3,5,3,1,4,5,5,5,1,1,1,1,1,1,1,5,3,3,3,3,3,3,3,5,5,1,1,5,5,5,5,5,5,5,5,5,5,5,5,4,4,5,5,5,5,5,5,1,1,1,1,1,5,5,2,2,2,3,2,4,2,1,2,1,2,4,2,2,2,2,3,5,5,5,2
ID_R318,2,1,1,2,3,1,2,1,1,5,2,2,3,3,1,2,3,3,3,1,1,1,1,3,4,2,4,4,4,4,3,3,4,4,5,3,5,3,4,3,4,4,2,1,3,1,4,2,3,4,3,4,4,5,2,2,2,2,1,5,1,4,3,1,3,5,4,3,4,3,3,4,3,1,1,4,2,2,5,2,2,4,5,5,2,2,3,4,1,3
ID_R319,1,1,1,2,3,1,5,3,1,1,1,1,5,4,1,1,1,5,5,5,1,1,1,5,5,1,1,1,1,1,5,3,5,5,5,5,5,5,5,5,1,1,5,5,5,5,5,5,5,5,5,5,5,5,4,4,5,5,5,5,5,5,1,1,1,1,1,5,5,3,2,2,2,1,4,3,2,2,3,3,3,3,3,1,4,4,4,5,5,3
ID_R320,2,2,1,1,1,2,2,1,1,5,1,2,2,5,1,2,1,2,2,2,1,2,2,5,5,4,1,4,1,5,5,3,1,3,1,5,2,1,2,2,5,2,1,2,2,3,5,2,1,4,2,3,1,1,4,2,1,1,2,5,1,3,5,5,1,5,2,1,2,4,1,1,3,4,1,2,2,3,5,3,1,3,2,3,3,3,1,1,4,3
ID_R321,1,2,2,2,2,1,3,1,5,4,5,1,5,4,5,5,1,5,3,1,5,3,2,2,3,5,4,4,5,3,3,5,3,3,1,3,1,5,5,5,1,1,5,5,5,5,5,5,5,5,5,1,1,5,4,4,5,5,5,1,1,5,1,1,1,1,1,5,5,4,5,5,1,1,1,1,4,2,5,1,5,4,1,1,1,5,5,4,5,2
ID_R322,1,1,1,2,2,1,2,1,1,5,1,1,1,4,5,1,1,1,5,2,5,5,1,1,1,4,5,1,1,1,3,3,3,5,5,1,1,5,5,2,1,1,5,5,5,3,1,1,3,3,1,1,1,5,4,4,1,1,5,5,1,5,5,5,5,1,5,5,5,1,3,1,1,1,2,3,1,2,2,3,4,3,3,3,2,4,4,5,4,4
ID_R323,1,2,1,2,1,5,1,1,1,1,1,5,1,4,1,1,1,1,1,1,5,5,5,1,1,1,1,1,1,1,5,3,5,5,5,5,5,5,5,5,1,1,5,5,5,5,5,5,5,5,5,5,5,5,4,4,5,5,5,5,5,5,1,1,1,1,1,5,5,2,3,1,1,1,1,1,1,1,1,1,4,1,1,1,1,3,5,5,5,3
ID_R324,1,1,1,1,1,1,2,1,4,4,5,3,5,1,5,5,3,1,1,3,5,3,1,5,3,4,5,1,4,3,5,3,1,3,1,5,1,5,1,5,1,1,1,3,5,5,5,5,3,1,3,3,5,2,4,2,5,2,1,1,1,2,2,1,5,5,5,2,5,1,2,5,3,1,2,2,1,3,1,3,3,2,1,3,1,2,4,1,1,3
ID_R325,1,1,1,2,2,1,1,3,5,5,1,5,5,5,1,5,5,1,1,1,5,1,5,1,5,4,5,1,1,1,5,3,5,5,5,5,5,5,5,5,1,5,5,3,5,3,4,5,5,5,5,5,5,5,4,4,5,5,5,5,5,5,1,1,1,1,1,5,5,1,3,3,3,2,1,1,1,1,1,2,4,3,1,2,2,2,5,5,5,2
ID_R326,1,1,1,1,2,4,1,2,2,1,1,1,5,4,5,1,1,5,5,5,5,5,1,1,1,1,1,1,1,1,5,3,1,5,5,3,5,5,1,1,5,5,1,1,1,1,1,2,1,5,5,5,5,5,4,4,5,5,1,1,2,1,5,1,1,1,1,5,5,2,3,1,1,1,1,1,1,1,1,4,1,1,5,4,3,4,4,5,5,3
ID_R327,2,1,1,2,2,1,2,1,1,1,5,1,5,1,5,1,1,1,5,5,1,1,2,5,1,4,5,5,4,1,1,1,5,1,1,1,1,1,5,1,5,5,5,5,1,5,1,5,1,5,1,1,1,1,5,4,1,1,1,1,5,5,1,5,5,5,1,5,5,2,1,1,3,3,2,3,2,2,4,2,4,3,3,1,1,4,4,1,4,1
ID_R328,1,1,4,1,3,1,4,5,5,1,5,4,5,5,5,1,5,1,1,1,5,5,3,1,1,1,1,1,1,3,5,1,3,1,1,1,1,1,3,3,1,1,5,5,1,3,3,5,1,3,5,5,5,5,4,4,5,5,3,5,1,1,3,1,3,1,3,5,5,1,1,3,3,1,1,3,2,2,1,2,3,3,3,3,4,4,5,4,5,4
ID_R329,1,1,1,2,2,2,1,1,1,1,1,3,5,4,3,1,5,5,3,5,5,3,1,1,1,4,1,1,4,1,1,5,4,5,3,5,5,5,4,5,4,5,1,5,1,1,3,1,3,5,1,2,1,2,4,4,1,1,1,1,1,3,4,1,5,3,5,3,3,2,3,1,3,3,5,1,1,2,4,2,4,4,2,2,4,4,5,1,4,2
ID_R330,1,1,1,2,2,5,2,1,1,4,1,1,5,5,1,3,5,1,3,5,5,5,1,1,1,5,5,1,4,5,5,1,5,5,5,1,5,5,3,5,1,1,3,5,3,3,5,3,5,5,3,5,1,5,4,4,1,5,1,5,5,5,3,1,1,5,5,5,5,2,1,1,4,1,3,2,1,1,2,3,3,3,1,1,4,3,5,5,4,2
ID_R331,1,1,1,2,1,2,1,1,1,5,5,5,5,5,1,5,5,1,1,1,5,5,5,5,5,1,5,5,1,1,5,3,5,5,1,5,5,5,3,5,5,1,1,5,5,5,1,5,5,5,5,5,5,5,4,4,5,5,5,5,5,5,1,1,1,1,1,5,5,1,3,3,3,3,1,3,1,3,1,3,3,3,3,3,4,4,4,5,5,2
ID_R332,1,1,1,2,1,2,5,1,5,5,5,5,5,5,1,5,5,1,1,1,5,5,5,1,5,4,5,5,4,5,1,1,1,1,1,1,1,5,5,1,5,5,5,1,1,5,5,5,5,5,5,5,5,5,4,4,5,5,5,5,5,1,1,5,1,1,1,3,5,2,4,1,4,3,3,3,4,1,4,1,4,3,1,1,3,3,5,4,4,4
ID_R333,1,1,1,2,3,2,5,1,1,5,1,1,1,2,2,2,2,2,2,5,2,2,2,2,5,4,2,5,2,2,2,5,1,2,2,2,2,2,5,1,2,2,5,5,1,1,2,2,2,2,5,5,2,1,2,4,1,2,1,5,1,1,1,1,5,3,1,5,5,4,1,4,4,1,4,3,4,3,5,2,4,1,4,4,1,1,1,1,4,2
ID_R334,1,1,1,2,3,2,2,1,2,5,2,5,4,1,5,2,4,3,5,5,1,4,2,1,3,4,4,4,1,1,3,5,3,1,1,3,5,4,4,3,4,4,4,4,3,4,4,4,4,4,2,2,1,2,5,5,2,2,2,1,2,3,1,2,1,1,1,1,4,1,1,3,2,3,1,2,4,2,4,3,4,1,3,3,2,4,3,1,2,2
ID_R335,1,1,1,2,2,1,6,1,1,1,1,1,5,5,1,5,5,5,5,5,1,5,2,5,3,4,4,4,1,5,1,5,3,1,5,1,5,3,5,5,4,3,3,3,3,3,3,3,3,3,5,1,1,5,4,4,5,5,5,5,5,5,1,1,1,1,1,5,5,4,2,1,4,3,1,3,1,1,4,3,1,3,4,1,4,3,5,4,5,2
ID_R336,1,1,1,2,3,3,2,3,3,5,3,5,3,5,3,3,3,3,4,3,3,3,3,3,1,1,4,1,1,3,5,3,1,5,3,3,1,5,4,3,3,4,5,4,3,4,3,4,3,4,4,5,5,5,2,2,5,5,5,3,3,1,1,1,1,3,3,2,5,3,2,2,2,2,4,1,3,2,2,2,2,2,2,2,2,2,5,2,4,1
ID_R337,2,3,3,1,1,1,4,2,5,5,3,3,5,5,5,1,1,1,1,1,5,3,3,3,3,5,1,3,5,1,3,4,4,5,4,4,1,4,5,1,4,3,3,1,1,3,3,1,3,3,1,5,2,3,4,2,1,3,5,1,3,1,3,4,3,3,5,3,1,4,4,1,3,3,5,3,4,2,5,1,1,1,3,2,4,4,5,2,1,1
ID_R338,1,3,3,1,2,3,3,2,4,4,3,3,5,1,1,3,5,1,1,1,3,5,5,1,1,1,1,4,1,1,3,5,3,3,3,3,3,3,3,5,1,1,5,5,5,5,5,5,5,5,3,5,5,5,4,4,5,5,5,5,5,5,1,1,1,1,1,5,5,2,3,1,1,1,1,1,1,1,1,1,4,1,1,1,1,3,5,2,5,5
ID_R339,2,3,5,1,1,4,4,1,2,1,1,2,1,4,2,2,1,5,5,5,1,5,1,5,5,1,5,1,5,3,3,1,5,3,5,3,1,5,3,1,1,1,3,3,1,4,4,3,3,3,3,3,5,5,4,4,1,5,3,5,5,5,2,1,1,1,1,5,5,2,2,3,3,3,2,3,1,3,2,2,2,2,2,2,2,4,1,5,1,3
ID_R340,1,3,6,4,1,1,4,2,4,4,3,3,3,1,3,3,3,3,3,3,3,3,3,1,3,5,4,1,5,3,3,5,5,3,3,3,3,3,3,3,4,3,3,3,3,3,3,3,3,3,3,3,3,3,2,2,3,3,3,3,3,3,3,3,3,3,3,3,3,1,1,3,3,3,2,3,2,3,2,3,3,3,3,3,4,4,2,2,2,1
ID_R341,1,3,6,1,1,1,6,1,3,3,4,4,4,3,4,4,4,4,4,4,4,4,4,4,4,3,3,3,3,4,4,4,4,4,4,4,4,4,4,4,3,4,4,4,4,4,4,4,4,4,4,4,4,4,3,3,4,4,4,4,4,4,4,2,4,4,2,4,4,2,3,1,1,1,1,1,1,1,1,1,4,1,1,5,2,3,3,3,3,1
ID_R342,1,1,2,1,3,10,4,1,2,2,1,2,1,2,5,1,3,5,5,5,1,5,1,5,1,4,2,5,2,3,1,1,1,3,1,3,1,1,4,3,5,5,3,3,2,3,3,1,3,3,5,5,1,5,4,4,5,1,5,1,1,1,5,2,5,5,3,2,3,1,4,3,4,1,2,3,1,2,4,1,3,3,3,3,4,4,1,1,2,3
ID_R343,1,1,3,4,1,1,4,1,2,2,2,2,2,2,2,2,2,2,2,2,2,2,2,2,5,2,2,2,2,2,2,2,2,2,2,2,2,2,1,2,2,2,2,2,2,2,2,2,2,2,2,2,2,2,1,1,2,2,2,2,2,1,5,5,5,5,5,1,1,4,3,3,2,2,4,2,3,2,3,2,2,2,2,3,1,2,1,1,4,1
ID_R344,1,1,4,4,1,4,4,2,5,2,2,2,5,5,1,5,5,1,1,1,5,5,5,1,5,4,5,5,2,3,1,1,2,1,1,1,1,5,3,1,5,1,5,5,1,3,5,1,1,5,2,2,1,1,5,4,1,1,5,5,1,5,5,5,5,1,5,1,1,2,2,4,1,2,2,2,1,2,5,2,5,2,5,2,4,2,5,1,4,3
ID_R345,1,3,3,1,1,1,3,2,5,1,5,3,1,5,3,1,3,3,5,5,1,3,3,3,3,5,4,5,5,3,3,1,3,1,3,1,3,3,3,3,4,3,3,3,3,3,3,3,3,3,3,3,3,3,2,2,3,3,3,3,3,3,5,3,3,3,3,3,3,1,1,3,3,3,2,3,2,3,2,3,3,3,3,3,2,4,4,2,2,6
ID_R346,2,1,1,2,1,5,4,1,5,5,5,5,5,5,1,5,5,1,1,1,5,5,5,1,1,1,1,1,1,1,5,3,5,5,5,5,5,5,5,5,1,1,5,5,5,5,5,5,5,5,5,5,5,5,4,4,5,5,5,5,5,5,1,1,1,1,1,5,5,2,2,1,1,1,1,2,4,2,5,3,1,4,1,3,1,4,5,5,5,3
ID_R347,1,1,1,2,1,1,2,5,2,2,2,2,2,2,2,2,2,2,2,2,2,2,2,2,2,2,2,2,2,2,2,2,2,2,2,2,2,2,2,2,2,2,2,2,2,2,2,2,2,2,2,2,2,2,1,1,2,2,2,2,2,2,2,2,2,2,2,2,2,3,2,2,2,2,4,2,3,2,3,2,2,2,2,2,2,2,1,1,1,1
ID_R348,2,1,1,2,1,1,3,3,3,3,4,4,4,3,4,4,4,4,4,4,4,4,4,4,3,5,4,4,5,3,3,5,3,3,3,3,3,3,3,3,4,3,3,3,3,3,3,3,3,3,3,3,3,3,2,2,3,3,3,3,3,3,3,3,3,3,3,3,3,1,4,3,3,3,2,3,2,3,2,3,4,3,3,3,2,4,3,2,2,2
ID_R349,1,1,1,2,2,2,2,1,5,5,5,5,5,5,1,5,5,1,1,1,5,5,5,1,1,1,1,1,1,1,5,3,5,5,5,5,5,5,5,5,1,1,5,5,5,5,5,5,5,5,5,5,5,5,4,4,5,5,5,5,5,5,1,1,1,1,1,5,5,2,3,1,1,1,1,1,1,1,1,1,4,1,1,1,1,3,5,5,5,4
ID_R350,1,1,1,2,1,1,5,3,3,1,5,1,1,4,5,1,1,5,5,5,1,1,1,5,5,4,5,5,4,5,1,1,1,1,1,1,1,1,1,1,5,5,1,1,1,1,1,1,1,1,1,1,1,1,5,5,1,1,1,1,1,1,5,5,5,5,5,1,1,4,4,4,4,5,3,4,4,4,4,2,2,2,2,2,2,2,4,4,4,5
ID_R351,2,1,1,1,1,1,4,1,5,4,3,3,3,5,3,3,3,3,3,4,3,4,3,4,3,5,4,3,5,4,3,4,4,4,5,4,4,4,4,3,4,3,3,3,3,5,3,3,3,5,3,5,3,4,4,2,4,5,4,3,3,3,4,4,3,1,4,4,4,2,1,3,3,2,2,3,1,2,3,2,3,1,1,3,4,4,2,3,2,3
ID_R352,1,1,1,1,1,1,3,5,1,1,1,1,1,5,1,1,5,1,1,1,5,5,5,1,1,1,1,1,1,1,5,3,5,5,5,5,5,5,5,5,1,1,5,5,5,5,5,5,5,5,5,5,5,5,4,4,5,5,5,5,5,5,1,1,1,1,1,5,5,2,3,1,1,1,1,1,1,1,1,1,4,1,1,1,1,3,5,5,5,2
ID_R353,2,1,1,2,2,1,1,3,4,4,3,3,3,1,4,3,3,4,3,4,3,4,4,3,3,5,4,3,5,4,3,5,3,3,3,3,3,3,3,3,3,4,3,4,4,3,4,3,4,4,4,3,3,4,3,2,3,3,3,4,4,4,4,3,3,3,3,4,4,2,3,1,1,1,1,1,1,1,1,3,3,3,3,3,4,4,2,2,2,3
ID_R354,1,1,1,1,1,1,1,3,1,5,5,1,1,5,3,5,1,2,5,1,5,1,1,5,1,4,1,1,4,5,1,3,5,1,1,1,5,5,1,1,1,1,1,1,1,1,5,5,5,1,5,1,5,5,4,5,1,5,1,1,5,5,1,5,5,1,1,3,5,2,4,1,1,5,2,3,2,1,1,2,2,2,2,2,2,2,5,4,4,2
ID_R355,1,1,1,2,2,5,5,1,1,1,1,1,1,4,1,1,2,5,1,5,1,5,1,5,3,4,5,5,4,5,5,1,1,1,1,1,1,5,5,2,5,5,5,1,1,5,1,1,1,3,1,2,1,5,4,5,1,1,1,1,1,1,1,1,1,1,1,5,5,2,3,3,3,3,3,3,4,2,4,2,4,3,1,3,1,4,5,5,1,2
ID_R356,2,1,1,1,3,1,4,1,5,5,5,5,2,5,1,5,5,1,1,1,3,3,3,1,3,5,5,5,4,5,1,1,1,1,1,1,1,1,5,5,1,1,5,5,5,5,5,5,5,2,5,5,5,5,4,4,5,5,5,5,5,1,5,5,5,1,1,5,5,4,4,4,4,5,3,4,4,4,4,4,1,4,1,4,3,1,2,4,5,2
ID_R357,2,1,1,2,1,5,4,1,5,2,1,3,1,1,3,1,3,5,3,5,1,3,3,1,3,1,5,1,4,2,1,3,1,5,5,3,2,1,3,5,5,2,1,5,2,4,1,1,3,3,1,2,1,3,4,5,2,1,1,3,1,2,3,5,5,3,1,2,3,2,3,5,2,2,3,1,1,2,4,3,1,2,1,2,2,2,4,5,2,3
ID_R358,2,1,1,2,3,2,5,1,5,5,5,5,5,5,1,5,5,1,1,1,5,5,5,1,5,2,5,5,2,5,1,2,1,2,1,1,1,5,1,1,2,5,1,1,1,1,1,1,1,1,1,1,1,1,5,5,1,1,1,1,1,1,5,5,1,1,1,5,5,2,3,1,1,5,1,1,1,1,1,4,1,1,1,1,1,3,5,5,5,3
ID_R359,2,1,1,2,1,1,5,1,1,5,3,3,3,5,1,3,1,3,1,3,1,5,3,1,5,1,4,1,5,3,1,5,3,5,1,1,3,3,1,3,1,5,1,3,1,3,5,5,3,5,1,1,3,3,2,5,1,3,5,5,3,1,1,1,3,5,1,1,3,4,3,3,4,3,1,1,2,3,2,1,4,1,3,1,1,1,2,4,4,4
ID_R360,2,1,1,2,2,4,4,1,4,4,3,3,3,1,3,3,3,3,3,3,3,3,3,3,3,5,4,4,5,3,3,5,3,3,3,3,3,3,3,3,4,3,3,3,3,3,3,3,3,3,3,3,3,3,2,2,3,3,3,3,3,3,3,3,3,3,3,3,3,2,2,1,1,3,4,2,3,2,3,2,2,2,3,2,2,2,2,2,2,4
ID_R361,1,1,1,1,1,1,6,3,2,3,2,2,2,2,2,2,2,2,2,2,2,2,2,2,1,1,1,1,1,1,5,3,5,5,5,2,2,2,4,1,5,5,1,1,1,1,1,1,1,1,2,2,2,2,1,1,2,2,2,2,2,1,5,5,5,5,5,1,1,3,2,2,3,2,4,2,5,2,5,2,2,2,2,2,2,2,5,1,4,4
ID_R362,2,1,1,1,2,1,1,2,1,1,1,1,1,4,5,1,1,5,5,5,1,5,5,1,1,1,1,1,1,1,5,3,5,5,5,5,5,5,3,3,4,3,3,3,3,3,3,3,3,3,5,5,5,5,4,4,5,5,5,5,5,1,5,5,5,5,5,1,1,2,3,1,1,1,1,1,1,1,1,1,4,1,1,1,1,3,5,5,4,3
ID_R363,2,1,1,2,3,5,1,1,4,4,5,3,5,1,5,5,3,1,3,1,3,5,3,1,1,1,4,1,1,3,5,5,5,3,5,5,3,5,3,5,1,1,3,5,5,3,5,5,5,3,3,3,3,5,2,4,3,5,3,5,3,5,1,3,3,1,1,3,3,2,3,3,1,5,2,2,2,3,2,3,4,1,3,4,4,4,2,5,4,3
ID_R364,1,1,1,1,1,2,2,1,5,4,5,5,5,5,1,5,5,1,1,1,5,5,5,1,1,5,4,4,5,3,5,3,3,3,3,5,5,5,5,5,1,1,3,5,3,5,5,5,5,5,1,5,5,5,4,5,1,5,5,5,5,1,5,5,1,1,1,5,5,2,4,4,4,5,1,1,4,4,5,4,4,1,1,4,1,3,5,2,4,1
ID_R365,1,1,1,2,1,1,1,1,1,1,5,5,1,4,1,5,1,1,1,1,5,5,5,1,5,4,1,1,1,1,5,3,5,1,1,1,1,1,5,5,1,1,5,5,5,5,5,5,5,5,1,1,1,1,5,5,1,1,1,1,1,5,1,1,1,1,1,5,5,1,1,3,3,3,2,3,2,3,2,2,3,3,3,3,2,4,5,4,5,3
ID_R366,1,1,1,2,1,1,4,2,1,4,2,2,1,4,1,1,1,1,1,5,5,5,1,3,3,5,1,1,4,1,3,4,5,3,4,3,5,5,3,5,4,4,3,5,1,4,2,1,5,3,2,1,1,2,4,2,3,5,1,3,1,2,2,5,5,5,5,2,1,1,2,2,3,1,2,2,2,2,1,2,3,1,1,2,4,2,3,5,5,2
ID_R367,1,1,6,2,4,1,4,3,3,4,3,3,3,1,3,3,3,3,3,3,3,3,3,3,4,5,4,4,5,3,3,5,3,3,3,3,3,3,3,3,4,3,3,3,3,3,3,3,3,3,3,3,3,3,2,2,3,3,3,3,3,3,3,3,3,3,3,3,3,1,3,1,2,2,1,3,1,3,2,2,2,2,2,2,2,2,2,2,2,1
ID_R368,1,3,6,2,1,2,4,2,1,1,1,1,1,4,5,1,1,5,5,5,1,1,1,5,5,4,5,5,4,5,1,1,1,1,1,1,1,1,3,1,5,5,1,1,1,1,1,1,1,1,1,1,1,1,5,5,1,1,1,1,1,3,5,5,5,5,5,1,1,1,1,3,3,3,2,3,2,3,2,3,3,3,3,3,4,4,4,4,4,5
ID_R369,1,1,6,2,1,3,4,3,3,3,4,4,4,3,4,4,4,4,4,4,4,4,4,4,4,3,3,3,3,4,4,4,4,4,4,4,4,4,4,4,3,4,4,4,3,4,4,4,4,4,4,4,4,4,3,3,3,4,3,3,3,3,3,3,4,3,4,4,4,3,2,2,3,3,2,3,2,2,3,2,2,2,2,2,2,2,3,3,3,2
ID_R370,1,3,6,2,1,2,1,2,3,3,4,4,4,3,4,4,4,4,4,4,4,4,4,4,4,3,3,3,3,4,4,4,4,4,4,4,4,4,4,4,3,4,4,4,4,4,4,4,4,4,4,4,4,4,3,3,4,4,4,4,4,4,4,4,4,4,4,4,4,3,2,2,2,2,4,2,3,2,3,2,2,2,2,2,2,2,3,3,3,4
ID_R371,1,3,6,2,1,2,3,2,3,3,4,4,4,3,4,4,4,4,4,4,4,4,4,4,4,3,3,3,3,4,4,4,4,4,4,4,4,4,4,4,3,4,4,4,4,4,4,4,4,4,4,4,4,4,3,3,4,4,4,4,4,4,4,4,4,4,4,4,4,3,2,2,2,2,4,2,3,2,3,2,2,2,2,2,2,2,3,3,3,5
ID_R372,1,1,6,1,4,11,4,4,2,2,1,5,3,4,5,1,3,1,1,4,3,3,3,4,1,1,3,4,5,4,3,5,4,3,4,3,5,3,4,3,4,3,4,3,4,3,3,4,3,3,3,3,3,3,2,2,3,4,4,3,3,3,3,4,3,3,4,3,3,4,4,3,1,3,2,3,3,5,2,3,2,2,3,4,4,4,2,2,2,5
ID_R373,1,1,1,2,2,1,4,3,3,3,4,4,4,3,4,4,4,4,4,4,3,4,3,4,4,5,3,3,3,4,4,4,4,3,4,4,4,3,4,4,4,4,4,3,4,4,4,3,4,3,4,4,4,4,3,2,4,4,4,3,4,4,4,4,4,4,4,3,4,3,1,2,2,3,2,2,2,2,2,3,2,2,2,2,2,2,2,3,2,1
ID_R374,1,3,6,2,1,1,3,2,5,5,5,5,5,1,1,3,5,3,3,3,5,3,5,3,1,5,4,1,1,1,5,3,5,5,3,3,3,5,5,5,1,1,5,3,3,5,3,3,3,3,5,3,3,3,4,4,3,3,5,3,3,1,1,1,3,3,3,5,3,1,1,1,3,1,4,1,1,1,2,1,3,1,3,1,4,4,5,5,4,1
ID_R375,1,1,6,2,1,1,2,3,3,3,4,4,3,1,3,3,3,3,4,4,4,4,3,3,4,5,4,3,5,4,3,4,3,4,4,3,3,3,4,3,4,3,4,4,4,3,3,3,4,4,4,3,3,3,3,2,4,4,3,3,3,3,3,4,4,4,4,4,4,3,2,2,2,3,2,2,3,2,3,2,2,2,2,2,2,2,3,2,2,1
ID_R376,1,1,6,2,1,5,1,2,3,3,4,4,4,3,4,4,4,4,4,4,4,4,4,4,4,3,3,3,3,4,4,4,4,4,4,4,4,4,4,4,3,4,4,4,4,4,4,4,4,4,4,4,4,4,3,3,4,4,4,4,4,4,4,4,4,4,4,4,4,3,2,2,2,2,4,2,3,2,3,2,2,2,2,2,2,2,3,3,3,1
ID_R377,1,3,6,2,1,2,1,2,1,1,1,1,1,4,5,1,1,5,5,5,1,1,1,5,5,4,5,5,4,5,1,1,1,1,1,1,1,1,3,1,5,5,1,1,1,1,1,1,1,1,1,1,1,1,5,5,1,1,1,1,1,1,5,5,5,5,5,1,1,1,1,3,3,3,2,3,2,3,2,3,3,3,3,3,4,4,4,4,4,5
ID_R378,1,3,6,2,1,2,1,1,3,3,4,4,4,3,4,4,4,4,4,4,4,4,4,4,4,3,3,3,3,4,4,4,4,4,4,4,4,4,4,4,3,4,4,4,4,4,4,4,4,4,4,4,4,4,3,3,4,4,4,4,4,4,4,4,4,4,4,4,4,3,2,2,2,2,4,2,3,2,3,2,2,2,2,2,2,2,3,3,3,1
ID_R379,1,1,6,2,1,6,5,3,4,4,3,3,3,1,3,3,3,3,3,3,3,3,3,3,3,5,4,4,5,3,3,5,3,3,3,3,3,3,3,3,4,3,3,3,3,3,3,3,3,3,3,3,3,3,2,2,3,3,3,3,3,3,3,3,3,3,3,3,3,1,1,3,3,3,2,3,2,3,2,3,3,3,3,3,4,4,2,2,2,5
ID_R380,1,3,6,2,1,1,6,2,4,4,3,3,3,1,3,3,3,3,3,3,3,3,3,3,3,5,4,4,5,3,3,5,3,3,3,3,3,3,3,3,4,3,3,3,3,3,3,3,3,3,3,3,3,3,2,2,3,3,3,3,3,3,3,3,3,3,3,3,3,2,3,1,1,1,1,1,1,1,1,3,1,1,1,1,4,3,2,2,2,5
ID_R381,1,1,6,2,4,1,3,2,4,4,3,3,3,1,3,3,3,3,3,3,3,3,3,3,3,5,4,4,5,3,3,5,3,3,3,3,3,3,3,3,4,3,3,3,3,3,3,3,3,3,3,3,3,3,2,2,3,3,3,3,3,3,3,3,3,3,3,3,3,1,1,3,3,3,2,3,2,3,2,3,3,3,3,3,4,4,2,2,2,1
ID_R382,1,3,6,2,4,2,3,2,3,3,4,3,3,3,4,3,4,4,3,4,4,4,3,3,3,5,4,4,3,4,4,5,3,3,4,3,4,4,4,4,3,4,3,3,4,3,4,3,4,4,4,3,3,4,2,2,3,3,4,3,4,4,4,3,3,3,3,3,3,1,1,2,3,3,4,3,2,2,3,3,2,2,3,2,2,2,2,3,2,5
ID_R383,1,3,1,2,1,1,3,2,4,4,3,3,3,1,3,3,3,3,3,3,3,3,3,3,3,5,4,4,5,3,3,5,3,3,3,3,3,3,3,3,4,3,3,3,3,3,3,3,3,3,3,3,3,3,2,2,3,3,3,3,3,3,3,3,3,3,3,3,3,1,1,3,3,3,2,3,2,3,2,1,4,1,1,1,1,3,2,2,2,3
ID_R384,1,3,6,2,1,3,6,2,3,4,3,3,3,1,3,3,3,3,3,3,3,3,3,3,3,5,4,4,5,3,3,5,3,3,3,3,3,3,3,3,3,3,3,3,3,3,3,3,3,3,3,3,3,3,2,2,3,3,3,3,3,4,3,3,3,3,3,3,3,1,1,3,3,3,2,3,2,3,2,3,3,3,3,3,4,4,2,2,2,1
ID_R385,1,1,6,2,4,1,3,3,3,3,4,4,4,3,4,4,4,4,4,4,4,4,4,4,3,5,4,4,5,3,3,5,3,3,3,3,3,3,3,3,4,3,3,3,3,3,3,3,3,3,3,3,3,3,2,2,3,3,3,3,3,3,3,3,3,3,3,3,3,1,1,3,3,3,2,3,2,3,2,2,2,2,2,2,2,4,3,2,2,1
ID_R386,1,1,6,2,4,1,3,3,3,3,4,4,4,3,3,4,4,3,3,4,4,4,4,4,4,3,3,4,3,3,3,4,4,4,4,4,4,4,4,1,3,4,4,4,4,4,4,3,4,4,4,4,3,4,3,3,4,4,4,4,4,4,4,4,4,4,4,4,4,3,1,1,1,1,1,4,4,1,4,2,2,2,1,3,1,4,3,3,3,4
ID_R387,1,1,6,2,1,1,3,3,4,4,3,3,3,1,3,3,3,3,3,3,3,3,3,3,1,1,4,4,5,3,3,5,3,3,3,3,3,3,3,3,4,3,3,3,3,3,3,3,3,3,3,3,3,3,2,2,3,3,3,3,3,3,3,3,3,3,3,3,3,1,1,3,3,3,2,3,2,3,2,3,3,3,3,3,4,4,2,2,2,5
ID_R388,1,1,6,2,1,1,5,2,4,4,3,3,3,1,3,3,3,3,3,3,3,3,3,3,3,5,4,4,5,3,3,5,3,3,3,3,3,3,3,3,4,3,3,3,3,3,3,3,3,3,3,3,3,3,2,2,3,3,3,3,3,3,3,3,3,3,3,3,3,3,2,3,3,3,2,3,3,2,2,3,3,3,3,3,2,2,2,2,2,5
ID_R389,1,1,1,2,1,1,3,1,3,3,4,4,4,3,4,4,4,4,4,4,4,4,4,4,4,3,3,3,3,4,4,4,4,4,4,4,4,4,4,4,3,4,4,4,4,4,4,4,4,4,4,4,4,4,3,3,4,4,4,4,4,4,4,4,4,4,4,4,4,3,1,3,2,3,2,3,2,3,2,3,3,3,3,3,4,4,3,3,3,4
ID_R390,1,1,6,2,1,1,3,3,4,4,3,5,5,1,1,3,5,3,1,3,5,3,3,3,1,5,4,4,5,1,3,4,4,3,4,4,3,4,3,3,4,4,4,4,4,3,4,3,3,3,4,3,4,3,2,4,4,3,3,3,4,4,3,4,4,4,3,3,4,3,2,2,2,2,4,2,3,2,3,2,2,2,2,2,2,2,2,2,3,5
ID_R391,1,3,6,2,1,3,6,2,4,5,5,3,5,5,1,3,3,3,3,3,3,5,5,1,5,4,5,5,1,1,5,3,5,3,3,5,3,3,3,5,4,3,3,3,3,3,3,3,5,5,5,3,5,3,2,4,5,5,5,5,5,1,1,1,1,1,1,3,3,2,1,3,3,3,4,3,2,3,2,3,3,3,3,3,4,4,5,5,5,5
ID_R392,1,3,1,1,1,3,3,1,4,4,3,3,3,1,3,3,3,3,3,3,3,3,3,3,3,5,4,4,5,3,3,5,3,3,3,3,3,3,3,3,4,1,3,3,3,3,3,3,3,3,3,5,3,3,4,4,3,5,3,4,4,4,3,3,3,3,3,5,3,1,1,3,3,3,2,3,2,3,2,3,3,3,3,3,4,2,3,2,2,5
ID_R393,1,3,6,2,1,2,4,2,5,5,5,5,5,5,1,5,5,1,1,1,5,5,5,1,1,1,1,1,1,1,5,3,5,5,5,5,5,5,5,5,1,1,5,5,5,5,5,5,5,5,5,5,5,5,4,4,5,5,5,5,5,5,1,1,1,1,1,5,5,2,3,1,1,1,1,1,1,1,1,3,4,1,1,1,4,3,5,5,5,1
ID_R394,1,3,6,2,3,1,4,1,4,4,3,3,5,1,3,5,3,3,3,3,3,3,3,3,3,5,4,1,1,3,5,5,4,3,3,3,3,3,3,3,4,3,3,3,3,3,3,3,3,3,3,3,3,3,2,2,3,3,3,3,3,3,3,3,3,3,3,3,3,1,1,2,3,3,1,3,2,3,2,3,2,3,3,3,2,4,2,2,2,1
ID_R395,1,1,1,2,1,3,4,3,4,4,4,4,3,3,3,3,4,4,4,4,3,3,4,4,4,3,4,4,3,4,3,5,4,4,4,3,4,4,4,4,4,3,3,4,4,4,4,4,4,4,4,3,4,3,2,3,4,3,3,4,3,4,4,4,3,3,4,4,3,3,2,3,3,2,4,3,2,2,2,3,2,2,2,3,2,2,3,2,1,1
ID_R396,1,1,6,2,1,2,4,1,3,4,3,3,3,1,3,3,3,3,3,3,3,3,3,3,1,5,4,4,5,3,3,5,3,3,3,3,3,3,3,3,4,3,3,3,3,3,3,3,3,3,3,3,3,3,2,2,3,3,3,3,3,3,3,3,3,3,3,3,3,1,1,3,3,3,2,3,2,3,2,3,3,3,3,3,4,4,2,2,2,1
ID_R397,1,4,6,1,4,3,6,3,3,3,4,4,4,3,4,4,4,4,4,4,4,4,4,4,4,3,3,3,3,4,4,4,4,4,4,4,4,4,4,4,3,4,4,4,4,4,4,4,4,4,4,4,4,4,3,3,4,4,4,4,4,4,4,4,4,4,4,4,4,3,2,2,2,2,4,2,3,2,3,2,2,2,2,2,4,2,3,3,3,4
ID_R398,1,1,6,2,2,1,2,1,3,5,5,5,3,5,1,5,5,1,3,1,1,5,3,3,3,1,1,5,4,5,1,1,1,1,1,1,1,1,5,5,1,1,5,5,5,5,5,5,5,5,5,5,1,5,4,4,3,5,5,5,5,5,1,5,5,1,1,5,5,1,1,3,1,1,2,1,1,1,1,3,4,3,3,3,4,3,2,4,5,5
ID_R399,1,3,6,2,1,1,6,2,3,3,4,4,4,3,4,4,4,3,4,3,4,3,4,3,4,5,3,4,3,3,4,5,4,3,4,3,4,3,4,3,3,3,4,3,4,3,4,3,4,3,4,3,4,3,3,2,4,3,4,3,4,3,4,3,4,3,4,3,4,3,1,2,3,2,2,2,2,2,2,2,3,2,3,2,4,2,3,3,2,3
ID_R400,1,3,1,2,1,1,1,4,3,3,4,4,4,3,4,4,4,4,4,4,4,4,4,4,3,5,4,1,5,4,3,5,3,3,4,5,3,4,4,4,1,3,3,5,3,3,5,4,3,5,4,4,4,4,3,3,4,4,4,4,4,3,3,4,4,4,4,4,4,3,2,2,2,2,4,2,3,2,3,2,2,2,2,2,2,2,3,3,2,4
ID_R401,1,1,1,2,1,1,4,1,4,4,3,3,3,4,3,3,3,3,3,3,3,3,3,3,5,4,5,5,4,3,1,1,1,1,1,1,1,1,3,3,4,3,3,3,3,3,3,3,3,3,3,1,3,3,2,2,3,3,3,3,3,1,3,3,3,3,3,3,3,3,1,2,3,3,2,2,2,3,3,2,2,2,2,2,2,2,2,4,2,5
ID_R402,1,3,6,4,1,2,1,2,3,4,3,3,3,1,3,3,3,3,3,3,3,3,3,4,5,5,4,4,5,3,3,5,3,3,3,3,3,3,3,3,4,3,3,3,3,3,3,3,3,3,3,4,3,3,2,2,3,3,3,3,3,3,3,5,5,5,3,3,3,2,3,1,3,3,1,2,2,2,2,2,4,1,3,1,4,3,2,2,2,5
ID_R403,1,3,1,1,2,2,2,1,4,4,3,3,3,1,3,3,5,1,1,1,5,5,5,1,1,1,1,1,4,5,1,1,5,1,1,1,1,1,5,5,5,1,1,1,1,1,1,1,1,1,5,5,5,5,4,4,5,5,5,5,5,5,1,5,5,5,5,1,1,2,3,1,1,5,3,5,5,4,4,4,1,1,4,4,3,1,2,4,5,5
ID_R404,1,3,6,2,1,1,1,2,1,5,1,1,5,4,5,5,3,3,5,5,5,3,1,1,1,4,5,1,4,1,5,5,1,3,1,5,1,5,3,1,1,1,5,3,1,3,5,1,3,5,5,3,1,5,4,5,1,1,3,5,1,1,1,1,3,5,5,3,5,2,1,1,1,5,2,3,1,2,1,2,2,3,1,3,2,2,5,2,5,5
ID_R405,1,3,6,2,1,1,3,1,4,4,3,3,3,1,3,3,3,3,3,3,3,3,3,3,3,5,4,4,5,3,3,5,3,3,3,3,3,3,3,3,4,3,3,3,3,3,3,3,3,3,3,3,3,3,2,2,3,3,3,3,3,5,1,3,3,3,3,3,3,1,3,1,1,1,2,1,1,3,2,3,4,1,3,1,4,3,2,2,2,5
ID_R406,1,1,6,2,1,1,4,2,4,3,4,4,3,1,4,3,3,4,3,4,3,3,3,4,4,3,4,4,3,3,4,5,3,3,3,4,4,3,4,3,4,3,3,3,3,3,3,3,4,3,4,4,3,3,2,2,4,3,4,3,3,4,4,4,3,3,3,3,3,1,2,3,3,2,4,3,2,2,2,2,2,2,3,2,2,2,3,3,2,1
ID_R407,1,1,6,2,1,1,4,1,3,4,3,3,3,1,3,5,3,3,3,1,3,3,3,3,1,1,4,4,1,3,5,5,3,3,4,4,4,4,5,3,4,1,3,3,5,3,5,3,3,5,3,3,3,4,2,2,5,3,3,3,5,3,4,3,3,1,3,3,5,2,1,3,3,3,2,3,2,3,2,3,3,3,2,2,1,4,2,2,2,1
ID_R408,1,1,6,2,4,1,6,2,4,4,3,3,3,1,3,3,3,3,3,3,3,3,3,3,3,5,4,4,5,3,3,5,3,3,3,3,3,3,3,3,4,3,3,3,3,3,3,3,3,3,3,3,3,3,2,2,3,3,3,3,3,3,3,3,3,3,3,3,3,1,1,3,3,3,2,3,2,3,2,3,3,3,3,3,4,4,2,2,2,1
ID_R409,1,1,6,2,1,1,4,2,5,5,3,5,3,5,1,5,3,1,3,1,3,3,5,1,3,5,1,4,5,1,3,5,5,3,5,3,5,3,1,3,1,3,5,3,3,5,3,3,3,5,5,3,5,1,2,2,5,5,3,5,5,3,1,1,3,4,3,3,5,2,3,4,4,4,3,1,1,4,1,2,2,1,3,2,4,4,5,2,2,5
ID_R410,1,3,6,2,2,5,6,2,4,4,3,3,3,1,3,3,3,3,3,3,3,3,3,3,1,5,4,4,5,3,3,5,3,3,3,3,3,3,3,3,4,3,3,3,3,3,3,3,3,3,3,3,3,3,2,2,3,3,3,3,3,3,3,3,3,3,3,3,3,1,1,3,3,3,2,3,2,3,2,2,3,3,3,3,4,4,2,2,2,5
ID_R411,1,1,6,2,1,1,1,2,4,4,4,3,3,3,3,3,3,3,3,3,3,3,3,4,3,1,4,4,1,3,3,5,3,3,4,4,4,3,3,3,4,4,3,4,3,3,3,3,3,4,3,3,4,3,2,2,3,3,3,4,4,4,4,4,4,4,3,3,3,3,2,2,2,2,4,2,3,2,3,2,2,2,2,2,2,2,3,3,2,1
ID_R412,1,1,6,2,4,1,3,1,4,4,3,3,3,1,3,3,3,3,3,3,3,3,3,3,1,1,3,3,5,3,3,5,4,3,3,3,4,4,4,4,3,4,4,4,4,4,4,4,4,4,4,4,3,3,2,2,3,3,3,3,3,3,3,3,3,3,3,3,3,2,3,1,1,3,2,3,2,3,2,2,2,2,2,2,2,2,2,3,2,1
ID_R413,1,1,6,2,1,1,4,2,3,3,4,4,3,3,4,4,4,4,4,4,4,4,4,4,3,5,3,3,3,4,4,4,4,4,4,4,4,4,3,3,4,4,4,4,4,3,4,4,4,4,4,3,3,3,2,2,3,3,3,3,3,3,3,3,3,3,3,3,3,1,1,3,3,3,2,3,2,3,2,3,3,3,3,3,4,4,3,3,2,1
ID_R414,1,1,6,2,1,1,6,1,4,4,3,3,3,1,3,3,3,3,3,3,3,3,3,3,3,5,4,4,5,3,3,5,3,3,3,3,3,3,3,3,4,3,3,3,3,3,3,3,3,3,3,3,3,3,2,2,3,3,3,3,3,3,3,3,3,3,3,3,3,1,1,3,3,3,4,3,2,2,2,2,3,2,2,2,2,2,2,2,2,1
ID_R415,1,1,1,2,2,1,4,3,3,3,4,4,4,3,4,4,4,4,4,4,4,4,4,4,4,3,3,3,3,4,4,4,4,4,4,4,4,4,4,4,3,4,4,4,4,4,4,4,4,4,4,4,4,4,3,3,4,4,4,4,4,4,4,4,4,4,4,4,4,3,2,3,2,3,4,2,3,2,3,2,2,2,3,2,4,4,3,3,3,4
ID_R416,1,1,6,2,1,2,4,3,3,3,4,4,4,3,4,4,4,4,4,4,4,4,4,4,4,3,3,3,3,4,4,4,4,4,4,4,4,4,4,4,3,4,4,4,4,4,4,4,4,4,4,4,4,4,3,3,4,4,4,4,4,4,4,4,4,4,3,4,3,1,2,3,2,3,2,2,2,2,3,2,2,2,3,2,4,2,3,3,3,1
ID_R417,1,1,6,2,4,3,3,1,4,4,3,3,3,1,3,3,3,3,3,3,3,3,3,3,3,5,4,4,5,3,3,5,3,3,3,3,3,3,3,3,4,3,3,3,3,3,3,3,3,3,3,3,3,3,2,2,3,3,3,3,3,3,3,3,3,3,3,3,3,1,1,3,3,3,2,3,2,3,2,3,3,3,3,3,4,4,2,2,2,1
ID_R418,1,1,6,2,4,1,3,2,4,4,3,5,3,1,3,3,3,3,3,3,3,3,3,3,3,5,4,4,5,3,3,5,3,3,3,3,3,3,3,3,4,3,3,3,3,3,3,3,3,3,3,3,3,3,2,2,3,3,3,3,3,3,3,3,3,3,3,3,3,1,3,3,3,3,2,3,2,3,2,3,3,3,3,3,4,4,2,2,2,5
ID_R419,1,1,6,2,4,1,3,2,4,4,3,3,3,1,3,3,3,3,3,3,3,3,3,3,5,4,4,4,5,3,3,5,3,3,3,3,3,3,3,3,4,3,3,3,3,3,3,3,3,3,3,3,3,3,2,2,3,3,3,3,3,3,3,3,3,3,3,3,3,1,2,3,2,2,4,2,3,2,3,2,2,2,2,2,2,2,2,2,2,1
ID_R420,1,1,6,2,1,1,5,1,3,3,4,4,4,3,4,4,4,4,4,4,4,4,4,4,4,3,3,3,3,4,4,4,4,4,4,4,4,4,4,4,3,4,4,4,4,4,4,4,4,4,4,4,4,4,3,3,4,4,4,4,4,4,4,4,4,4,4,4,4,1,2,2,2,2,4,2,3,2,3,2,2,2,2,2,2,2,3,3,3,5
ID_R421,1,1,6,2,1,1,4,1,3,3,4,4,4,3,4,4,4,4,4,4,4,4,4,4,4,3,3,3,3,4,4,4,4,4,4,4,4,4,4,4,3,4,4,4,4,4,4,4,4,4,4,4,4,4,3,3,4,4,4,4,4,4,4,4,4,4,4,4,4,3,2,2,2,2,4,2,3,2,3,2,2,2,2,2,2,2,3,3,3,5
ID_R422,1,3,6,2,1,2,1,2,3,3,4,4,4,3,4,4,4,4,4,4,4,4,4,4,4,3,3,3,3,4,4,4,4,4,4,4,4,4,4,4,3,4,4,4,4,4,4,4,4,4,4,4,4,4,3,3,4,4,4,4,4,4,4,4,4,4,4,4,4,3,2,2,2,2,4,2,3,2,3,2,2,2,2,2,4,4,3,3,3,5
ID_R423,1,1,6,2,1,1,6,2,5,4,3,5,3,1,3,3,3,3,3,3,3,3,3,3,1,1,1,1,1,1,5,3,5,5,5,5,5,5,5,5,1,1,5,5,5,5,5,5,5,5,5,5,5,3,2,4,5,5,3,5,3,3,1,1,1,1,1,5,5,3,1,3,3,3,2,3,2,3,2,3,3,3,3,3,4,4,2,5,5,5
ID_R424,1,1,6,2,4,2,3,3,4,4,3,3,3,1,3,3,3,3,3,3,3,3,3,3,3,5,4,4,5,3,3,5,3,3,3,3,3,3,3,3,4,3,5,3,3,3,3,3,3,3,3,3,3,3,2,2,3,3,3,3,3,3,3,3,3,3,3,3,3,1,1,3,3,3,2,3,2,3,2,3,3,3,3,3,4,4,2,2,2,5
ID_R425,1,1,6,2,4,1,3,3,4,4,4,3,4,1,3,4,3,3,3,3,3,3,4,4,4,3,4,3,5,3,3,5,4,3,4,3,3,4,4,3,4,3,3,3,3,3,4,5,3,3,3,3,3,3,2,2,3,3,3,3,3,4,3,3,3,3,3,4,3,1,1,3,3,3,1,2,2,2,2,2,2,3,1,3,4,2,2,2,5,5
ID_R426,1,1,6,2,1,5,4,1,5,4,1,5,3,5,1,5,3,1,1,1,5,5,5,1,1,1,1,1,1,1,5,3,5,5,5,5,5,5,5,5,1,1,5,5,5,5,5,5,5,5,5,5,5,5,4,4,5,5,5,5,5,5,1,1,1,1,1,5,5,2,4,4,1,4,3,4,1,1,2,3,2,2,2,3,2,2,5,5,5,1
ID_R427,1,1,6,2,1,6,5,3,4,4,3,3,3,1,3,3,3,3,3,3,3,3,3,3,3,5,4,4,5,3,3,5,3,3,3,3,3,3,3,3,4,3,3,3,3,3,3,3,3,3,3,3,3,3,2,2,3,3,3,3,3,3,3,3,3,3,3,3,3,1,1,3,3,3,2,3,2,3,2,3,3,3,3,3,4,4,2,2,2,1
ID_R428,1,1,6,2,1,2,6,2,4,4,3,3,3,1,3,3,3,3,3,3,3,3,3,3,3,5,4,4,5,3,3,5,3,3,3,3,3,3,3,3,4,3,3,3,3,3,3,3,3,3,3,3,3,3,2,2,3,3,3,3,3,3,3,3,3,3,3,3,3,1,2,3,3,3,2,3,2,3,2,3,4,3,3,3,4,4,2,2,2,5
ID_R429,1,1,6,2,1,2,3,1,5,1,1,1,1,5,1,5,5,1,1,1,5,5,5,1,5,4,4,4,5,3,3,5,3,3,3,3,3,3,3,3,4,3,3,3,3,3,3,3,3,3,3,3,3,3,2,2,3,3,3,3,3,3,3,3,3,3,3,3,3,2,4,4,4,5,3,4,4,4,4,1,4,1,1,1,1,3,5,2,2,1
ID_R430,1,1,6,2,4,3,6,3,3,4,3,3,3,1,3,3,3,3,3,3,3,3,3,3,3,5,4,3,3,4,4,4,4,4,4,4,4,4,4,4,3,4,4,4,4,4,4,4,4,4,4,4,4,4,3,3,4,4,4,4,4,4,4,4,4,4,4,4,4,3,2,2,2,2,4,2,3,2,3,2,2,2,2,2,2,2,2,3,3,4
ID_R431,1,1,6,2,1,1,1,3,3,3,4,4,3,3,4,4,4,4,4,4,4,4,4,4,4,3,3,3,3,4,4,4,3,3,4,4,3,4,4,4,3,4,4,4,4,4,4,4,4,4,4,4,3,3,2,2,4,4,4,4,4,4,3,3,3,3,3,3,3,3,2,3,3,3,2,3,2,3,1,3,2,2,2,3,4,2,3,3,3,1
ID_R432,1,1,6,2,1,1,4,2,3,3,4,4,4,3,4,4,4,4,4,4,4,4,4,4,4,3,3,3,3,4,4,4,4,4,4,4,4,4,4,4,3,4,4,4,4,4,4,4,4,4,4,4,4,4,3,3,4,4,4,4,4,4,4,4,4,4,4,4,4,3,2,2,2,2,4,2,3,2,3,2,2,2,2,2,2,2,3,3,3,1
ID_R433,1,1,6,2,1,1,3,2,1,5,5,5,5,5,1,5,5,1,1,1,5,5,5,1,1,1,1,1,1,1,5,3,5,5,5,5,5,5,5,5,1,1,5,5,5,5,5,5,5,5,5,5,5,5,4,4,5,5,5,5,5,5,1,1,1,1,1,5,5,1,2,3,3,2,2,3,2,3,2,3,2,3,3,3,2,4,5,5,5,5
ID_R434,1,3,6,2,1,1,4,1,5,5,5,5,5,5,1,1,5,1,1,1,5,5,5,1,5,4,1,1,1,1,5,3,5,5,5,1,1,5,5,1,5,1,5,5,5,5,5,1,5,5,5,5,5,5,5,4,5,5,5,5,5,5,1,1,1,1,1,5,5,1,3,3,3,3,1,3,2,3,2,3,3,3,1,3,1,4,5,5,5,1
ID_R435,1,1,6,2,1,1,5,1,4,4,3,3,3,1,3,3,3,1,1,3,5,3,5,3,3,5,4,4,5,3,3,5,3,3,3,3,3,3,3,5,3,3,3,3,3,3,3,3,3,3,3,4,4,4,2,3,3,4,4,3,4,4,3,4,3,4,3,4,3,2,1,1,1,1,2,1,2,1,2,2,2,2,2,2,2,2,2,2,3,5
ID_R436,1,1,6,2,1,2,1,2,4,4,3,3,3,1,3,3,3,3,3,3,3,3,3,3,5,1,1,4,5,3,3,5,3,3,3,3,3,3,3,3,4,3,3,3,3,3,3,3,3,3,3,3,3,3,2,2,3,3,3,3,3,3,3,3,3,3,3,3,3,1,4,1,1,1,2,1,1,1,1,1,4,1,1,1,1,3,2,2,2,5
ID_R437,1,1,6,2,1,1,4,3,4,4,3,3,3,1,3,3,3,3,3,3,3,3,3,3,3,5,4,4,5,3,3,5,3,3,3,3,3,3,3,3,4,3,3,3,3,3,3,3,3,3,4,3,3,3,2,2,3,3,3,3,3,3,3,3,3,3,3,3,3,1,4,3,4,4,3,3,2,3,4,2,3,3,4,4,4,4,2,2,2,5
ID_R438,1,1,1,2,4,1,3,3,3,3,3,3,4,3,2,5,5,4,5,1,5,5,4,4,4,2,5,3,1,1,4,4,3,3,5,3,5,4,3,4,3,3,3,3,3,3,3,3,3,3,3,3,3,3,2,2,3,3,3,3,3,4,4,4,4,4,4,4,4,4,4,4,4,5,3,1,4,4,4,2,2,4,4,4,4,1,2,5,2,4
ID_R439,1,1,6,2,4,1,4,3,3,3,4,4,4,3,4,4,4,4,4,4,4,4,4,4,4,3,3,3,3,4,4,4,4,4,4,4,4,4,4,4,3,4,4,4,4,4,4,4,4,4,4,4,4,4,3,3,4,4,4,4,4,4,4,4,4,4,4,4,4,3,2,2,2,2,4,2,3,2,3,2,2,2,2,2,2,2,3,3,3,3
ID_R440,1,3,6,2,1,2,3,2,4,4,3,3,3,1,3,3,3,3,3,3,3,3,3,3,3,5,4,4,5,1,5,5,3,4,3,5,3,5,4,3,3,3,3,3,5,4,3,4,4,3,3,4,4,5,2,3,3,4,5,3,5,3,3,1,3,4,4,3,5,3,2,3,1,3,2,2,2,1,1,2,3,3,1,1,4,2,2,2,2,1
ID_R441,1,1,6,2,4,1,3,1,3,3,4,4,4,3,4,4,4,4,4,4,4,4,4,4,4,3,3,3,3,4,4,4,4,4,4,4,4,4,4,4,3,4,4,4,4,4,4,4,4,4,4,4,4,4,3,3,4,4,4,4,4,4,4,4,4,4,4,4,4,3,2,2,2,2,4,2,3,2,3,2,2,2,2,2,2,2,3,3,3,1
ID_R442,1,2,1,3,3,1,4,1,5,5,5,5,3,5,5,5,1,1,3,3,3,5,1,1,1,5,1,5,4,3,3,5,3,3,5,5,3,5,5,5,1,1,5,5,3,3,5,1,1,1,5,3,1,3,5,2,5,5,1,3,1,5,1,3,3,3,3,5,3,2,3,1,3,5,3,4,4,1,4,4,1,1,4,4,3,1,2,5,2,1
ID_R443,1,1,1,2,2,1,4,2,3,3,4,3,4,3,3,4,4,4,4,4,4,4,4,4,4,3,3,3,3,4,3,4,3,4,4,4,4,4,4,4,3,4,4,4,4,4,4,4,4,4,4,4,4,4,3,3,4,3,4,4,3,4,3,4,4,4,3,4,4,3,2,2,2,3,4,2,3,2,3,2,2,2,2,2,2,2,3,2,3,5
ID_R444,1,1,6,2,1,1,4,1,4,1,1,5,1,4,1,1,1,1,5,1,1,5,5,5,5,1,5,5,1,5,1,1,1,5,5,3,5,1,5,1,5,5,1,1,1,1,1,1,1,1,1,1,1,1,5,5,5,5,1,5,1,5,5,5,5,3,5,5,5,1,1,3,3,3,2,3,2,3,2,3,4,3,3,1,4,4,4,5,4,5
ID_R445,1,3,6,3,1,2,6,2,3,3,4,3,3,1,3,3,3,3,4,3,3,3,4,3,1,5,1,1,5,3,5,3,5,3,5,5,5,5,3,3,4,3,3,3,3,3,3,3,3,3,3,3,3,3,2,2,3,3,3,3,3,3,3,3,3,3,3,3,3,3,2,3,3,3,2,3,3,2,3,2,2,2,2,3,2,2,2,2,2,5
ID_R446,1,1,6,2,1,1,3,4,3,3,4,4,4,3,4,4,4,4,4,4,4,4,4,4,4,3,3,3,3,4,4,4,4,4,4,4,4,4,4,4,3,4,4,4,4,4,4,4,4,4,4,4,4,4,3,3,4,4,4,4,4,4,4,4,4,4,4,4,4,3,2,2,2,2,4,2,3,2,3,2,2,2,2,2,2,2,3,3,3,4
ID_R447,1,1,6,2,2,1,3,2,3,3,4,3,3,1,3,3,3,3,3,3,3,3,3,3,3,5,4,4,5,3,3,5,4,4,4,3,3,3,3,3,4,3,4,4,3,4,4,4,3,3,3,3,4,3,2,3,4,3,4,3,3,3,3,3,3,3,3,3,3,3,2,2,2,2,4,2,3,2,3,2,2,2,2,2,2,2,2,3,2,5
ID_R448,1,1,6,2,1,2,3,3,3,3,4,4,4,3,4,4,4,4,4,4,4,4,4,4,4,3,3,3,3,4,4,4,4,4,4,4,4,4,4,4,3,4,4,4,4,4,4,4,4,4,4,4,4,4,3,3,4,4,4,4,4,4,4,4,4,4,4,4,4,3,2,2,2,2,4,2,3,2,3,2,2,2,2,2,2,2,3,3,3,1
ID_R449,1,1,6,2,1,1,4,1,3,3,4,4,4,3,4,4,4,4,3,3,4,3,4,3,3,5,4,4,3,3,3,3,3,3,3,3,3,3,3,3,4,3,3,3,4,4,3,3,3,3,4,4,4,3,3,3,4,3,4,3,4,3,3,1,3,3,3,3,3,1,1,1,1,1,2,1,2,3,1,3,3,3,3,1,4,4,3,2,2,1
ID_R450,1,1,1,2,1,1,6,1,4,3,4,3,3,1,3,3,3,3,3,3,3,3,3,3,3,5,4,4,5,3,3,5,3,3,3,3,3,3,3,3,4,3,3,3,3,3,3,3,3,3,3,3,3,3,2,2,3,3,3,3,3,3,3,3,3,3,3,3,3,1,1,3,3,3,2,3,2,3,2,3,3,3,3,3,4,4,2,2,2,4
ID_R451,1,1,6,2,1,2,5,1,5,5,5,5,5,5,1,5,5,1,1,1,5,5,5,1,1,1,1,1,1,1,5,3,5,5,5,5,5,5,5,5,1,1,5,5,5,5,5,5,5,5,5,5,5,5,4,4,5,5,5,5,5,5,1,1,1,1,1,5,5,3,2,2,2,2,4,2,3,2,3,2,2,2,2,2,2,2,5,5,5,1
